scenario,replicate,seed,posterior,family,K,param,estimate,truth,rel_bias_pct,marginal_ll,mean_ess,n_steps_run,converged,secs,cpu_secs
dense,0,3000,free,gaussian,1,CL,2.980658549246719,3.0,-0.6447150251093733,-198.95652513532366,1054.0554993960745,4250,True,2.1541528701782227,1.944918
dense,0,3000,free,gaussian,1,V,30.487379157670283,30.0,1.6245971922342761,-198.95652513532366,1054.0554993960745,4250,True,2.1541528701782227,1.944918
dense,0,3000,free,gaussian,1,ka,1.191273160097924,1.2,-0.727236658506325,-198.95652513532366,1054.0554993960745,4250,True,2.1541528701782227,1.944918
dense,0,3000,free,gaussian,1,om_CL,0.3254100398367606,0.3,8.4700132789202,-198.95652513532366,1054.0554993960745,4250,True,2.1541528701782227,1.944918
dense,0,3000,free,gaussian,1,om_V,0.1985201188674704,0.2,-0.7399405662648073,-198.95652513532366,1054.0554993960745,4250,True,2.1541528701782227,1.944918
dense,0,3000,free,gaussian,1,om_ka,0.27661637731854455,0.4,-30.845905670363866,-198.95652513532366,1054.0554993960745,4250,True,2.1541528701782227,1.944918
dense,0,3000,free,gaussian,1,sigma,0.2174472693422681,0.2,8.723634671134045,-198.95652513532366,1054.0554993960745,4250,True,2.1541528701782227,1.944918
dense,0,3000,free,gaussian,8,CL,2.9384144778235624,3.0,-2.052850739214588,-194.05409727323968,1586.9370916795567,2500,True,1.447510004043579,1.4114940000000002
dense,0,3000,free,gaussian,8,V,30.18726134284122,30.0,0.6242044761374052,-194.05409727323968,1586.9370916795567,2500,True,1.447510004043579,1.4114940000000002
dense,0,3000,free,gaussian,8,ka,1.141460642561531,1.2,-4.878279786539078,-194.05409727323968,1586.9370916795567,2500,True,1.447510004043579,1.4114940000000002
dense,0,3000,free,gaussian,8,om_CL,0.3339204983424787,0.3,11.306832780826246,-194.05409727323968,1586.9370916795567,2500,True,1.447510004043579,1.4114940000000002
dense,0,3000,free,gaussian,8,om_V,0.21038294079480035,0.2,5.191470397400171,-194.05409727323968,1586.9370916795567,2500,True,1.447510004043579,1.4114940000000002
dense,0,3000,free,gaussian,8,om_ka,0.3254447080990848,0.4,-18.6388229752288,-194.05409727323968,1586.9370916795567,2500,True,1.447510004043579,1.4114940000000002
dense,0,3000,free,gaussian,8,sigma,0.204988957144693,0.2,2.4944785723464977,-194.05409727323968,1586.9370916795567,2500,True,1.447510004043579,1.4114940000000002
dense,0,3000,free,gaussian,64,CL,2.882260635069071,3.0,-3.9246454976976284,-193.23283885200618,1574.2199528052283,4750,True,8.486645936965942,8.353496
dense,0,3000,free,gaussian,64,V,30.122279160960076,30.0,0.40759720320025394,-193.23283885200618,1574.2199528052283,4750,True,8.486645936965942,8.353496
dense,0,3000,free,gaussian,64,ka,1.1538831111910073,1.2,-3.8430740674160564,-193.23283885200618,1574.2199528052283,4750,True,8.486645936965942,8.353496
dense,0,3000,free,gaussian,64,om_CL,0.3314459634937694,0.3,10.481987831256479,-193.23283885200618,1574.2199528052283,4750,True,8.486645936965942,8.353496
dense,0,3000,free,gaussian,64,om_V,0.21444185214650843,0.2,7.22092607325421,-193.23283885200618,1574.2199528052283,4750,True,8.486645936965942,8.353496
dense,0,3000,free,gaussian,64,om_ka,0.377514700622121,0.4,-5.621324844469755,-193.23283885200618,1574.2199528052283,4750,True,8.486645936965942,8.353496
dense,0,3000,free,gaussian,64,sigma,0.1999363980478429,0.2,-0.031800976078549814,-193.23283885200618,1574.2199528052283,4750,True,8.486645936965942,8.353496
dense,0,3000,amortized,gaussian,1,CL,2.9802286917925978,3.0,-0.6590436069134084,-212.82564790161112,1084.8925482293266,23250,True,12.873901128768921,12.675562000000001
dense,0,3000,amortized,gaussian,1,V,29.87416069185378,30.0,-0.419464360487396,-212.82564790161112,1084.8925482293266,23250,True,12.873901128768921,12.675562000000001
dense,0,3000,amortized,gaussian,1,ka,1.2201300247347053,1.2,1.677502061225448,-212.82564790161112,1084.8925482293266,23250,True,12.873901128768921,12.675562000000001
dense,0,3000,amortized,gaussian,1,om_CL,0.30666530429633443,0.3,2.221768098778147,-212.82564790161112,1084.8925482293266,23250,True,12.873901128768921,12.675562000000001
dense,0,3000,amortized,gaussian,1,om_V,0.1924018916295015,0.2,-3.7990541852492563,-212.82564790161112,1084.8925482293266,23250,True,12.873901128768921,12.675562000000001
dense,0,3000,amortized,gaussian,1,om_ka,0.24791685257003424,0.4,-38.020786857491444,-212.82564790161112,1084.8925482293266,23250,True,12.873901128768921,12.675562000000001
dense,0,3000,amortized,gaussian,1,sigma,0.2447504283211911,0.2,22.37521416059554,-212.82564790161112,1084.8925482293266,23250,True,12.873901128768921,12.675562000000001
dense,0,3000,amortized,gaussian,8,CL,2.9352700906614078,3.0,-2.1576636446197415,-193.36829775300515,1746.4831405274972,14750,True,10.627622365951538,10.499939999999999
dense,0,3000,amortized,gaussian,8,V,30.148927799092604,30.0,0.49642599697534706,-193.36829775300515,1746.4831405274972,14750,True,10.627622365951538,10.499939999999999
dense,0,3000,amortized,gaussian,8,ka,1.154445194686134,1.2,-3.7962337761554927,-193.36829775300515,1746.4831405274972,14750,True,10.627622365951538,10.499939999999999
dense,0,3000,amortized,gaussian,8,om_CL,0.33399979626183224,0.3,11.33326542061075,-193.36829775300515,1746.4831405274972,14750,True,10.627622365951538,10.499939999999999
dense,0,3000,amortized,gaussian,8,om_V,0.1975419130996839,0.2,-1.2290434501580487,-193.36829775300515,1746.4831405274972,14750,True,10.627622365951538,10.499939999999999
dense,0,3000,amortized,gaussian,8,om_ka,0.368717532304711,0.4,-7.820616923822256,-193.36829775300515,1746.4831405274972,14750,True,10.627622365951538,10.499939999999999
dense,0,3000,amortized,gaussian,8,sigma,0.20334117779765531,0.2,1.6705888988276518,-193.36829775300515,1746.4831405274972,14750,True,10.627622365951538,10.499939999999999
dense,0,3000,amortized,gaussian,64,CL,2.9220345704606747,3.0,-2.5988476513108427,-192.8103585796443,1726.6163645305946,3500,True,7.1700708866119385,7.081755999999999
dense,0,3000,amortized,gaussian,64,V,29.753087329378705,30.0,-0.823042235404318,-192.8103585796443,1726.6163645305946,3500,True,7.1700708866119385,7.081755999999999
dense,0,3000,amortized,gaussian,64,ka,1.1693028795782607,1.2,-2.5580933684782687,-192.8103585796443,1726.6163645305946,3500,True,7.1700708866119385,7.081755999999999
dense,0,3000,amortized,gaussian,64,om_CL,0.32857365523490417,0.3,9.524551744968061,-192.8103585796443,1726.6163645305946,3500,True,7.1700708866119385,7.081755999999999
dense,0,3000,amortized,gaussian,64,om_V,0.20959349220793322,0.2,4.796746103966603,-192.8103585796443,1726.6163645305946,3500,True,7.1700708866119385,7.081755999999999
dense,0,3000,amortized,gaussian,64,om_ka,0.37058462283262683,0.4,-7.353844291843298,-192.8103585796443,1726.6163645305946,3500,True,7.1700708866119385,7.081755999999999
dense,0,3000,amortized,gaussian,64,sigma,0.2002976499664565,0.2,0.14882498322824067,-192.8103585796443,1726.6163645305946,3500,True,7.1700708866119385,7.081755999999999
dense,1,3001,free,gaussian,1,CL,2.978562144736001,3.0,-0.7145951754666294,-202.0434937116018,2870.0369284882754,10250,True,3.7275261878967285,3.6844390000000047
dense,1,3001,free,gaussian,1,V,28.755672910755514,30.0,-4.147756964148286,-202.0434937116018,2870.0369284882754,10250,True,3.7275261878967285,3.6844390000000047
dense,1,3001,free,gaussian,1,ka,1.103387405391546,1.2,-8.051049550704496,-202.0434937116018,2870.0369284882754,10250,True,3.7275261878967285,3.6844390000000047
dense,1,3001,free,gaussian,1,om_CL,0.3120765959601667,0.3,4.025531986722231,-202.0434937116018,2870.0369284882754,10250,True,3.7275261878967285,3.6844390000000047
dense,1,3001,free,gaussian,1,om_V,0.04700991870601888,0.2,-76.49504064699056,-202.0434937116018,2870.0369284882754,10250,True,3.7275261878967285,3.6844390000000047
dense,1,3001,free,gaussian,1,om_ka,0.48312084854630694,0.4,20.78021213657673,-202.0434937116018,2870.0369284882754,10250,True,3.7275261878967285,3.6844390000000047
dense,1,3001,free,gaussian,1,sigma,0.22598513993509292,0.2,12.992569967546453,-202.0434937116018,2870.0369284882754,10250,True,3.7275261878967285,3.6844390000000047
dense,1,3001,free,gaussian,8,CL,3.0010982332471157,3.0,0.03660777490385551,-186.3773090383564,1833.8839894827754,10750,True,5.687042713165283,5.608674000000001
dense,1,3001,free,gaussian,8,V,29.657242874012937,30.0,-1.1425237532902106,-186.3773090383564,1833.8839894827754,10750,True,5.687042713165283,5.608674000000001
dense,1,3001,free,gaussian,8,ka,1.1420162130491165,1.2,-4.831982245906955,-186.3773090383564,1833.8839894827754,10750,True,5.687042713165283,5.608674000000001
dense,1,3001,free,gaussian,8,om_CL,0.3119635874364515,0.3,3.9878624788171613,-186.3773090383564,1833.8839894827754,10750,True,5.687042713165283,5.608674000000001
dense,1,3001,free,gaussian,8,om_V,0.14271608120692825,0.2,-28.64195939653588,-186.3773090383564,1833.8839894827754,10750,True,5.687042713165283,5.608674000000001
dense,1,3001,free,gaussian,8,om_ka,0.42685784760351164,0.4,6.714461900877905,-186.3773090383564,1833.8839894827754,10750,True,5.687042713165283,5.608674000000001
dense,1,3001,free,gaussian,8,sigma,0.20580288731572574,0.2,2.9014436578628646,-186.3773090383564,1833.8839894827754,10750,True,5.687042713165283,5.608674000000001
dense,1,3001,free,gaussian,64,CL,3.0225947854710924,3.0,0.7531595157030798,-186.21573935157647,1715.7121269979023,6250,True,11.196506977081299,11.030644000000002
dense,1,3001,free,gaussian,64,V,28.900719131417404,30.0,-3.6642695619419876,-186.21573935157647,1715.7121269979023,6250,True,11.196506977081299,11.030644000000002
dense,1,3001,free,gaussian,64,ka,1.1501157503018304,1.2,-4.157020808180793,-186.21573935157647,1715.7121269979023,6250,True,11.196506977081299,11.030644000000002
dense,1,3001,free,gaussian,64,om_CL,0.3140667598822298,0.3,4.688919960743276,-186.21573935157647,1715.7121269979023,6250,True,11.196506977081299,11.030644000000002
dense,1,3001,free,gaussian,64,om_V,0.16193362155121974,0.2,-19.033189224390135,-186.21573935157647,1715.7121269979023,6250,True,11.196506977081299,11.030644000000002
dense,1,3001,free,gaussian,64,om_ka,0.42904155909255315,0.4,7.260389773138281,-186.21573935157647,1715.7121269979023,6250,True,11.196506977081299,11.030644000000002
dense,1,3001,free,gaussian,64,sigma,0.20571968431499826,0.2,2.859842157499126,-186.21573935157647,1715.7121269979023,6250,True,11.196506977081299,11.030644000000002
dense,1,3001,amortized,gaussian,1,CL,2.9973793226121184,3.0,-0.08735591292938771,-205.99513805709475,3741.5785664416103,25000,False,13.3842031955719,13.295313
dense,1,3001,amortized,gaussian,1,V,28.776388836029792,30.0,-4.078703879900694,-205.99513805709475,3741.5785664416103,25000,False,13.3842031955719,13.295313
dense,1,3001,amortized,gaussian,1,ka,1.104692168494822,1.2,-7.942319292098154,-205.99513805709475,3741.5785664416103,25000,False,13.3842031955719,13.295313
dense,1,3001,amortized,gaussian,1,om_CL,0.3115060637110074,0.3,3.8353545703358103,-205.99513805709475,3741.5785664416103,25000,False,13.3842031955719,13.295313
dense,1,3001,amortized,gaussian,1,om_V,0.008630487074250626,0.2,-95.68475646287469,-205.99513805709475,3741.5785664416103,25000,False,13.3842031955719,13.295313
dense,1,3001,amortized,gaussian,1,om_ka,0.508407154118197,0.4,27.101788529549253,-205.99513805709475,3741.5785664416103,25000,False,13.3842031955719,13.295313
dense,1,3001,amortized,gaussian,1,sigma,0.22665938105257066,0.2,13.329690526285324,-205.99513805709475,3741.5785664416103,25000,False,13.3842031955719,13.295313
dense,1,3001,amortized,gaussian,8,CL,2.9808199685603594,3.0,-0.6393343813213548,-186.2552941612177,1738.8915999557673,25000,False,17.644730806350708,17.495001000000002
dense,1,3001,amortized,gaussian,8,V,29.428963959082754,30.0,-1.903453469724153,-186.2552941612177,1738.8915999557673,25000,False,17.644730806350708,17.495001000000002
dense,1,3001,amortized,gaussian,8,ka,1.1663850909794171,1.2,-2.8012424183819036,-186.2552941612177,1738.8915999557673,25000,False,17.644730806350708,17.495001000000002
dense,1,3001,amortized,gaussian,8,om_CL,0.31016602038705554,0.3,3.388673462351851,-186.2552941612177,1738.8915999557673,25000,False,17.644730806350708,17.495001000000002
dense,1,3001,amortized,gaussian,8,om_V,0.1469210904771081,0.2,-26.53945476144595,-186.2552941612177,1738.8915999557673,25000,False,17.644730806350708,17.495001000000002
dense,1,3001,amortized,gaussian,8,om_ka,0.44215768307750053,0.4,10.539420769375127,-186.2552941612177,1738.8915999557673,25000,False,17.644730806350708,17.495001000000002
dense,1,3001,amortized,gaussian,8,sigma,0.20364728649651537,0.2,1.823643248257678,-186.2552941612177,1738.8915999557673,25000,False,17.644730806350708,17.495001000000002
dense,1,3001,amortized,gaussian,64,CL,2.9400537175738055,3.0,-1.9982094142064828,-186.2267853658256,1933.9403213931848,13750,True,27.426239013671875,27.127038999999996
dense,1,3001,amortized,gaussian,64,V,29.348785825695046,30.0,-2.1707139143498466,-186.2267853658256,1933.9403213931848,13750,True,27.426239013671875,27.127038999999996
dense,1,3001,amortized,gaussian,64,ka,1.1800633980649526,1.2,-1.6613834945872763,-186.2267853658256,1933.9403213931848,13750,True,27.426239013671875,27.127038999999996
dense,1,3001,amortized,gaussian,64,om_CL,0.3080811874733761,0.3,2.6937291577920353,-186.2267853658256,1933.9403213931848,13750,True,27.426239013671875,27.127038999999996
dense,1,3001,amortized,gaussian,64,om_V,0.1612881104735125,0.2,-19.35594476324376,-186.2267853658256,1933.9403213931848,13750,True,27.426239013671875,27.127038999999996
dense,1,3001,amortized,gaussian,64,om_ka,0.42396391447645915,0.4,5.990978619114782,-186.2267853658256,1933.9403213931848,13750,True,27.426239013671875,27.127038999999996
dense,1,3001,amortized,gaussian,64,sigma,0.20209246013284232,0.2,1.0462300664211555,-186.2267853658256,1933.9403213931848,13750,True,27.426239013671875,27.127038999999996
dense,2,3002,free,gaussian,1,CL,2.91793640968588,3.0,-2.7354530104706676,-203.39350444839704,1147.3589159182889,9500,True,3.464346170425415,3.429937999999993
dense,2,3002,free,gaussian,1,V,30.4825170843018,30.0,1.6083902810060025,-203.39350444839704,1147.3589159182889,9500,True,3.464346170425415,3.429937999999993
dense,2,3002,free,gaussian,1,ka,1.2230633931294508,1.2,1.9219494274542357,-203.39350444839704,1147.3589159182889,9500,True,3.464346170425415,3.429937999999993
dense,2,3002,free,gaussian,1,om_CL,0.3073725858892691,0.3,2.4575286297563634,-203.39350444839704,1147.3589159182889,9500,True,3.464346170425415,3.429937999999993
dense,2,3002,free,gaussian,1,om_V,0.20340867896930728,0.2,1.7043394846536357,-203.39350444839704,1147.3589159182889,9500,True,3.464346170425415,3.429937999999993
dense,2,3002,free,gaussian,1,om_ka,0.30694892467637414,0.4,-23.26276883090647,-203.39350444839704,1147.3589159182889,9500,True,3.464346170425415,3.429937999999993
dense,2,3002,free,gaussian,1,sigma,0.2176070494299824,0.2,8.803524714991196,-203.39350444839704,1147.3589159182889,9500,True,3.464346170425415,3.429937999999993
dense,2,3002,free,gaussian,8,CL,2.9460016252012466,3.0,-1.7999458266251118,-193.95170287939504,1584.9211258222022,7500,True,3.9071531295776367,3.8739209999999957
dense,2,3002,free,gaussian,8,V,29.80511232125052,30.0,-0.6496255958316036,-193.95170287939504,1584.9211258222022,7500,True,3.9071531295776367,3.8739209999999957
dense,2,3002,free,gaussian,8,ka,1.2044721907168463,1.2,0.3726825597371956,-193.95170287939504,1584.9211258222022,7500,True,3.9071531295776367,3.8739209999999957
dense,2,3002,free,gaussian,8,om_CL,0.3128223906545104,0.3,4.274130218170136,-193.95170287939504,1584.9211258222022,7500,True,3.9071531295776367,3.8739209999999957
dense,2,3002,free,gaussian,8,om_V,0.21954759880168045,0.2,9.773799400840222,-193.95170287939504,1584.9211258222022,7500,True,3.9071531295776367,3.8739209999999957
dense,2,3002,free,gaussian,8,om_ka,0.39598074463643357,0.4,-1.0048138408916134,-193.95170287939504,1584.9211258222022,7500,True,3.9071531295776367,3.8739209999999957
dense,2,3002,free,gaussian,8,sigma,0.19795752138410927,0.2,-1.0212393079453708,-193.95170287939504,1584.9211258222022,7500,True,3.9071531295776367,3.8739209999999957
dense,2,3002,free,gaussian,64,CL,2.909253830686656,3.0,-3.0248723104448003,-193.59771028707348,1781.7628101495711,10250,True,17.890056133270264,17.661104999999992
dense,2,3002,free,gaussian,64,V,30.767196606092366,30.0,2.557322020307886,-193.59771028707348,1781.7628101495711,10250,True,17.890056133270264,17.661104999999992
dense,2,3002,free,gaussian,64,ka,1.2131784575204916,1.2,1.0982047933743022,-193.59771028707348,1781.7628101495711,10250,True,17.890056133270264,17.661104999999992
dense,2,3002,free,gaussian,64,om_CL,0.31428689630528506,0.3,4.762298768428356,-193.59771028707348,1781.7628101495711,10250,True,17.890056133270264,17.661104999999992
dense,2,3002,free,gaussian,64,om_V,0.228614539731532,0.2,14.307269865766,-193.59771028707348,1781.7628101495711,10250,True,17.890056133270264,17.661104999999992
dense,2,3002,free,gaussian,64,om_ka,0.41143076098415976,0.4,2.8576902460399345,-193.59771028707348,1781.7628101495711,10250,True,17.890056133270264,17.661104999999992
dense,2,3002,free,gaussian,64,sigma,0.19605455460845048,0.2,-1.9727226957747672,-193.59771028707348,1781.7628101495711,10250,True,17.890056133270264,17.661104999999992
dense,2,3002,amortized,gaussian,1,CL,2.9115128717884375,3.0,-2.9495709403854153,-209.89581552486288,824.8285730973979,25000,False,13.591763257980347,13.462105000000008
dense,2,3002,amortized,gaussian,1,V,31.02976081315702,30.0,3.4325360438567287,-209.89581552486288,824.8285730973979,25000,False,13.591763257980347,13.462105000000008
dense,2,3002,amortized,gaussian,1,ka,1.263067933552661,1.2,5.255661129388412,-209.89581552486288,824.8285730973979,25000,False,13.591763257980347,13.462105000000008
dense,2,3002,amortized,gaussian,1,om_CL,0.29333387920296417,0.3,-2.2220402656786082,-209.89581552486288,824.8285730973979,25000,False,13.591763257980347,13.462105000000008
dense,2,3002,amortized,gaussian,1,om_V,0.21383588730422726,0.2,6.917943652113623,-209.89581552486288,824.8285730973979,25000,False,13.591763257980347,13.462105000000008
dense,2,3002,amortized,gaussian,1,om_ka,0.30617088925210934,0.4,-23.45727768697267,-209.89581552486288,824.8285730973979,25000,False,13.591763257980347,13.462105000000008
dense,2,3002,amortized,gaussian,1,sigma,0.2410127227106656,0.2,20.50636135533279,-209.89581552486288,824.8285730973979,25000,False,13.591763257980347,13.462105000000008
dense,2,3002,amortized,gaussian,8,CL,3.06040948790413,3.0,2.013649596804331,-195.72096249051273,1430.0349993004643,18500,True,13.19058895111084,13.027961000000005
dense,2,3002,amortized,gaussian,8,V,29.83463275171635,30.0,-0.5512241609455041,-195.72096249051273,1430.0349993004643,18500,True,13.19058895111084,13.027961000000005
dense,2,3002,amortized,gaussian,8,ka,1.2161364451345755,1.2,1.344703761214631,-195.72096249051273,1430.0349993004643,18500,True,13.19058895111084,13.027961000000005
dense,2,3002,amortized,gaussian,8,om_CL,0.3004703005896965,0.3,0.15676686323216432,-195.72096249051273,1430.0349993004643,18500,True,13.19058895111084,13.027961000000005
dense,2,3002,amortized,gaussian,8,om_V,0.22701471102504805,0.2,13.507355512524022,-195.72096249051273,1430.0349993004643,18500,True,13.19058895111084,13.027961000000005
dense,2,3002,amortized,gaussian,8,om_ka,0.37461360692000484,0.4,-6.346598269998795,-195.72096249051273,1430.0349993004643,18500,True,13.19058895111084,13.027961000000005
dense,2,3002,amortized,gaussian,8,sigma,0.19614439364736486,0.2,-1.9278031763175774,-195.72096249051273,1430.0349993004643,18500,True,13.19058895111084,13.027961000000005
dense,2,3002,amortized,gaussian,64,CL,2.864460690583694,3.0,-4.517976980543533,-193.95757410542228,1833.8434554228818,17000,True,33.561651945114136,33.278910000000025
dense,2,3002,amortized,gaussian,64,V,29.828485686057512,30.0,-0.5717143798082939,-193.95757410542228,1833.8434554228818,17000,True,33.561651945114136,33.278910000000025
dense,2,3002,amortized,gaussian,64,ka,1.2304566306511198,1.2,2.538052554259984,-193.95757410542228,1833.8434554228818,17000,True,33.561651945114136,33.278910000000025
dense,2,3002,amortized,gaussian,64,om_CL,0.3128548750941088,0.3,4.28495836470294,-193.95757410542228,1833.8434554228818,17000,True,33.561651945114136,33.278910000000025
dense,2,3002,amortized,gaussian,64,om_V,0.22269855312784384,0.2,11.349276563921915,-193.95757410542228,1833.8434554228818,17000,True,33.561651945114136,33.278910000000025
dense,2,3002,amortized,gaussian,64,om_ka,0.40835062144905926,0.4,2.087655362264809,-193.95757410542228,1833.8434554228818,17000,True,33.561651945114136,33.278910000000025
dense,2,3002,amortized,gaussian,64,sigma,0.1987291187799164,0.2,-0.6354406100418097,-193.95757410542228,1833.8434554228818,17000,True,33.561651945114136,33.278910000000025
dense,3,3003,free,gaussian,1,CL,3.0635930826430022,3.0,2.1197694214334075,-131.7979250926545,1179.0729102747277,10250,True,3.632997989654541,3.608651999999978
dense,3,3003,free,gaussian,1,V,30.797500109036022,30.0,2.658333696786741,-131.7979250926545,1179.0729102747277,10250,True,3.632997989654541,3.608651999999978
dense,3,3003,free,gaussian,1,ka,1.2797967235989622,1.2,6.64972696658019,-131.7979250926545,1179.0729102747277,10250,True,3.632997989654541,3.608651999999978
dense,3,3003,free,gaussian,1,om_CL,0.31787097951358684,0.3,5.9569931711956166,-131.7979250926545,1179.0729102747277,10250,True,3.632997989654541,3.608651999999978
dense,3,3003,free,gaussian,1,om_V,0.15794251835624057,0.2,-21.02874082187972,-131.7979250926545,1179.0729102747277,10250,True,3.632997989654541,3.608651999999978
dense,3,3003,free,gaussian,1,om_ka,0.28467226444539945,0.4,-28.83193388865014,-131.7979250926545,1179.0729102747277,10250,True,3.632997989654541,3.608651999999978
dense,3,3003,free,gaussian,1,sigma,0.19955044551865705,0.2,-0.2247772406714782,-131.7979250926545,1179.0729102747277,10250,True,3.632997989654541,3.608651999999978
dense,3,3003,free,gaussian,8,CL,3.0624381593340635,3.0,2.0812719778021163,-126.15493148800691,1535.0818309159129,16250,True,8.184273958206177,8.141302999999994
dense,3,3003,free,gaussian,8,V,30.005459627190227,30.0,0.018198757300756558,-126.15493148800691,1535.0818309159129,16250,True,8.184273958206177,8.141302999999994
dense,3,3003,free,gaussian,8,ka,1.2618079516747494,1.2,5.15066263956245,-126.15493148800691,1535.0818309159129,16250,True,8.184273958206177,8.141302999999994
dense,3,3003,free,gaussian,8,om_CL,0.3216422849840428,0.3,7.214094994680934,-126.15493148800691,1535.0818309159129,16250,True,8.184273958206177,8.141302999999994
dense,3,3003,free,gaussian,8,om_V,0.17126464819452278,0.2,-14.367675902738617,-126.15493148800691,1535.0818309159129,16250,True,8.184273958206177,8.141302999999994
dense,3,3003,free,gaussian,8,om_ka,0.3220775745677249,0.4,-19.48060635806878,-126.15493148800691,1535.0818309159129,16250,True,8.184273958206177,8.141302999999994
dense,3,3003,free,gaussian,8,sigma,0.18164873817910013,0.2,-9.175630910449941,-126.15493148800691,1535.0818309159129,16250,True,8.184273958206177,8.141302999999994
dense,3,3003,free,gaussian,64,CL,2.984097403624544,3.0,-0.5300865458485404,-124.54830166055295,1941.9373977463285,11000,True,18.640863180160522,18.470023999999995
dense,3,3003,free,gaussian,64,V,30.544388743845655,30.0,1.814629146152183,-124.54830166055295,1941.9373977463285,11000,True,18.640863180160522,18.470023999999995
dense,3,3003,free,gaussian,64,ka,1.2500757073433422,1.2,4.172975611945184,-124.54830166055295,1941.9373977463285,11000,True,18.640863180160522,18.470023999999995
dense,3,3003,free,gaussian,64,om_CL,0.3254430242371305,0.3,8.481008079043507,-124.54830166055295,1941.9373977463285,11000,True,18.640863180160522,18.470023999999995
dense,3,3003,free,gaussian,64,om_V,0.17050099836490032,0.2,-14.749500817549844,-124.54830166055295,1941.9373977463285,11000,True,18.640863180160522,18.470023999999995
dense,3,3003,free,gaussian,64,om_ka,0.35248530110493054,0.4,-11.87867472376737,-124.54830166055295,1941.9373977463285,11000,True,18.640863180160522,18.470023999999995
dense,3,3003,free,gaussian,64,sigma,0.18053780307969794,0.2,-9.731098460151035,-124.54830166055295,1941.9373977463285,11000,True,18.640863180160522,18.470023999999995
dense,3,3003,amortized,gaussian,1,CL,3.1451029078538455,3.0,4.8367635951281835,-128.56217877559385,1363.9757718956878,15750,True,8.382244110107422,8.338246999999996
dense,3,3003,amortized,gaussian,1,V,30.61541101019348,30.0,2.051370033978266,-128.56217877559385,1363.9757718956878,15750,True,8.382244110107422,8.338246999999996
dense,3,3003,amortized,gaussian,1,ka,1.262793053173935,1.2,5.232754431161261,-128.56217877559385,1363.9757718956878,15750,True,8.382244110107422,8.338246999999996
dense,3,3003,amortized,gaussian,1,om_CL,0.3243762591559402,0.3,8.12541971864674,-128.56217877559385,1363.9757718956878,15750,True,8.382244110107422,8.338246999999996
dense,3,3003,amortized,gaussian,1,om_V,0.14863033540369622,0.2,-25.684832298151896,-128.56217877559385,1363.9757718956878,15750,True,8.382244110107422,8.338246999999996
dense,3,3003,amortized,gaussian,1,om_ka,0.28372222124111274,0.4,-29.06944468972182,-128.56217877559385,1363.9757718956878,15750,True,8.382244110107422,8.338246999999996
dense,3,3003,amortized,gaussian,1,sigma,0.19373039614230753,0.2,-3.1348019288462425,-128.56217877559385,1363.9757718956878,15750,True,8.382244110107422,8.338246999999996
dense,3,3003,amortized,gaussian,8,CL,3.072239957740587,3.0,2.4079985913529,-124.50297321263862,1929.7963711296804,16250,True,11.247788906097412,11.188670000000002
dense,3,3003,amortized,gaussian,8,V,30.476889560697927,30.0,1.5896318689930904,-124.50297321263862,1929.7963711296804,16250,True,11.247788906097412,11.188670000000002
dense,3,3003,amortized,gaussian,8,ka,1.2418834421899652,1.2,3.490286849163767,-124.50297321263862,1929.7963711296804,16250,True,11.247788906097412,11.188670000000002
dense,3,3003,amortized,gaussian,8,om_CL,0.32276136996767407,0.3,7.587123322558028,-124.50297321263862,1929.7963711296804,16250,True,11.247788906097412,11.188670000000002
dense,3,3003,amortized,gaussian,8,om_V,0.16568430428286737,0.2,-17.157847858566317,-124.50297321263862,1929.7963711296804,16250,True,11.247788906097412,11.188670000000002
dense,3,3003,amortized,gaussian,8,om_ka,0.3284441930477654,0.4,-17.888951738058655,-124.50297321263862,1929.7963711296804,16250,True,11.247788906097412,11.188670000000002
dense,3,3003,amortized,gaussian,8,sigma,0.18272706268614658,0.2,-8.636468656926715,-124.50297321263862,1929.7963711296804,16250,True,11.247788906097412,11.188670000000002
dense,3,3003,amortized,gaussian,64,CL,3.026162414027359,3.0,0.8720804675786287,-124.67198390534314,1943.4648903949462,21750,True,41.96088099479675,41.69260900000003
dense,3,3003,amortized,gaussian,64,V,30.454810021500887,30.0,1.5160334050029551,-124.67198390534314,1943.4648903949462,21750,True,41.96088099479675,41.69260900000003
dense,3,3003,amortized,gaussian,64,ka,1.2550534896161072,1.2,4.58779080134227,-124.67198390534314,1943.4648903949462,21750,True,41.96088099479675,41.69260900000003
dense,3,3003,amortized,gaussian,64,om_CL,0.3235513147802339,0.3,7.850438260077976,-124.67198390534314,1943.4648903949462,21750,True,41.96088099479675,41.69260900000003
dense,3,3003,amortized,gaussian,64,om_V,0.17338147927330708,0.2,-13.309260363346466,-124.67198390534314,1943.4648903949462,21750,True,41.96088099479675,41.69260900000003
dense,3,3003,amortized,gaussian,64,om_ka,0.3416561322885847,0.4,-14.585966927853828,-124.67198390534314,1943.4648903949462,21750,True,41.96088099479675,41.69260900000003
dense,3,3003,amortized,gaussian,64,sigma,0.1828219205969412,0.2,-8.58903970152941,-124.67198390534314,1943.4648903949462,21750,True,41.96088099479675,41.69260900000003
dense,4,3004,free,gaussian,1,CL,2.90831427806178,3.0,-3.0561907312739964,-219.1884722319487,1393.4083197361208,15250,True,5.381778955459595,5.342466000000002
dense,4,3004,free,gaussian,1,V,31.449291234855924,30.0,4.830970782853078,-219.1884722319487,1393.4083197361208,15250,True,5.381778955459595,5.342466000000002
dense,4,3004,free,gaussian,1,ka,1.2504010583219214,1.2,4.200088193493453,-219.1884722319487,1393.4083197361208,15250,True,5.381778955459595,5.342466000000002
dense,4,3004,free,gaussian,1,om_CL,0.3415121186906286,0.3,13.8373728968762,-219.1884722319487,1393.4083197361208,15250,True,5.381778955459595,5.342466000000002
dense,4,3004,free,gaussian,1,om_V,0.2594692857174754,0.2,29.734642858737697,-219.1884722319487,1393.4083197361208,15250,True,5.381778955459595,5.342466000000002
dense,4,3004,free,gaussian,1,om_ka,0.2160069823900214,0.4,-45.99825440249465,-219.1884722319487,1393.4083197361208,15250,True,5.381778955459595,5.342466000000002
dense,4,3004,free,gaussian,1,sigma,0.21967422029676256,0.2,9.837110148381276,-219.1884722319487,1393.4083197361208,15250,True,5.381778955459595,5.342466000000002
dense,4,3004,free,gaussian,8,CL,2.8203419565668177,3.0,-5.988601447772742,-210.17289355440346,1414.26601373804,4000,True,2.0823779106140137,2.0670220000000086
dense,4,3004,free,gaussian,8,V,31.56370890773876,30.0,5.212363025795868,-210.17289355440346,1414.26601373804,4000,True,2.0823779106140137,2.0670220000000086
dense,4,3004,free,gaussian,8,ka,1.2201355471318056,1.2,1.6779622609838045,-210.17289355440346,1414.26601373804,4000,True,2.0823779106140137,2.0670220000000086
dense,4,3004,free,gaussian,8,om_CL,0.3478451206216327,0.3,15.948373540544239,-210.17289355440346,1414.26601373804,4000,True,2.0823779106140137,2.0670220000000086
dense,4,3004,free,gaussian,8,om_V,0.24983205125589109,0.2,24.916025627945533,-210.17289355440346,1414.26601373804,4000,True,2.0823779106140137,2.0670220000000086
dense,4,3004,free,gaussian,8,om_ka,0.35637342085081697,0.4,-10.906644787295763,-210.17289355440346,1414.26601373804,4000,True,2.0823779106140137,2.0670220000000086
dense,4,3004,free,gaussian,8,sigma,0.20229416059803093,0.2,1.1470802990154598,-210.17289355440346,1414.26601373804,4000,True,2.0823779106140137,2.0670220000000086
dense,4,3004,free,gaussian,64,CL,2.9167273850244726,3.0,-2.77575383251758,-208.31431286697034,1596.141832499046,9750,True,16.84656596183777,16.53600799999998
dense,4,3004,free,gaussian,64,V,31.303834907347568,30.0,4.346116357825226,-208.31431286697034,1596.141832499046,9750,True,16.84656596183777,16.53600799999998
dense,4,3004,free,gaussian,64,ka,1.2267012527838648,1.2,2.2251043986554015,-208.31431286697034,1596.141832499046,9750,True,16.84656596183777,16.53600799999998
dense,4,3004,free,gaussian,64,om_CL,0.3502042056247973,0.3,16.734735208265775,-208.31431286697034,1596.141832499046,9750,True,16.84656596183777,16.53600799999998
dense,4,3004,free,gaussian,64,om_V,0.2518266419335912,0.2,25.913320966795606,-208.31431286697034,1596.141832499046,9750,True,16.84656596183777,16.53600799999998
dense,4,3004,free,gaussian,64,om_ka,0.3788747590518787,0.4,-5.281310237030336,-208.31431286697034,1596.141832499046,9750,True,16.84656596183777,16.53600799999998
dense,4,3004,free,gaussian,64,sigma,0.19723333821585842,0.2,-1.3833308920707943,-208.31431286697034,1596.141832499046,9750,True,16.84656596183777,16.53600799999998
dense,4,3004,amortized,gaussian,1,CL,2.9356696364591284,3.0,-2.1443454513623874,-218.21977741088085,1098.0645966048621,15750,True,8.406136274337769,8.348704999999995
dense,4,3004,amortized,gaussian,1,V,31.35703287187512,30.0,4.523442906250399,-218.21977741088085,1098.0645966048621,15750,True,8.406136274337769,8.348704999999995
dense,4,3004,amortized,gaussian,1,ka,1.2571290663311396,1.2,4.760755527594974,-218.21977741088085,1098.0645966048621,15750,True,8.406136274337769,8.348704999999995
dense,4,3004,amortized,gaussian,1,om_CL,0.34220727857210603,0.3,14.069092857368684,-218.21977741088085,1098.0645966048621,15750,True,8.406136274337769,8.348704999999995
dense,4,3004,amortized,gaussian,1,om_V,0.23502318972835326,0.2,17.511594864176622,-218.21977741088085,1098.0645966048621,15750,True,8.406136274337769,8.348704999999995
dense,4,3004,amortized,gaussian,1,om_ka,0.2410729674650184,0.4,-39.7317581337454,-218.21977741088085,1098.0645966048621,15750,True,8.406136274337769,8.348704999999995
dense,4,3004,amortized,gaussian,1,sigma,0.2214851191710186,0.2,10.742559585509293,-218.21977741088085,1098.0645966048621,15750,True,8.406136274337769,8.348704999999995
dense,4,3004,amortized,gaussian,8,CL,2.9360274942078575,3.0,-2.1324168597380844,-208.77477809445568,1035.3316514866085,9000,True,6.307822942733765,6.263701000000026
dense,4,3004,amortized,gaussian,8,V,30.669020795190896,30.0,2.2300693173029864,-208.77477809445568,1035.3316514866085,9000,True,6.307822942733765,6.263701000000026
dense,4,3004,amortized,gaussian,8,ka,1.2407176938860969,1.2,3.3931411571747434,-208.77477809445568,1035.3316514866085,9000,True,6.307822942733765,6.263701000000026
dense,4,3004,amortized,gaussian,8,om_CL,0.3370807549986113,0.3,12.360251666203766,-208.77477809445568,1035.3316514866085,9000,True,6.307822942733765,6.263701000000026
dense,4,3004,amortized,gaussian,8,om_V,0.24462451599391863,0.2,22.31225799695931,-208.77477809445568,1035.3316514866085,9000,True,6.307822942733765,6.263701000000026
dense,4,3004,amortized,gaussian,8,om_ka,0.35720423108363447,0.4,-10.698942229091388,-208.77477809445568,1035.3316514866085,9000,True,6.307822942733765,6.263701000000026
dense,4,3004,amortized,gaussian,8,sigma,0.2058322697112848,0.2,2.9161348556423907,-208.77477809445568,1035.3316514866085,9000,True,6.307822942733765,6.263701000000026
dense,4,3004,amortized,gaussian,64,CL,2.949304207003439,3.0,-1.6898597665520338,-208.91679607004147,1856.2329371347164,4750,True,9.276128053665161,9.21190200000001
dense,4,3004,amortized,gaussian,64,V,31.0173710042345,30.0,3.3912366807816716,-208.91679607004147,1856.2329371347164,4750,True,9.276128053665161,9.21190200000001
dense,4,3004,amortized,gaussian,64,ka,1.2595470157089748,1.2,4.962251309081234,-208.91679607004147,1856.2329371347164,4750,True,9.276128053665161,9.21190200000001
dense,4,3004,amortized,gaussian,64,om_CL,0.33811432764524374,0.3,12.704775881747919,-208.91679607004147,1856.2329371347164,4750,True,9.276128053665161,9.21190200000001
dense,4,3004,amortized,gaussian,64,om_V,0.2534255322927604,0.2,26.712766146380183,-208.91679607004147,1856.2329371347164,4750,True,9.276128053665161,9.21190200000001
dense,4,3004,amortized,gaussian,64,om_ka,0.35519273025475273,0.4,-11.201817436311822,-208.91679607004147,1856.2329371347164,4750,True,9.276128053665161,9.21190200000001
dense,4,3004,amortized,gaussian,64,sigma,0.20052374820559768,0.2,0.26187410279883416,-208.91679607004147,1856.2329371347164,4750,True,9.276128053665161,9.21190200000001
dense,5,3005,free,gaussian,1,CL,2.945334811812914,3.0,-1.8221729395695292,-178.38209343749,1131.3955713353841,10750,True,3.8113880157470703,3.7873010000000136
dense,5,3005,free,gaussian,1,V,29.744944299356106,30.0,-0.8501856688129786,-178.38209343749,1131.3955713353841,10750,True,3.8113880157470703,3.7873010000000136
dense,5,3005,free,gaussian,1,ka,1.2737502919765666,1.2,6.1458576647138905,-178.38209343749,1131.3955713353841,10750,True,3.8113880157470703,3.7873010000000136
dense,5,3005,free,gaussian,1,om_CL,0.2835609650818637,0.3,-5.479678306045436,-178.38209343749,1131.3955713353841,10750,True,3.8113880157470703,3.7873010000000136
dense,5,3005,free,gaussian,1,om_V,0.17485902751400056,0.2,-12.570486242999722,-178.38209343749,1131.3955713353841,10750,True,3.8113880157470703,3.7873010000000136
dense,5,3005,free,gaussian,1,om_ka,0.34545368745580163,0.4,-13.636578136049597,-178.38209343749,1131.3955713353841,10750,True,3.8113880157470703,3.7873010000000136
dense,5,3005,free,gaussian,1,sigma,0.21684824922842746,0.2,8.424124614213726,-178.38209343749,1131.3955713353841,10750,True,3.8113880157470703,3.7873010000000136
dense,5,3005,free,gaussian,8,CL,2.8378999049883733,3.0,-5.403336500387557,-173.55381281896132,1660.4997347909316,5000,True,2.585252046585083,2.568333999999993
dense,5,3005,free,gaussian,8,V,29.825443888093925,30.0,-0.5818537063535819,-173.55381281896132,1660.4997347909316,5000,True,2.585252046585083,2.568333999999993
dense,5,3005,free,gaussian,8,ka,1.2662984952667442,1.2,5.5248746055620215,-173.55381281896132,1660.4997347909316,5000,True,2.585252046585083,2.568333999999993
dense,5,3005,free,gaussian,8,om_CL,0.28447936260945217,0.3,-5.1735457968492735,-173.55381281896132,1660.4997347909316,5000,True,2.585252046585083,2.568333999999993
dense,5,3005,free,gaussian,8,om_V,0.1969369394792806,0.2,-1.5315302603597092,-173.55381281896132,1660.4997347909316,5000,True,2.585252046585083,2.568333999999993
dense,5,3005,free,gaussian,8,om_ka,0.3909533629226414,0.4,-2.2616592693396607,-173.55381281896132,1660.4997347909316,5000,True,2.585252046585083,2.568333999999993
dense,5,3005,free,gaussian,8,sigma,0.19752272231852433,0.2,-1.2386388407378406,-173.55381281896132,1660.4997347909316,5000,True,2.585252046585083,2.568333999999993
dense,5,3005,free,gaussian,64,CL,2.8724135156198067,3.0,-4.252882812673109,-172.71790889319692,1880.2748790716926,7500,True,12.70163106918335,12.625153999999952
dense,5,3005,free,gaussian,64,V,29.436793299476978,30.0,-1.877355668410073,-172.71790889319692,1880.2748790716926,7500,True,12.70163106918335,12.625153999999952
dense,5,3005,free,gaussian,64,ka,1.2570132428810001,1.2,4.751103573416682,-172.71790889319692,1880.2748790716926,7500,True,12.70163106918335,12.625153999999952
dense,5,3005,free,gaussian,64,om_CL,0.2791469471041723,0.3,-6.951017631942559,-172.71790889319692,1880.2748790716926,7500,True,12.70163106918335,12.625153999999952
dense,5,3005,free,gaussian,64,om_V,0.201438735773475,0.2,0.7193678867374875,-172.71790889319692,1880.2748790716926,7500,True,12.70163106918335,12.625153999999952
dense,5,3005,free,gaussian,64,om_ka,0.4059985439105579,0.4,1.4996359776394685,-172.71790889319692,1880.2748790716926,7500,True,12.70163106918335,12.625153999999952
dense,5,3005,free,gaussian,64,sigma,0.20072592500929332,0.2,0.36296250464665225,-172.71790889319692,1880.2748790716926,7500,True,12.70163106918335,12.625153999999952
dense,5,3005,amortized,gaussian,1,CL,2.9238558179946694,3.0,-2.538139400177686,-179.43753222293304,1235.347561291892,17250,True,9.228755235671997,9.17563899999999
dense,5,3005,amortized,gaussian,1,V,29.612684324408598,30.0,-1.2910522519713414,-179.43753222293304,1235.347561291892,17250,True,9.228755235671997,9.17563899999999
dense,5,3005,amortized,gaussian,1,ka,1.2831539345824274,1.2,6.929494548535624,-179.43753222293304,1235.347561291892,17250,True,9.228755235671997,9.17563899999999
dense,5,3005,amortized,gaussian,1,om_CL,0.2792069815527085,0.3,-6.93100614909716,-179.43753222293304,1235.347561291892,17250,True,9.228755235671997,9.17563899999999
dense,5,3005,amortized,gaussian,1,om_V,0.17026827874111283,0.2,-14.86586062944359,-179.43753222293304,1235.347561291892,17250,True,9.228755235671997,9.17563899999999
dense,5,3005,amortized,gaussian,1,om_ka,0.329266314652017,0.4,-17.683421336995753,-179.43753222293304,1235.347561291892,17250,True,9.228755235671997,9.17563899999999
dense,5,3005,amortized,gaussian,1,sigma,0.21587206271215567,0.2,7.93603135607783,-179.43753222293304,1235.347561291892,17250,True,9.228755235671997,9.17563899999999
dense,5,3005,amortized,gaussian,8,CL,2.934714328456463,3.0,-2.1761890514512348,-173.44179356702804,1650.3032519799565,25000,False,17.377569913864136,17.27209700000003
dense,5,3005,amortized,gaussian,8,V,29.656742911019535,30.0,-1.1441902966015505,-173.44179356702804,1650.3032519799565,25000,False,17.377569913864136,17.27209700000003
dense,5,3005,amortized,gaussian,8,ka,1.2959916085774215,1.2,7.999300714785126,-173.44179356702804,1650.3032519799565,25000,False,17.377569913864136,17.27209700000003
dense,5,3005,amortized,gaussian,8,om_CL,0.27854690195941156,0.3,-7.151032680196143,-173.44179356702804,1650.3032519799565,25000,False,17.377569913864136,17.27209700000003
dense,5,3005,amortized,gaussian,8,om_V,0.19785542717789645,0.2,-1.0722864110517816,-173.44179356702804,1650.3032519799565,25000,False,17.377569913864136,17.27209700000003
dense,5,3005,amortized,gaussian,8,om_ka,0.3867419480029867,0.4,-3.314512999253324,-173.44179356702804,1650.3032519799565,25000,False,17.377569913864136,17.27209700000003
dense,5,3005,amortized,gaussian,8,sigma,0.19836410964377302,0.2,-0.8179451781134967,-173.44179356702804,1650.3032519799565,25000,False,17.377569913864136,17.27209700000003
dense,5,3005,amortized,gaussian,64,CL,2.9638095926617685,3.0,-1.2063469112743845,-172.94002092477552,1785.3801376212728,21500,True,41.508166790008545,41.25993999999997
dense,5,3005,amortized,gaussian,64,V,29.58587640143119,30.0,-1.3804119952293685,-172.94002092477552,1785.3801376212728,21500,True,41.508166790008545,41.25993999999997
dense,5,3005,amortized,gaussian,64,ka,1.2478337350359217,1.2,3.9861445863268083,-172.94002092477552,1785.3801376212728,21500,True,41.508166790008545,41.25993999999997
dense,5,3005,amortized,gaussian,64,om_CL,0.2728228322492321,0.3,-9.059055916922633,-172.94002092477552,1785.3801376212728,21500,True,41.508166790008545,41.25993999999997
dense,5,3005,amortized,gaussian,64,om_V,0.19546335455332178,0.2,-2.268322723339114,-172.94002092477552,1785.3801376212728,21500,True,41.508166790008545,41.25993999999997
dense,5,3005,amortized,gaussian,64,om_ka,0.41313162048915353,0.4,3.2829051222883763,-172.94002092477552,1785.3801376212728,21500,True,41.508166790008545,41.25993999999997
dense,5,3005,amortized,gaussian,64,sigma,0.19582481705955757,0.2,-2.0875914702212226,-172.94002092477552,1785.3801376212728,21500,True,41.508166790008545,41.25993999999997
dense,6,3006,free,gaussian,1,CL,2.904085662423526,3.0,-3.1971445858824645,-192.0503671145797,1585.0151737876392,19000,True,6.667830944061279,6.625456999999983
dense,6,3006,free,gaussian,1,V,30.226480720872875,30.0,0.7549357362429158,-192.0503671145797,1585.0151737876392,19000,True,6.667830944061279,6.625456999999983
dense,6,3006,free,gaussian,1,ka,1.1696274598378107,1.2,-2.5310450135157723,-192.0503671145797,1585.0151737876392,19000,True,6.667830944061279,6.625456999999983
dense,6,3006,free,gaussian,1,om_CL,0.29192608526401054,0.3,-2.691304911996484,-192.0503671145797,1585.0151737876392,19000,True,6.667830944061279,6.625456999999983
dense,6,3006,free,gaussian,1,om_V,0.22395829218597502,0.2,11.979146092987502,-192.0503671145797,1585.0151737876392,19000,True,6.667830944061279,6.625456999999983
dense,6,3006,free,gaussian,1,om_ka,0.19275408459873378,0.4,-51.81147885031656,-192.0503671145797,1585.0151737876392,19000,True,6.667830944061279,6.625456999999983
dense,6,3006,free,gaussian,1,sigma,0.21853013738121152,0.2,9.265068690605753,-192.0503671145797,1585.0151737876392,19000,True,6.667830944061279,6.625456999999983
dense,6,3006,free,gaussian,8,CL,2.8890298399165784,3.0,-3.699005336114055,-183.32931508772106,1756.5995853303543,5250,True,2.7205240726470947,2.7024710000000027
dense,6,3006,free,gaussian,8,V,30.45862523370412,30.0,1.5287507790137294,-183.32931508772106,1756.5995853303543,5250,True,2.7205240726470947,2.7024710000000027
dense,6,3006,free,gaussian,8,ka,1.150159008227453,1.2,-4.153415981045572,-183.32931508772106,1756.5995853303543,5250,True,2.7205240726470947,2.7024710000000027
dense,6,3006,free,gaussian,8,om_CL,0.28664230291190573,0.3,-4.452565696031419,-183.32931508772106,1756.5995853303543,5250,True,2.7205240726470947,2.7024710000000027
dense,6,3006,free,gaussian,8,om_V,0.22847188178733938,0.2,14.235940893669682,-183.32931508772106,1756.5995853303543,5250,True,2.7205240726470947,2.7024710000000027
dense,6,3006,free,gaussian,8,om_ka,0.2957409729436912,0.4,-26.064756764077195,-183.32931508772106,1756.5995853303543,5250,True,2.7205240726470947,2.7024710000000027
dense,6,3006,free,gaussian,8,sigma,0.20503394090918553,0.2,2.5169704545927596,-183.32931508772106,1756.5995853303543,5250,True,2.7205240726470947,2.7024710000000027
dense,6,3006,free,gaussian,64,CL,2.9115618955652702,3.0,-2.9479368144909923,-182.72635597538738,1802.5360851385958,6000,True,10.230777025222778,10.171429999999987
dense,6,3006,free,gaussian,64,V,30.606172178325746,30.0,2.020573927752487,-182.72635597538738,1802.5360851385958,6000,True,10.230777025222778,10.171429999999987
dense,6,3006,free,gaussian,64,ka,1.1200897611153315,1.2,-6.659186573722368,-182.72635597538738,1802.5360851385958,6000,True,10.230777025222778,10.171429999999987
dense,6,3006,free,gaussian,64,om_CL,0.2861572993708513,0.3,-4.614233543049554,-182.72635597538738,1802.5360851385958,6000,True,10.230777025222778,10.171429999999987
dense,6,3006,free,gaussian,64,om_V,0.2294599813392037,0.2,14.729990669601843,-182.72635597538738,1802.5360851385958,6000,True,10.230777025222778,10.171429999999987
dense,6,3006,free,gaussian,64,om_ka,0.3474320933619381,0.4,-13.141976659515484,-182.72635597538738,1802.5360851385958,6000,True,10.230777025222778,10.171429999999987
dense,6,3006,free,gaussian,64,sigma,0.20084157984106302,0.2,0.420789920531503,-182.72635597538738,1802.5360851385958,6000,True,10.230777025222778,10.171429999999987
dense,6,3006,amortized,gaussian,1,CL,2.8958540859751087,3.0,-3.4715304674963754,-200.34327230039423,1193.7972818346316,23500,True,12.500505924224854,12.416720999999995
dense,6,3006,amortized,gaussian,1,V,30.930264639305264,30.0,3.100882131017547,-200.34327230039423,1193.7972818346316,23500,True,12.500505924224854,12.416720999999995
dense,6,3006,amortized,gaussian,1,ka,1.1710747575975753,1.2,-2.4104368668687224,-200.34327230039423,1193.7972818346316,23500,True,12.500505924224854,12.416720999999995
dense,6,3006,amortized,gaussian,1,om_CL,0.28273021132882925,0.3,-5.756596223723579,-200.34327230039423,1193.7972818346316,23500,True,12.500505924224854,12.416720999999995
dense,6,3006,amortized,gaussian,1,om_V,0.21637148899717326,0.2,8.185744498586624,-200.34327230039423,1193.7972818346316,23500,True,12.500505924224854,12.416720999999995
dense,6,3006,amortized,gaussian,1,om_ka,0.18905880636824518,0.4,-52.73529840793871,-200.34327230039423,1193.7972818346316,23500,True,12.500505924224854,12.416720999999995
dense,6,3006,amortized,gaussian,1,sigma,0.24382047087834757,0.2,21.910235439173782,-200.34327230039423,1193.7972818346316,23500,True,12.500505924224854,12.416720999999995
dense,6,3006,amortized,gaussian,8,CL,3.0045080548340506,3.0,0.150268494468353,-184.17647517157152,1979.454685299291,23750,True,16.618197917938232,16.470991999999967
dense,6,3006,amortized,gaussian,8,V,30.00297593771089,30.0,0.009919792369631844,-184.17647517157152,1979.454685299291,23750,True,16.618197917938232,16.470991999999967
dense,6,3006,amortized,gaussian,8,ka,1.1699754384210321,1.2,-2.502046798247319,-184.17647517157152,1979.454685299291,23750,True,16.618197917938232,16.470991999999967
dense,6,3006,amortized,gaussian,8,om_CL,0.29106656404546605,0.3,-2.977811984844647,-184.17647517157152,1979.454685299291,23750,True,16.618197917938232,16.470991999999967
dense,6,3006,amortized,gaussian,8,om_V,0.21580528939735166,0.2,7.902644698675825,-184.17647517157152,1979.454685299291,23750,True,16.618197917938232,16.470991999999967
dense,6,3006,amortized,gaussian,8,om_ka,0.30073597407041097,0.4,-24.81600648239726,-184.17647517157152,1979.454685299291,23750,True,16.618197917938232,16.470991999999967
dense,6,3006,amortized,gaussian,8,sigma,0.20730753731948168,0.2,3.653768659740833,-184.17647517157152,1979.454685299291,23750,True,16.618197917938232,16.470991999999967
dense,6,3006,amortized,gaussian,64,CL,2.879349696542296,3.0,-4.02167678192346,-182.05066686247864,1765.304074958286,11250,True,21.715147018432617,21.59655299999997
dense,6,3006,amortized,gaussian,64,V,30.669251898656924,30.0,2.2308396621897466,-182.05066686247864,1765.304074958286,11250,True,21.715147018432617,21.59655299999997
dense,6,3006,amortized,gaussian,64,ka,1.140336738505886,1.2,-4.971938457842828,-182.05066686247864,1765.304074958286,11250,True,21.715147018432617,21.59655299999997
dense,6,3006,amortized,gaussian,64,om_CL,0.2925472787220817,0.3,-2.4842404259727653,-182.05066686247864,1765.304074958286,11250,True,21.715147018432617,21.59655299999997
dense,6,3006,amortized,gaussian,64,om_V,0.22659585632195003,0.2,13.297928160975012,-182.05066686247864,1765.304074958286,11250,True,21.715147018432617,21.59655299999997
dense,6,3006,amortized,gaussian,64,om_ka,0.356430514845654,0.4,-10.8923712885865,-182.05066686247864,1765.304074958286,11250,True,21.715147018432617,21.59655299999997
dense,6,3006,amortized,gaussian,64,sigma,0.20031361162454037,0.2,0.15680581227017765,-182.05066686247864,1765.304074958286,11250,True,21.715147018432617,21.59655299999997
dense,7,3007,free,gaussian,1,CL,3.0556102952251347,3.0,1.8536765075044908,-157.65120068262817,1323.7901249045392,18750,True,6.582275867462158,6.538375999999971
dense,7,3007,free,gaussian,1,V,30.81703522456852,30.0,2.7234507485617363,-157.65120068262817,1323.7901249045392,18750,True,6.582275867462158,6.538375999999971
dense,7,3007,free,gaussian,1,ka,1.1761557005459566,1.2,-1.9870249545036098,-157.65120068262817,1323.7901249045392,18750,True,6.582275867462158,6.538375999999971
dense,7,3007,free,gaussian,1,om_CL,0.2657208921590925,0.3,-11.426369280302495,-157.65120068262817,1323.7901249045392,18750,True,6.582275867462158,6.538375999999971
dense,7,3007,free,gaussian,1,om_V,0.1841997343845203,0.2,-7.900132807739851,-157.65120068262817,1323.7901249045392,18750,True,6.582275867462158,6.538375999999971
dense,7,3007,free,gaussian,1,om_ka,0.2461738434985007,0.4,-38.45653912537483,-157.65120068262817,1323.7901249045392,18750,True,6.582275867462158,6.538375999999971
dense,7,3007,free,gaussian,1,sigma,0.21220388281292563,0.2,6.1019414064628075,-157.65120068262817,1323.7901249045392,18750,True,6.582275867462158,6.538375999999971
dense,7,3007,free,gaussian,8,CL,3.100079236635392,3.0,3.3359745545130735,-151.85396565278933,1684.0908222655353,4500,True,2.3543028831481934,2.333158000000026
dense,7,3007,free,gaussian,8,V,30.70399648927123,30.0,2.3466549642374326,-151.85396565278933,1684.0908222655353,4500,True,2.3543028831481934,2.333158000000026
dense,7,3007,free,gaussian,8,ka,1.1429676660414858,1.2,-4.752694496542846,-151.85396565278933,1684.0908222655353,4500,True,2.3543028831481934,2.333158000000026
dense,7,3007,free,gaussian,8,om_CL,0.2701282952524847,0.3,-9.957234915838423,-151.85396565278933,1684.0908222655353,4500,True,2.3543028831481934,2.333158000000026
dense,7,3007,free,gaussian,8,om_V,0.19465758308090855,0.2,-2.671208459545729,-151.85396565278933,1684.0908222655353,4500,True,2.3543028831481934,2.333158000000026
dense,7,3007,free,gaussian,8,om_ka,0.3285876128669957,0.4,-17.853096783251072,-151.85396565278933,1684.0908222655353,4500,True,2.3543028831481934,2.333158000000026
dense,7,3007,free,gaussian,8,sigma,0.20125576058089126,0.2,0.6278802904456232,-151.85396565278933,1684.0908222655353,4500,True,2.3543028831481934,2.333158000000026
dense,7,3007,free,gaussian,64,CL,3.067023853289135,3.0,2.2341284429711727,-150.62055029273398,1924.4811584495628,5250,True,8.850136041641235,8.802718000000027
dense,7,3007,free,gaussian,64,V,30.48253256133151,30.0,1.6084418711050337,-150.62055029273398,1924.4811584495628,5250,True,8.850136041641235,8.802718000000027
dense,7,3007,free,gaussian,64,ka,1.162199254605895,1.2,-3.1500621161754117,-150.62055029273398,1924.4811584495628,5250,True,8.850136041641235,8.802718000000027
dense,7,3007,free,gaussian,64,om_CL,0.2687120648349858,0.3,-10.429311721671404,-150.62055029273398,1924.4811584495628,5250,True,8.850136041641235,8.802718000000027
dense,7,3007,free,gaussian,64,om_V,0.1969297383457811,0.2,-1.53513082710946,-150.62055029273398,1924.4811584495628,5250,True,8.850136041641235,8.802718000000027
dense,7,3007,free,gaussian,64,om_ka,0.3380077745785624,0.4,-15.498056355359404,-150.62055029273398,1924.4811584495628,5250,True,8.850136041641235,8.802718000000027
dense,7,3007,free,gaussian,64,sigma,0.1964048131812218,0.2,-1.797593409389106,-150.62055029273398,1924.4811584495628,5250,True,8.850136041641235,8.802718000000027
dense,7,3007,amortized,gaussian,1,CL,3.1691806822686295,3.0,5.6393560756209835,-169.24624294844403,1493.5073798094936,25000,False,13.275187969207764,13.202474999999936
dense,7,3007,amortized,gaussian,1,V,30.624885975365014,30.0,2.082953251216715,-169.24624294844403,1493.5073798094936,25000,False,13.275187969207764,13.202474999999936
dense,7,3007,amortized,gaussian,1,ka,1.188896786515637,1.2,-0.9252677903635783,-169.24624294844403,1493.5073798094936,25000,False,13.275187969207764,13.202474999999936
dense,7,3007,amortized,gaussian,1,om_CL,0.2477043807773653,0.3,-17.43187307421156,-169.24624294844403,1493.5073798094936,25000,False,13.275187969207764,13.202474999999936
dense,7,3007,amortized,gaussian,1,om_V,0.18025486525329032,0.2,-9.872567373354846,-169.24624294844403,1493.5073798094936,25000,False,13.275187969207764,13.202474999999936
dense,7,3007,amortized,gaussian,1,om_ka,0.2200164035064629,0.4,-44.99589912338428,-169.24624294844403,1493.5073798094936,25000,False,13.275187969207764,13.202474999999936
dense,7,3007,amortized,gaussian,1,sigma,0.23906278618010632,0.2,19.53139309005315,-169.24624294844403,1493.5073798094936,25000,False,13.275187969207764,13.202474999999936
dense,7,3007,amortized,gaussian,8,CL,2.998626872688358,3.0,-0.04577091038807287,-151.8017982835063,1542.300193007656,13250,True,9.203191995620728,9.153022000000078
dense,7,3007,amortized,gaussian,8,V,30.354766240823107,30.0,1.182554136077023,-151.8017982835063,1542.300193007656,13250,True,9.203191995620728,9.153022000000078
dense,7,3007,amortized,gaussian,8,ka,1.147655323125894,1.2,-4.362056406175504,-151.8017982835063,1542.300193007656,13250,True,9.203191995620728,9.153022000000078
dense,7,3007,amortized,gaussian,8,om_CL,0.27325247644074185,0.3,-8.915841186419378,-151.8017982835063,1542.300193007656,13250,True,9.203191995620728,9.153022000000078
dense,7,3007,amortized,gaussian,8,om_V,0.20555772456535848,0.2,2.778862282679234,-151.8017982835063,1542.300193007656,13250,True,9.203191995620728,9.153022000000078
dense,7,3007,amortized,gaussian,8,om_ka,0.30175681141816213,0.4,-24.56079714545947,-151.8017982835063,1542.300193007656,13250,True,9.203191995620728,9.153022000000078
dense,7,3007,amortized,gaussian,8,sigma,0.19605978504066196,0.2,-1.9701074796690254,-151.8017982835063,1542.300193007656,13250,True,9.203191995620728,9.153022000000078
dense,7,3007,amortized,gaussian,64,CL,3.120476648557094,3.0,4.0158882852364615,-151.5268249986181,2003.7386299565749,24000,True,46.33886384963989,46.03931899999998
dense,7,3007,amortized,gaussian,64,V,29.940745494689438,30.0,-0.19751501770187474,-151.5268249986181,2003.7386299565749,24000,True,46.33886384963989,46.03931899999998
dense,7,3007,amortized,gaussian,64,ka,1.192114445292188,1.2,-0.6571295589843373,-151.5268249986181,2003.7386299565749,24000,True,46.33886384963989,46.03931899999998
dense,7,3007,amortized,gaussian,64,om_CL,0.27104319909023283,0.3,-9.652266969922385,-151.5268249986181,2003.7386299565749,24000,True,46.33886384963989,46.03931899999998
dense,7,3007,amortized,gaussian,64,om_V,0.19771471130991009,0.2,-1.142644345044963,-151.5268249986181,2003.7386299565749,24000,True,46.33886384963989,46.03931899999998
dense,7,3007,amortized,gaussian,64,om_ka,0.3313117366806281,0.4,-17.172065829842985,-151.5268249986181,2003.7386299565749,24000,True,46.33886384963989,46.03931899999998
dense,7,3007,amortized,gaussian,64,sigma,0.19568116415016995,0.2,-2.1594179249150303,-151.5268249986181,2003.7386299565749,24000,True,46.33886384963989,46.03931899999998
dense,8,3008,free,gaussian,1,CL,3.0022859048564907,3.0,0.07619682854969057,-185.2573001973943,1154.3804909355713,11500,True,4.067998886108398,4.0412750000000415
dense,8,3008,free,gaussian,1,V,30.05774477192502,30.0,0.19248257308339825,-185.2573001973943,1154.3804909355713,11500,True,4.067998886108398,4.0412750000000415
dense,8,3008,free,gaussian,1,ka,1.1695737230346002,1.2,-2.5355230804499826,-185.2573001973943,1154.3804909355713,11500,True,4.067998886108398,4.0412750000000415
dense,8,3008,free,gaussian,1,om_CL,0.300556690492416,0.3,0.18556349747200773,-185.2573001973943,1154.3804909355713,11500,True,4.067998886108398,4.0412750000000415
dense,8,3008,free,gaussian,1,om_V,0.1521780638781625,0.2,-23.91096806091876,-185.2573001973943,1154.3804909355713,11500,True,4.067998886108398,4.0412750000000415
dense,8,3008,free,gaussian,1,om_ka,0.33766861157737627,0.4,-15.582847105655938,-185.2573001973943,1154.3804909355713,11500,True,4.067998886108398,4.0412750000000415
dense,8,3008,free,gaussian,1,sigma,0.2168612689147677,0.2,8.430634457383844,-185.2573001973943,1154.3804909355713,11500,True,4.067998886108398,4.0412750000000415
dense,8,3008,free,gaussian,8,CL,3.1359150388001913,3.0,4.53050129333971,-178.9229795449043,1549.6122469174916,13250,True,6.7365500926971436,6.690287000000012
dense,8,3008,free,gaussian,8,V,29.673826378198815,30.0,-1.0872454060039516,-178.9229795449043,1549.6122469174916,13250,True,6.7365500926971436,6.690287000000012
dense,8,3008,free,gaussian,8,ka,1.125219943933696,1.2,-6.231671338858658,-178.9229795449043,1549.6122469174916,13250,True,6.7365500926971436,6.690287000000012
dense,8,3008,free,gaussian,8,om_CL,0.30018333782376144,0.3,0.06111260792048453,-178.9229795449043,1549.6122469174916,13250,True,6.7365500926971436,6.690287000000012
dense,8,3008,free,gaussian,8,om_V,0.17947856344950106,0.2,-10.260718275249477,-178.9229795449043,1549.6122469174916,13250,True,6.7365500926971436,6.690287000000012
dense,8,3008,free,gaussian,8,om_ka,0.3747260474676051,0.4,-6.318488133098737,-178.9229795449043,1549.6122469174916,13250,True,6.7365500926971436,6.690287000000012
dense,8,3008,free,gaussian,8,sigma,0.19849600002126788,0.2,-0.7519999893660645,-178.9229795449043,1549.6122469174916,13250,True,6.7365500926971436,6.690287000000012
dense,8,3008,free,gaussian,64,CL,2.9828231766766353,3.0,-0.5725607774454892,-178.22069787044893,1684.2992112477918,4250,True,7.233844041824341,7.18950099999995
dense,8,3008,free,gaussian,64,V,30.212024732033573,30.0,0.7067491067785762,-178.22069787044893,1684.2992112477918,4250,True,7.233844041824341,7.18950099999995
dense,8,3008,free,gaussian,64,ka,1.1143867436818926,1.2,-7.134438026508946,-178.22069787044893,1684.2992112477918,4250,True,7.233844041824341,7.18950099999995
dense,8,3008,free,gaussian,64,om_CL,0.2985009977248973,0.3,-0.49966742503423,-178.22069787044893,1684.2992112477918,4250,True,7.233844041824341,7.18950099999995
dense,8,3008,free,gaussian,64,om_V,0.1831533235605812,0.2,-8.423338219709406,-178.22069787044893,1684.2992112477918,4250,True,7.233844041824341,7.18950099999995
dense,8,3008,free,gaussian,64,om_ka,0.38982431129937123,0.4,-2.5439221751571983,-178.22069787044893,1684.2992112477918,4250,True,7.233844041824341,7.18950099999995
dense,8,3008,free,gaussian,64,sigma,0.1997728631691141,0.2,-0.11356841544295226,-178.22069787044893,1684.2992112477918,4250,True,7.233844041824341,7.18950099999995
dense,8,3008,amortized,gaussian,1,CL,3.0948741256270327,3.0,3.1624708542344226,-196.82200502903703,1057.7432546314824,17250,True,9.276519060134888,9.216228000000001
dense,8,3008,amortized,gaussian,1,V,29.832298502597173,30.0,-0.5590049913427583,-196.82200502903703,1057.7432546314824,17250,True,9.276519060134888,9.216228000000001
dense,8,3008,amortized,gaussian,1,ka,1.1440707032061515,1.2,-4.660774732820709,-196.82200502903703,1057.7432546314824,17250,True,9.276519060134888,9.216228000000001
dense,8,3008,amortized,gaussian,1,om_CL,0.3041520811624502,0.3,1.3840270541500648,-196.82200502903703,1057.7432546314824,17250,True,9.276519060134888,9.216228000000001
dense,8,3008,amortized,gaussian,1,om_V,0.10273822863710459,0.2,-48.6308856814477,-196.82200502903703,1057.7432546314824,17250,True,9.276519060134888,9.216228000000001
dense,8,3008,amortized,gaussian,1,om_ka,0.3813862830896354,0.4,-4.653429227591155,-196.82200502903703,1057.7432546314824,17250,True,9.276519060134888,9.216228000000001
dense,8,3008,amortized,gaussian,1,sigma,0.23194257044475802,0.2,15.971285222379006,-196.82200502903703,1057.7432546314824,17250,True,9.276519060134888,9.216228000000001
dense,8,3008,amortized,gaussian,8,CL,3.0338173418544305,3.0,1.1272447284810176,-178.0498623780856,1676.3329053724956,23500,True,16.091248750686646,15.95401000000004
dense,8,3008,amortized,gaussian,8,V,30.141707671259272,30.0,0.4723589041975747,-178.0498623780856,1676.3329053724956,23500,True,16.091248750686646,15.95401000000004
dense,8,3008,amortized,gaussian,8,ka,1.120257680228764,1.2,-6.64519331426966,-178.0498623780856,1676.3329053724956,23500,True,16.091248750686646,15.95401000000004
dense,8,3008,amortized,gaussian,8,om_CL,0.30518752346889355,0.3,1.7291744896311876,-178.0498623780856,1676.3329053724956,23500,True,16.091248750686646,15.95401000000004
dense,8,3008,amortized,gaussian,8,om_V,0.17017141043385894,0.2,-14.914294783070533,-178.0498623780856,1676.3329053724956,23500,True,16.091248750686646,15.95401000000004
dense,8,3008,amortized,gaussian,8,om_ka,0.3800861760693396,0.4,-4.978455982665109,-178.0498623780856,1676.3329053724956,23500,True,16.091248750686646,15.95401000000004
dense,8,3008,amortized,gaussian,8,sigma,0.20145246390020238,0.2,0.726231950101186,-178.0498623780856,1676.3329053724956,23500,True,16.091248750686646,15.95401000000004
dense,8,3008,amortized,gaussian,64,CL,3.0313695293138205,3.0,1.045650977127351,-177.85012240168726,1824.8900517363793,18000,True,33.507264137268066,33.35811699999999
dense,8,3008,amortized,gaussian,64,V,29.854677573030305,30.0,-0.48440808989898443,-177.85012240168726,1824.8900517363793,18000,True,33.507264137268066,33.35811699999999
dense,8,3008,amortized,gaussian,64,ka,1.1325012907954233,1.2,-5.624892433714724,-177.85012240168726,1824.8900517363793,18000,True,33.507264137268066,33.35811699999999
dense,8,3008,amortized,gaussian,64,om_CL,0.29971988102192937,0.3,-0.0933729926902068,-177.85012240168726,1824.8900517363793,18000,True,33.507264137268066,33.35811699999999
dense,8,3008,amortized,gaussian,64,om_V,0.1913591185861794,0.2,-4.320440706910302,-177.85012240168726,1824.8900517363793,18000,True,33.507264137268066,33.35811699999999
dense,8,3008,amortized,gaussian,64,om_ka,0.3755692988687948,0.4,-6.107675282801304,-177.85012240168726,1824.8900517363793,18000,True,33.507264137268066,33.35811699999999
dense,8,3008,amortized,gaussian,64,sigma,0.19759906149348033,0.2,-1.2004692532598393,-177.85012240168726,1824.8900517363793,18000,True,33.507264137268066,33.35811699999999
dense,9,3009,free,gaussian,1,CL,3.10567267428966,3.0,3.522422476321996,-165.55869778424517,1107.4217461214823,16500,True,5.605053901672363,5.5839520000000675
dense,9,3009,free,gaussian,1,V,30.981060121900473,30.0,3.27020040633491,-165.55869778424517,1107.4217461214823,16500,True,5.605053901672363,5.5839520000000675
dense,9,3009,free,gaussian,1,ka,1.2667329328405679,1.2,5.561077736713993,-165.55869778424517,1107.4217461214823,16500,True,5.605053901672363,5.5839520000000675
dense,9,3009,free,gaussian,1,om_CL,0.2914728221424273,0.3,-2.842392619190892,-165.55869778424517,1107.4217461214823,16500,True,5.605053901672363,5.5839520000000675
dense,9,3009,free,gaussian,1,om_V,0.1851400690577669,0.2,-7.429965471116559,-165.55869778424517,1107.4217461214823,16500,True,5.605053901672363,5.5839520000000675
dense,9,3009,free,gaussian,1,om_ka,0.26365187520694394,0.4,-34.08703119826402,-165.55869778424517,1107.4217461214823,16500,True,5.605053901672363,5.5839520000000675
dense,9,3009,free,gaussian,1,sigma,0.21249948098636104,0.2,6.249740493180513,-165.55869778424517,1107.4217461214823,16500,True,5.605053901672363,5.5839520000000675
dense,9,3009,free,gaussian,8,CL,3.1627039367806296,3.0,5.4234645593543185,-161.68490281681224,1595.0302790128108,4500,True,2.247390031814575,2.238008000000036
dense,9,3009,free,gaussian,8,V,30.195360485710182,30.0,0.6512016190339409,-161.68490281681224,1595.0302790128108,4500,True,2.247390031814575,2.238008000000036
dense,9,3009,free,gaussian,8,ka,1.2522339036910717,1.2,4.352825307589311,-161.68490281681224,1595.0302790128108,4500,True,2.247390031814575,2.238008000000036
dense,9,3009,free,gaussian,8,om_CL,0.2996002923254448,0.3,-0.13323589151840548,-161.68490281681224,1595.0302790128108,4500,True,2.247390031814575,2.238008000000036
dense,9,3009,free,gaussian,8,om_V,0.19500295535596962,0.2,-2.4985223220151953,-161.68490281681224,1595.0302790128108,4500,True,2.247390031814575,2.238008000000036
dense,9,3009,free,gaussian,8,om_ka,0.33714300034681227,0.4,-15.714249913296937,-161.68490281681224,1595.0302790128108,4500,True,2.247390031814575,2.238008000000036
dense,9,3009,free,gaussian,8,sigma,0.19615029349793603,0.2,-1.924853251031991,-161.68490281681224,1595.0302790128108,4500,True,2.247390031814575,2.238008000000036
dense,9,3009,free,gaussian,64,CL,3.1392246594143485,3.0,4.640821980478282,-161.3011529258307,1835.2165378733907,7250,True,11.938676118850708,11.842092000000093
dense,9,3009,free,gaussian,64,V,30.566572437256237,30.0,1.8885747908541244,-161.3011529258307,1835.2165378733907,7250,True,11.938676118850708,11.842092000000093
dense,9,3009,free,gaussian,64,ka,1.2545633270073187,1.2,4.5469439172765584,-161.3011529258307,1835.2165378733907,7250,True,11.938676118850708,11.842092000000093
dense,9,3009,free,gaussian,64,om_CL,0.29460005721086885,0.3,-1.7999809297103802,-161.3011529258307,1835.2165378733907,7250,True,11.938676118850708,11.842092000000093
dense,9,3009,free,gaussian,64,om_V,0.19802047031622771,0.2,-0.9897648418861482,-161.3011529258307,1835.2165378733907,7250,True,11.938676118850708,11.842092000000093
dense,9,3009,free,gaussian,64,om_ka,0.3539461202965933,0.4,-11.513469925851684,-161.3011529258307,1835.2165378733907,7250,True,11.938676118850708,11.842092000000093
dense,9,3009,free,gaussian,64,sigma,0.19597480821506644,0.2,-2.012595892466787,-161.3011529258307,1835.2165378733907,7250,True,11.938676118850708,11.842092000000093
dense,9,3009,amortized,gaussian,1,CL,2.948173567035289,3.0,-1.7275477654903633,-180.00444871878085,1586.873166473605,22000,True,12.551249027252197,11.379526999999939
dense,9,3009,amortized,gaussian,1,V,30.41494553237398,30.0,1.383151774579936,-180.00444871878085,1586.873166473605,22000,True,12.551249027252197,11.379526999999939
dense,9,3009,amortized,gaussian,1,ka,1.2995711088363178,1.2,8.297592403026485,-180.00444871878085,1586.873166473605,22000,True,12.551249027252197,11.379526999999939
dense,9,3009,amortized,gaussian,1,om_CL,0.29731586491399786,0.3,-0.8947116953340422,-180.00444871878085,1586.873166473605,22000,True,12.551249027252197,11.379526999999939
dense,9,3009,amortized,gaussian,1,om_V,0.17714984294109884,0.2,-11.425078529450584,-180.00444871878085,1586.873166473605,22000,True,12.551249027252197,11.379526999999939
dense,9,3009,amortized,gaussian,1,om_ka,0.23132058604098218,0.4,-42.16985348975446,-180.00444871878085,1586.873166473605,22000,True,12.551249027252197,11.379526999999939
dense,9,3009,amortized,gaussian,1,sigma,0.23156913516262526,0.2,15.784567581312622,-180.00444871878085,1586.873166473605,22000,True,12.551249027252197,11.379526999999939
dense,9,3009,amortized,gaussian,8,CL,3.070408778357178,3.0,2.346959278572595,-161.95141590270475,1549.035516360285,21000,True,14.224241971969604,14.17095699999993
dense,9,3009,amortized,gaussian,8,V,30.674859870656018,30.0,2.249532902186727,-161.95141590270475,1549.035516360285,21000,True,14.224241971969604,14.17095699999993
dense,9,3009,amortized,gaussian,8,ka,1.2033925119734594,1.2,0.2827093311216222,-161.95141590270475,1549.035516360285,21000,True,14.224241971969604,14.17095699999993
dense,9,3009,amortized,gaussian,8,om_CL,0.2992761430960355,0.3,-0.2412856346548272,-161.95141590270475,1549.035516360285,21000,True,14.224241971969604,14.17095699999993
dense,9,3009,amortized,gaussian,8,om_V,0.19121742640165715,0.2,-4.391286799171431,-161.95141590270475,1549.035516360285,21000,True,14.224241971969604,14.17095699999993
dense,9,3009,amortized,gaussian,8,om_ka,0.3667399331148036,0.4,-8.315016721299111,-161.95141590270475,1549.035516360285,21000,True,14.224241971969604,14.17095699999993
dense,9,3009,amortized,gaussian,8,sigma,0.19468635876101362,0.2,-2.656820619493197,-161.95141590270475,1549.035516360285,21000,True,14.224241971969604,14.17095699999993
dense,9,3009,amortized,gaussian,64,CL,3.1098495900845955,3.0,3.66165300281985,-161.27132469378546,1906.5765141262484,5250,True,9.930636882781982,9.880914999999959
dense,9,3009,amortized,gaussian,64,V,29.98416870412326,30.0,-0.05277098625580123,-161.27132469378546,1906.5765141262484,5250,True,9.930636882781982,9.880914999999959
dense,9,3009,amortized,gaussian,64,ka,1.2187633587333866,1.2,1.56361322778222,-161.27132469378546,1906.5765141262484,5250,True,9.930636882781982,9.880914999999959
dense,9,3009,amortized,gaussian,64,om_CL,0.2973393860666654,0.3,-0.8868713111115367,-161.27132469378546,1906.5765141262484,5250,True,9.930636882781982,9.880914999999959
dense,9,3009,amortized,gaussian,64,om_V,0.197516537634091,0.2,-1.2417311829545086,-161.27132469378546,1906.5765141262484,5250,True,9.930636882781982,9.880914999999959
dense,9,3009,amortized,gaussian,64,om_ka,0.3640873271912786,0.4,-8.978168202180349,-161.27132469378546,1906.5765141262484,5250,True,9.930636882781982,9.880914999999959
dense,9,3009,amortized,gaussian,64,sigma,0.19244151644369895,0.2,-3.7792417781505327,-161.27132469378546,1906.5765141262484,5250,True,9.930636882781982,9.880914999999959
dense,10,3010,free,gaussian,1,CL,3.124881092671226,3.0,4.1627030890408685,-218.56028825479558,3121.6573638458967,12750,True,4.3504369258880615,4.334291000000007
dense,10,3010,free,gaussian,1,V,31.41141487523562,30.0,4.704716250785405,-218.56028825479558,3121.6573638458967,12750,True,4.3504369258880615,4.334291000000007
dense,10,3010,free,gaussian,1,ka,1.2332128534094158,1.2,2.767737784117985,-218.56028825479558,3121.6573638458967,12750,True,4.3504369258880615,4.334291000000007
dense,10,3010,free,gaussian,1,om_CL,0.310994757543108,0.3,3.6649191810360082,-218.56028825479558,3121.6573638458967,12750,True,4.3504369258880615,4.334291000000007
dense,10,3010,free,gaussian,1,om_V,0.04584687876557299,0.2,-77.07656061721352,-218.56028825479558,3121.6573638458967,12750,True,4.3504369258880615,4.334291000000007
dense,10,3010,free,gaussian,1,om_ka,0.49253294062525826,0.4,23.133235156314562,-218.56028825479558,3121.6573638458967,12750,True,4.3504369258880615,4.334291000000007
dense,10,3010,free,gaussian,1,sigma,0.23289958025246194,0.2,16.44979012623096,-218.56028825479558,3121.6573638458967,12750,True,4.3504369258880615,4.334291000000007
dense,10,3010,free,gaussian,8,CL,3.0809151809123527,3.0,2.697172697078424,-198.07755728231558,1923.3570733265155,8500,True,4.196776866912842,4.180891999999972
dense,10,3010,free,gaussian,8,V,31.580254297927677,30.0,5.267514326425592,-198.07755728231558,1923.3570733265155,8500,True,4.196776866912842,4.180891999999972
dense,10,3010,free,gaussian,8,ka,1.250124240490227,1.2,4.177020040852261,-198.07755728231558,1923.3570733265155,8500,True,4.196776866912842,4.180891999999972
dense,10,3010,free,gaussian,8,om_CL,0.30698658700907283,0.3,2.328862336357614,-198.07755728231558,1923.3570733265155,8500,True,4.196776866912842,4.180891999999972
dense,10,3010,free,gaussian,8,om_V,0.16081117238350992,0.2,-19.594413808245044,-198.07755728231558,1923.3570733265155,8500,True,4.196776866912842,4.180891999999972
dense,10,3010,free,gaussian,8,om_ka,0.42722347097243374,0.4,6.805867743108429,-198.07755728231558,1923.3570733265155,8500,True,4.196776866912842,4.180891999999972
dense,10,3010,free,gaussian,8,sigma,0.20774997865210987,0.2,3.874989326054928,-198.07755728231558,1923.3570733265155,8500,True,4.196776866912842,4.180891999999972
dense,10,3010,free,gaussian,64,CL,3.0775404258748753,3.0,2.5846808624958437,-197.78764568111717,2027.8304911802582,7250,True,309.9087266921997,11.502025000000003
dense,10,3010,free,gaussian,64,V,31.807731527723952,30.0,6.0257717590798405,-197.78764568111717,2027.8304911802582,7250,True,309.9087266921997,11.502025000000003
dense,10,3010,free,gaussian,64,ka,1.246707547976322,1.2,3.8922956646935125,-197.78764568111717,2027.8304911802582,7250,True,309.9087266921997,11.502025000000003
dense,10,3010,free,gaussian,64,om_CL,0.31667323780990725,0.3,5.557745936635754,-197.78764568111717,2027.8304911802582,7250,True,309.9087266921997,11.502025000000003
dense,10,3010,free,gaussian,64,om_V,0.17015014666365338,0.2,-14.924926668173311,-197.78764568111717,2027.8304911802582,7250,True,309.9087266921997,11.502025000000003
dense,10,3010,free,gaussian,64,om_ka,0.4326231394188433,0.4,8.155784854710815,-197.78764568111717,2027.8304911802582,7250,True,309.9087266921997,11.502025000000003
dense,10,3010,free,gaussian,64,sigma,0.20708908676882865,0.2,3.544543384414317,-197.78764568111717,2027.8304911802582,7250,True,309.9087266921997,11.502025000000003
dense,10,3010,amortized,gaussian,1,CL,3.060249185012274,3.0,2.0083061670758053,-222.34671487607957,3746.4842725134176,22750,True,12.135772943496704,11.648702999999955
dense,10,3010,amortized,gaussian,1,V,31.03373370357971,30.0,3.445779011932366,-222.34671487607957,3746.4842725134176,22750,True,12.135772943496704,11.648702999999955
dense,10,3010,amortized,gaussian,1,ka,1.2175820262590102,1.2,1.465168854917524,-222.34671487607957,3746.4842725134176,22750,True,12.135772943496704,11.648702999999955
dense,10,3010,amortized,gaussian,1,om_CL,0.3103911478062336,0.3,3.4637159354112086,-222.34671487607957,3746.4842725134176,22750,True,12.135772943496704,11.648702999999955
dense,10,3010,amortized,gaussian,1,om_V,0.01361170270102864,0.2,-93.1941486494857,-222.34671487607957,3746.4842725134176,22750,True,12.135772943496704,11.648702999999955
dense,10,3010,amortized,gaussian,1,om_ka,0.5107073157182519,0.4,27.67682892956297,-222.34671487607957,3746.4842725134176,22750,True,12.135772943496704,11.648702999999955
dense,10,3010,amortized,gaussian,1,sigma,0.23491643400519982,0.2,17.458217002599905,-222.34671487607957,3746.4842725134176,22750,True,12.135772943496704,11.648702999999955
dense,10,3010,amortized,gaussian,8,CL,3.126766366803952,3.0,4.225545560131734,-199.00503023014085,1715.2328085204786,10500,True,6.876266956329346,6.849739999999997
dense,10,3010,amortized,gaussian,8,V,31.680236603293338,30.0,5.600788677644459,-199.00503023014085,1715.2328085204786,10500,True,6.876266956329346,6.849739999999997
dense,10,3010,amortized,gaussian,8,ka,1.244724462508328,1.2,3.7270385423606722,-199.00503023014085,1715.2328085204786,10500,True,6.876266956329346,6.849739999999997
dense,10,3010,amortized,gaussian,8,om_CL,0.32025669722418404,0.3,6.752232408061349,-199.00503023014085,1715.2328085204786,10500,True,6.876266956329346,6.849739999999997
dense,10,3010,amortized,gaussian,8,om_V,0.1515360158427685,0.2,-24.23199207861576,-199.00503023014085,1715.2328085204786,10500,True,6.876266956329346,6.849739999999997
dense,10,3010,amortized,gaussian,8,om_ka,0.41809404663791067,0.4,4.523511659477661,-199.00503023014085,1715.2328085204786,10500,True,6.876266956329346,6.849739999999997
dense,10,3010,amortized,gaussian,8,sigma,0.20742821522042082,0.2,3.7141076102104043,-199.00503023014085,1715.2328085204786,10500,True,6.876266956329346,6.849739999999997
dense,10,3010,amortized,gaussian,64,CL,3.089584221800457,3.0,2.9861407266819,-198.3912820614763,1908.6056341912938,19250,True,332.94204020500183,34.754053
dense,10,3010,amortized,gaussian,64,V,31.699365475428742,30.0,5.6645515847624734,-198.3912820614763,1908.6056341912938,19250,True,332.94204020500183,34.754053
dense,10,3010,amortized,gaussian,64,ka,1.2916763338652837,1.2,7.639694488773644,-198.3912820614763,1908.6056341912938,19250,True,332.94204020500183,34.754053
dense,10,3010,amortized,gaussian,64,om_CL,0.32228437541902294,0.3,7.428125139674317,-198.3912820614763,1908.6056341912938,19250,True,332.94204020500183,34.754053
dense,10,3010,amortized,gaussian,64,om_V,0.17335746372752348,0.2,-13.321268136238267,-198.3912820614763,1908.6056341912938,19250,True,332.94204020500183,34.754053
dense,10,3010,amortized,gaussian,64,om_ka,0.43410173119302253,0.4,8.525432798255627,-198.3912820614763,1908.6056341912938,19250,True,332.94204020500183,34.754053
dense,10,3010,amortized,gaussian,64,sigma,0.20827024192238464,0.2,4.135120961192312,-198.3912820614763,1908.6056341912938,19250,True,332.94204020500183,34.754053
dense,11,3011,free,gaussian,1,CL,3.0873756912199934,3.0,2.912523040666448,-196.30337821532402,1226.1600049671592,8750,True,2.820729970932007,2.802881999999954
dense,11,3011,free,gaussian,1,V,29.866803982201358,30.0,-0.4439867259954748,-196.30337821532402,1226.1600049671592,8750,True,2.820729970932007,2.802881999999954
dense,11,3011,free,gaussian,1,ka,1.1999309016149253,1.2,-0.005758198756219043,-196.30337821532402,1226.1600049671592,8750,True,2.820729970932007,2.802881999999954
dense,11,3011,free,gaussian,1,om_CL,0.28146684879869843,0.3,-6.177717067100519,-196.30337821532402,1226.1600049671592,8750,True,2.820729970932007,2.802881999999954
dense,11,3011,free,gaussian,1,om_V,0.15136315028360503,0.2,-24.31842485819749,-196.30337821532402,1226.1600049671592,8750,True,2.820729970932007,2.802881999999954
dense,11,3011,free,gaussian,1,om_ka,0.3633672689963153,0.4,-9.158182750921187,-196.30337821532402,1226.1600049671592,8750,True,2.820729970932007,2.802881999999954
dense,11,3011,free,gaussian,1,sigma,0.21903787246045608,0.2,9.518936230228036,-196.30337821532402,1226.1600049671592,8750,True,2.820729970932007,2.802881999999954
dense,11,3011,free,gaussian,8,CL,3.0933696056283715,3.0,3.112320187612383,-190.58610405434092,1705.13956274274,9000,True,4.158334016799927,4.142624999999953
dense,11,3011,free,gaussian,8,V,29.641728296250335,30.0,-1.1942390124988833,-190.58610405434092,1705.13956274274,9000,True,4.158334016799927,4.142624999999953
dense,11,3011,free,gaussian,8,ka,1.1718813687480634,1.2,-2.343219270994716,-190.58610405434092,1705.13956274274,9000,True,4.158334016799927,4.142624999999953
dense,11,3011,free,gaussian,8,om_CL,0.2798505176093361,0.3,-6.716494130221295,-190.58610405434092,1705.13956274274,9000,True,4.158334016799927,4.142624999999953
dense,11,3011,free,gaussian,8,om_V,0.17123379829605662,0.2,-14.383100851971697,-190.58610405434092,1705.13956274274,9000,True,4.158334016799927,4.142624999999953
dense,11,3011,free,gaussian,8,om_ka,0.401698002078858,0.4,0.424500519714488,-190.58610405434092,1705.13956274274,9000,True,4.158334016799927,4.142624999999953
dense,11,3011,free,gaussian,8,sigma,0.20640572215817732,0.2,3.2028610790886534,-190.58610405434092,1705.13956274274,9000,True,4.158334016799927,4.142624999999953
dense,11,3011,free,gaussian,64,CL,3.10572505147463,3.0,3.5241683824876655,-191.24450187448898,1833.2530131530755,2000,True,3.1893699169158936,3.1739129999999705
dense,11,3011,free,gaussian,64,V,29.4703391557743,30.0,-1.7655361474189963,-191.24450187448898,1833.2530131530755,2000,True,3.1893699169158936,3.1739129999999705
dense,11,3011,free,gaussian,64,ka,1.1863376361357714,1.2,-1.138530322019049,-191.24450187448898,1833.2530131530755,2000,True,3.1893699169158936,3.1739129999999705
dense,11,3011,free,gaussian,64,om_CL,0.2858271778223684,0.3,-4.7242740592105354,-191.24450187448898,1833.2530131530755,2000,True,3.1893699169158936,3.1739129999999705
dense,11,3011,free,gaussian,64,om_V,0.18435682926760052,0.2,-7.821585366199743,-191.24450187448898,1833.2530131530755,2000,True,3.1893699169158936,3.1739129999999705
dense,11,3011,free,gaussian,64,om_ka,0.40998451658351487,0.4,2.4961291458787116,-191.24450187448898,1833.2530131530755,2000,True,3.1893699169158936,3.1739129999999705
dense,11,3011,free,gaussian,64,sigma,0.20492165838894227,0.2,2.460829194471131,-191.24450187448898,1833.2530131530755,2000,True,3.1893699169158936,3.1739129999999705
dense,11,3011,amortized,gaussian,1,CL,2.9664146081704685,3.0,-1.1195130609843822,-203.3812048466224,1490.6712294054416,24250,True,12.231480121612549,12.162776000000008
dense,11,3011,amortized,gaussian,1,V,30.01526466914089,30.0,0.05088223046963473,-203.3812048466224,1490.6712294054416,24250,True,12.231480121612549,12.162776000000008
dense,11,3011,amortized,gaussian,1,ka,1.2047430083207327,1.2,0.3952506933943926,-203.3812048466224,1490.6712294054416,24250,True,12.231480121612549,12.162776000000008
dense,11,3011,amortized,gaussian,1,om_CL,0.29542418343345256,0.3,-1.5252721888491436,-203.3812048466224,1490.6712294054416,24250,True,12.231480121612549,12.162776000000008
dense,11,3011,amortized,gaussian,1,om_V,0.11426966598983877,0.2,-42.865167005080615,-203.3812048466224,1490.6712294054416,24250,True,12.231480121612549,12.162776000000008
dense,11,3011,amortized,gaussian,1,om_ka,0.43252248527814996,0.4,8.130621319537484,-203.3812048466224,1490.6712294054416,24250,True,12.231480121612549,12.162776000000008
dense,11,3011,amortized,gaussian,1,sigma,0.23379280344521813,0.2,16.89640172260906,-203.3812048466224,1490.6712294054416,24250,True,12.231480121612549,12.162776000000008
dense,11,3011,amortized,gaussian,8,CL,2.8523032595279556,3.0,-4.92322468240148,-193.4724643105646,1800.709151990885,18250,True,656.4649169445038,12.143197999999984
dense,11,3011,amortized,gaussian,8,V,30.09800107775338,30.0,0.3266702591779354,-193.4724643105646,1800.709151990885,18250,True,656.4649169445038,12.143197999999984
dense,11,3011,amortized,gaussian,8,ka,1.2252206273926391,1.2,2.1017189493865995,-193.4724643105646,1800.709151990885,18250,True,656.4649169445038,12.143197999999984
dense,11,3011,amortized,gaussian,8,om_CL,0.2961755018610669,0.3,-1.274832712977699,-193.4724643105646,1800.709151990885,18250,True,656.4649169445038,12.143197999999984
dense,11,3011,amortized,gaussian,8,om_V,0.17626542701313716,0.2,-11.867286493431425,-193.4724643105646,1800.709151990885,18250,True,656.4649169445038,12.143197999999984
dense,11,3011,amortized,gaussian,8,om_ka,0.38866313372515027,0.4,-2.8342165687124385,-193.4724643105646,1800.709151990885,18250,True,656.4649169445038,12.143197999999984
dense,11,3011,amortized,gaussian,8,sigma,0.2082293412155408,0.2,4.11467060777039,-193.4724643105646,1800.709151990885,18250,True,656.4649169445038,12.143197999999984
dense,11,3011,amortized,gaussian,64,CL,3.002838018193588,3.0,0.09460060645293626,-190.5413790048237,1938.7879971650425,21250,True,42.72345590591431,41.39365099999998
dense,11,3011,amortized,gaussian,64,V,29.39939142726211,30.0,-2.0020285757929677,-190.5413790048237,1938.7879971650425,21250,True,42.72345590591431,41.39365099999998
dense,11,3011,amortized,gaussian,64,ka,1.1845623792159914,1.2,-1.2864683986673806,-190.5413790048237,1938.7879971650425,21250,True,42.72345590591431,41.39365099999998
dense,11,3011,amortized,gaussian,64,om_CL,0.28231859052254643,0.3,-5.893803159151187,-190.5413790048237,1938.7879971650425,21250,True,42.72345590591431,41.39365099999998
dense,11,3011,amortized,gaussian,64,om_V,0.18974961917331964,0.2,-5.125190413340183,-190.5413790048237,1938.7879971650425,21250,True,42.72345590591431,41.39365099999998
dense,11,3011,amortized,gaussian,64,om_ka,0.40187604712129354,0.4,0.46901178032338064,-190.5413790048237,1938.7879971650425,21250,True,42.72345590591431,41.39365099999998
dense,11,3011,amortized,gaussian,64,sigma,0.2086089121282108,0.2,4.304456064105399,-190.5413790048237,1938.7879971650425,21250,True,42.72345590591431,41.39365099999998
dense,12,3012,free,gaussian,1,CL,3.0230759049033336,3.0,0.7691968301111185,-152.57681190439328,1078.5931789598171,11500,True,4.026795148849487,3.9938809999999876
dense,12,3012,free,gaussian,1,V,30.1878067708046,30.0,0.6260225693486632,-152.57681190439328,1078.5931789598171,11500,True,4.026795148849487,3.9938809999999876
dense,12,3012,free,gaussian,1,ka,1.216426513128712,1.2,1.3688760940593347,-152.57681190439328,1078.5931789598171,11500,True,4.026795148849487,3.9938809999999876
dense,12,3012,free,gaussian,1,om_CL,0.30073115858642313,0.3,0.24371952880771394,-152.57681190439328,1078.5931789598171,11500,True,4.026795148849487,3.9938809999999876
dense,12,3012,free,gaussian,1,om_V,0.15582681815759733,0.2,-22.08659092120134,-152.57681190439328,1078.5931789598171,11500,True,4.026795148849487,3.9938809999999876
dense,12,3012,free,gaussian,1,om_ka,0.32305335198471835,0.4,-19.236662003820417,-152.57681190439328,1078.5931789598171,11500,True,4.026795148849487,3.9938809999999876
dense,12,3012,free,gaussian,1,sigma,0.20818620344398922,0.2,4.093101721994604,-152.57681190439328,1078.5931789598171,11500,True,4.026795148849487,3.9938809999999876
dense,12,3012,free,gaussian,8,CL,2.9927680509635692,3.0,-0.2410649678810254,-147.26350345534138,1731.4884702068064,8000,True,4.08719277381897,4.057245999999964
dense,12,3012,free,gaussian,8,V,30.24859671798824,30.0,0.8286557266274622,-147.26350345534138,1731.4884702068064,8000,True,4.08719277381897,4.057245999999964
dense,12,3012,free,gaussian,8,ka,1.195223620201064,1.2,-0.3980316499113309,-147.26350345534138,1731.4884702068064,8000,True,4.08719277381897,4.057245999999964
dense,12,3012,free,gaussian,8,om_CL,0.29886760090393855,0.3,-0.3774663653538143,-147.26350345534138,1731.4884702068064,8000,True,4.08719277381897,4.057245999999964
dense,12,3012,free,gaussian,8,om_V,0.1718271203295802,0.2,-14.086439835209907,-147.26350345534138,1731.4884702068064,8000,True,4.08719277381897,4.057245999999964
dense,12,3012,free,gaussian,8,om_ka,0.3686437961119403,0.4,-7.839050972014927,-147.26350345534138,1731.4884702068064,8000,True,4.08719277381897,4.057245999999964
dense,12,3012,free,gaussian,8,sigma,0.18958789249891006,0.2,-5.206053750544975,-147.26350345534138,1731.4884702068064,8000,True,4.08719277381897,4.057245999999964
dense,12,3012,free,gaussian,64,CL,2.9532795481678957,3.0,-1.5573483944034756,-146.83609832507273,1925.3717335720426,6750,True,11.836636781692505,11.660367999999949
dense,12,3012,free,gaussian,64,V,29.77814513281342,30.0,-0.7395162239552633,-146.83609832507273,1925.3717335720426,6750,True,11.836636781692505,11.660367999999949
dense,12,3012,free,gaussian,64,ka,1.2211811566540642,1.2,1.7650963878386903,-146.83609832507273,1925.3717335720426,6750,True,11.836636781692505,11.660367999999949
dense,12,3012,free,gaussian,64,om_CL,0.2994688818149297,0.3,-0.17703939502342986,-146.83609832507273,1925.3717335720426,6750,True,11.836636781692505,11.660367999999949
dense,12,3012,free,gaussian,64,om_V,0.18344861787311573,0.2,-8.275691063442142,-146.83609832507273,1925.3717335720426,6750,True,11.836636781692505,11.660367999999949
dense,12,3012,free,gaussian,64,om_ka,0.3730943312060332,0.4,-6.726417198491707,-146.83609832507273,1925.3717335720426,6750,True,11.836636781692505,11.660367999999949
dense,12,3012,free,gaussian,64,sigma,0.18786078156854139,0.2,-6.0696092157293124,-146.83609832507273,1925.3717335720426,6750,True,11.836636781692505,11.660367999999949
dense,12,3012,amortized,gaussian,1,CL,2.9569414557805813,3.0,-1.4352848073139561,-153.2417252750117,1214.554486553279,14500,True,7.767366886138916,7.717241999999942
dense,12,3012,amortized,gaussian,1,V,29.880549482856253,30.0,-0.39816839047915664,-153.2417252750117,1214.554486553279,14500,True,7.767366886138916,7.717241999999942
dense,12,3012,amortized,gaussian,1,ka,1.2263150212591043,1.2,2.1929184382586953,-153.2417252750117,1214.554486553279,14500,True,7.767366886138916,7.717241999999942
dense,12,3012,amortized,gaussian,1,om_CL,0.29044064866546226,0.3,-3.1864504448459083,-153.2417252750117,1214.554486553279,14500,True,7.767366886138916,7.717241999999942
dense,12,3012,amortized,gaussian,1,om_V,0.1512131712151137,0.2,-24.393414392443148,-153.2417252750117,1214.554486553279,14500,True,7.767366886138916,7.717241999999942
dense,12,3012,amortized,gaussian,1,om_ka,0.31496361052166216,0.4,-21.259097369584463,-153.2417252750117,1214.554486553279,14500,True,7.767366886138916,7.717241999999942
dense,12,3012,amortized,gaussian,1,sigma,0.20630861071294226,0.2,3.1543053564711263,-153.2417252750117,1214.554486553279,14500,True,7.767366886138916,7.717241999999942
dense,12,3012,amortized,gaussian,8,CL,2.9523746480240605,3.0,-1.5875117325313177,-147.3627567076162,1700.9683941020414,21750,True,15.580260276794434,15.357192000000055
dense,12,3012,amortized,gaussian,8,V,29.591912699429695,30.0,-1.3602910019010157,-147.3627567076162,1700.9683941020414,21750,True,15.580260276794434,15.357192000000055
dense,12,3012,amortized,gaussian,8,ka,1.1968302696412845,1.2,-0.2641441965596236,-147.3627567076162,1700.9683941020414,21750,True,15.580260276794434,15.357192000000055
dense,12,3012,amortized,gaussian,8,om_CL,0.29157325175618914,0.3,-2.8089160812702816,-147.3627567076162,1700.9683941020414,21750,True,15.580260276794434,15.357192000000055
dense,12,3012,amortized,gaussian,8,om_V,0.1785729349082503,0.2,-10.713532545874857,-147.3627567076162,1700.9683941020414,21750,True,15.580260276794434,15.357192000000055
dense,12,3012,amortized,gaussian,8,om_ka,0.3484780029509116,0.4,-12.880499262272108,-147.3627567076162,1700.9683941020414,21750,True,15.580260276794434,15.357192000000055
dense,12,3012,amortized,gaussian,8,sigma,0.1935517912574955,0.2,-3.2241043712522566,-147.3627567076162,1700.9683941020414,21750,True,15.580260276794434,15.357192000000055
dense,12,3012,amortized,gaussian,64,CL,2.9826340570336423,3.0,-0.578864765545258,-146.87034302271454,1959.6743798560778,24500,True,48.632192850112915,48.22076800000002
dense,12,3012,amortized,gaussian,64,V,29.418547442866853,30.0,-1.9381751904438242,-146.87034302271454,1959.6743798560778,24500,True,48.632192850112915,48.22076800000002
dense,12,3012,amortized,gaussian,64,ka,1.2203977046895695,1.2,1.6998087241307989,-146.87034302271454,1959.6743798560778,24500,True,48.632192850112915,48.22076800000002
dense,12,3012,amortized,gaussian,64,om_CL,0.29499035828245646,0.3,-1.6698805725145114,-146.87034302271454,1959.6743798560778,24500,True,48.632192850112915,48.22076800000002
dense,12,3012,amortized,gaussian,64,om_V,0.18450928638070346,0.2,-7.745356809648274,-146.87034302271454,1959.6743798560778,24500,True,48.632192850112915,48.22076800000002
dense,12,3012,amortized,gaussian,64,om_ka,0.3628562387475279,0.4,-9.285940313118024,-146.87034302271454,1959.6743798560778,24500,True,48.632192850112915,48.22076800000002
dense,12,3012,amortized,gaussian,64,sigma,0.19097416807221376,0.2,-4.512915963893124,-146.87034302271454,1959.6743798560778,24500,True,48.632192850112915,48.22076800000002
dense,13,3013,free,gaussian,1,CL,2.8901854133795815,3.0,-3.660486220680618,-165.2938073705928,1260.9400381572018,20750,True,7.298757076263428,7.242866000000049
dense,13,3013,free,gaussian,1,V,30.272681864853666,30.0,0.9089395495122213,-165.2938073705928,1260.9400381572018,20750,True,7.298757076263428,7.242866000000049
dense,13,3013,free,gaussian,1,ka,1.227212022585271,1.2,2.2676685487725834,-165.2938073705928,1260.9400381572018,20750,True,7.298757076263428,7.242866000000049
dense,13,3013,free,gaussian,1,om_CL,0.29277355995528803,0.3,-2.4088133482373193,-165.2938073705928,1260.9400381572018,20750,True,7.298757076263428,7.242866000000049
dense,13,3013,free,gaussian,1,om_V,0.13659963833860003,0.2,-31.70018083069999,-165.2938073705928,1260.9400381572018,20750,True,7.298757076263428,7.242866000000049
dense,13,3013,free,gaussian,1,om_ka,0.3803714126547607,0.4,-4.907146836309828,-165.2938073705928,1260.9400381572018,20750,True,7.298757076263428,7.242866000000049
dense,13,3013,free,gaussian,1,sigma,0.20941087344548207,0.2,4.705436722741027,-165.2938073705928,1260.9400381572018,20750,True,7.298757076263428,7.242866000000049
dense,13,3013,free,gaussian,8,CL,2.9273279696174077,3.0,-2.422401012753076,-160.1535157961704,1725.6958189378615,14750,True,7.474737167358398,7.430204000000003
dense,13,3013,free,gaussian,8,V,29.534702568614062,30.0,-1.550991437953127,-160.1535157961704,1725.6958189378615,14750,True,7.474737167358398,7.430204000000003
dense,13,3013,free,gaussian,8,ka,1.235948446333407,1.2,2.9957038611172493,-160.1535157961704,1725.6958189378615,14750,True,7.474737167358398,7.430204000000003
dense,13,3013,free,gaussian,8,om_CL,0.29126465952412756,0.3,-2.9117801586241443,-160.1535157961704,1725.6958189378615,14750,True,7.474737167358398,7.430204000000003
dense,13,3013,free,gaussian,8,om_V,0.1783614100030479,0.2,-10.819294998476058,-160.1535157961704,1725.6958189378615,14750,True,7.474737167358398,7.430204000000003
dense,13,3013,free,gaussian,8,om_ka,0.40304133686652704,0.4,0.7603342166317556,-160.1535157961704,1725.6958189378615,14750,True,7.474737167358398,7.430204000000003
dense,13,3013,free,gaussian,8,sigma,0.19445597927815653,0.2,-2.772010360921742,-160.1535157961704,1725.6958189378615,14750,True,7.474737167358398,7.430204000000003
dense,13,3013,free,gaussian,64,CL,2.902417147504479,3.0,-3.2527617498506967,-159.7710026769565,1940.7159029722268,4000,True,6.8261449337005615,6.784536000000003
dense,13,3013,free,gaussian,64,V,29.91352095300344,30.0,-0.28826348998852797,-159.7710026769565,1940.7159029722268,4000,True,6.8261449337005615,6.784536000000003
dense,13,3013,free,gaussian,64,ka,1.2472984766658974,1.2,3.9415397221581236,-159.7710026769565,1940.7159029722268,4000,True,6.8261449337005615,6.784536000000003
dense,13,3013,free,gaussian,64,om_CL,0.30132310231646803,0.3,0.4410341054893463,-159.7710026769565,1940.7159029722268,4000,True,6.8261449337005615,6.784536000000003
dense,13,3013,free,gaussian,64,om_V,0.18108324827271535,0.2,-9.45837586364233,-159.7710026769565,1940.7159029722268,4000,True,6.8261449337005615,6.784536000000003
dense,13,3013,free,gaussian,64,om_ka,0.42133891825576525,0.4,5.334729563941307,-159.7710026769565,1940.7159029722268,4000,True,6.8261449337005615,6.784536000000003
dense,13,3013,free,gaussian,64,sigma,0.19138394678682275,0.2,-4.308026606588633,-159.7710026769565,1940.7159029722268,4000,True,6.8261449337005615,6.784536000000003
dense,13,3013,amortized,gaussian,1,CL,2.886416841813924,3.0,-3.7861052728692,-166.2443383562516,1383.6835135520741,16750,True,8.999617099761963,8.942532000000028
dense,13,3013,amortized,gaussian,1,V,29.895848326027025,30.0,-0.34717224657658363,-166.2443383562516,1383.6835135520741,16750,True,8.999617099761963,8.942532000000028
dense,13,3013,amortized,gaussian,1,ka,1.2296191167902435,1.2,2.468259732520295,-166.2443383562516,1383.6835135520741,16750,True,8.999617099761963,8.942532000000028
dense,13,3013,amortized,gaussian,1,om_CL,0.29026624326697364,0.3,-3.244585577675448,-166.2443383562516,1383.6835135520741,16750,True,8.999617099761963,8.942532000000028
dense,13,3013,amortized,gaussian,1,om_V,0.13122166804118432,0.2,-34.38916597940784,-166.2443383562516,1383.6835135520741,16750,True,8.999617099761963,8.942532000000028
dense,13,3013,amortized,gaussian,1,om_ka,0.3859321566903854,0.4,-3.516960827403659,-166.2443383562516,1383.6835135520741,16750,True,8.999617099761963,8.942532000000028
dense,13,3013,amortized,gaussian,1,sigma,0.20834383586439637,0.2,4.171917932198177,-166.2443383562516,1383.6835135520741,16750,True,8.999617099761963,8.942532000000028
dense,13,3013,amortized,gaussian,8,CL,2.968146629897666,3.0,-1.061779003411134,-160.078388840475,1751.6792999159636,25000,False,17.34353017807007,17.245496000000003
dense,13,3013,amortized,gaussian,8,V,29.96899507034559,30.0,-0.10334976551470494,-160.078388840475,1751.6792999159636,25000,False,17.34353017807007,17.245496000000003
dense,13,3013,amortized,gaussian,8,ka,1.229961404193821,1.2,2.4967836828184153,-160.078388840475,1751.6792999159636,25000,False,17.34353017807007,17.245496000000003
dense,13,3013,amortized,gaussian,8,om_CL,0.29283959105279783,0.3,-2.3868029824007193,-160.078388840475,1751.6792999159636,25000,False,17.34353017807007,17.245496000000003
dense,13,3013,amortized,gaussian,8,om_V,0.17197470590349878,0.2,-14.012647048250614,-160.078388840475,1751.6792999159636,25000,False,17.34353017807007,17.245496000000003
dense,13,3013,amortized,gaussian,8,om_ka,0.38834246940341394,0.4,-2.9143826491465212,-160.078388840475,1751.6792999159636,25000,False,17.34353017807007,17.245496000000003
dense,13,3013,amortized,gaussian,8,sigma,0.19611289146700764,0.2,-1.9435542664961862,-160.078388840475,1751.6792999159636,25000,False,17.34353017807007,17.245496000000003
dense,13,3013,amortized,gaussian,64,CL,2.9189954403514973,3.0,-2.7001519882834244,-159.8228892093912,1763.9997596219166,12250,True,23.839396953582764,23.68846099999996
dense,13,3013,amortized,gaussian,64,V,29.987625282290377,30.0,-0.04124905903207576,-159.8228892093912,1763.9997596219166,12250,True,23.839396953582764,23.68846099999996
dense,13,3013,amortized,gaussian,64,ka,1.209626325732956,1.2,0.802193811079673,-159.8228892093912,1763.9997596219166,12250,True,23.839396953582764,23.68846099999996
dense,13,3013,amortized,gaussian,64,om_CL,0.2956114948887418,0.3,-1.4628350370860708,-159.8228892093912,1763.9997596219166,12250,True,23.839396953582764,23.68846099999996
dense,13,3013,amortized,gaussian,64,om_V,0.17947349970552975,0.2,-10.263250147235127,-159.8228892093912,1763.9997596219166,12250,True,23.839396953582764,23.68846099999996
dense,13,3013,amortized,gaussian,64,om_ka,0.4001388810406316,0.4,0.0347202601578972,-159.8228892093912,1763.9997596219166,12250,True,23.839396953582764,23.68846099999996
dense,13,3013,amortized,gaussian,64,sigma,0.1946447324668873,0.2,-2.6776337665563585,-159.8228892093912,1763.9997596219166,12250,True,23.839396953582764,23.68846099999996
dense,14,3014,free,gaussian,1,CL,2.961984423183415,3.0,-1.2671858938861618,-176.79583711034186,1434.5466760316767,14750,True,5.191776990890503,5.160499999999956
dense,14,3014,free,gaussian,1,V,30.483242560358477,30.0,1.6108085345282557,-176.79583711034186,1434.5466760316767,14750,True,5.191776990890503,5.160499999999956
dense,14,3014,free,gaussian,1,ka,1.1520600864892594,1.2,-3.9949927925617135,-176.79583711034186,1434.5466760316767,14750,True,5.191776990890503,5.160499999999956
dense,14,3014,free,gaussian,1,om_CL,0.30708356319039015,0.3,2.3611877301300543,-176.79583711034186,1434.5466760316767,14750,True,5.191776990890503,5.160499999999956
dense,14,3014,free,gaussian,1,om_V,0.11395224295896932,0.2,-43.023878520515346,-176.79583711034186,1434.5466760316767,14750,True,5.191776990890503,5.160499999999956
dense,14,3014,free,gaussian,1,om_ka,0.4107172176427732,0.4,2.679304410693292,-176.79583711034186,1434.5466760316767,14750,True,5.191776990890503,5.160499999999956
dense,14,3014,free,gaussian,1,sigma,0.2152540191937371,0.2,7.627009596868544,-176.79583711034186,1434.5466760316767,14750,True,5.191776990890503,5.160499999999956
dense,14,3014,free,gaussian,8,CL,2.9271938011048437,3.0,-2.426873296505209,-166.8199178802896,1781.7631355318542,13000,True,6.594884157180786,6.556589999999915
dense,14,3014,free,gaussian,8,V,30.284286616011922,30.0,0.9476220533730739,-166.8199178802896,1781.7631355318542,13000,True,6.594884157180786,6.556589999999915
dense,14,3014,free,gaussian,8,ka,1.1637666760413068,1.2,-3.0194436632244304,-166.8199178802896,1781.7631355318542,13000,True,6.594884157180786,6.556589999999915
dense,14,3014,free,gaussian,8,om_CL,0.309052322732154,0.3,3.017440910718002,-166.8199178802896,1781.7631355318542,13000,True,6.594884157180786,6.556589999999915
dense,14,3014,free,gaussian,8,om_V,0.16347964461447323,0.2,-18.26017769276339,-166.8199178802896,1781.7631355318542,13000,True,6.594884157180786,6.556589999999915
dense,14,3014,free,gaussian,8,om_ka,0.42526202179929495,0.4,6.315505449823733,-166.8199178802896,1781.7631355318542,13000,True,6.594884157180786,6.556589999999915
dense,14,3014,free,gaussian,8,sigma,0.19504742732993346,0.2,-2.476286335033273,-166.8199178802896,1781.7631355318542,13000,True,6.594884157180786,6.556589999999915
dense,14,3014,free,gaussian,64,CL,2.995877200199472,3.0,-0.13742666001760698,-165.97073333952122,1871.952664490383,8000,True,13.569552183151245,13.486374000000069
dense,14,3014,free,gaussian,64,V,30.445256785969974,30.0,1.4841892865665802,-165.97073333952122,1871.952664490383,8000,True,13.569552183151245,13.486374000000069
dense,14,3014,free,gaussian,64,ka,1.1357068799210566,1.2,-5.357760006578616,-165.97073333952122,1871.952664490383,8000,True,13.569552183151245,13.486374000000069
dense,14,3014,free,gaussian,64,om_CL,0.3059893755586071,0.3,1.996458519535708,-165.97073333952122,1871.952664490383,8000,True,13.569552183151245,13.486374000000069
dense,14,3014,free,gaussian,64,om_V,0.17518388549738692,0.2,-12.408057251306545,-165.97073333952122,1871.952664490383,8000,True,13.569552183151245,13.486374000000069
dense,14,3014,free,gaussian,64,om_ka,0.41434988830211145,0.4,3.587472075527856,-165.97073333952122,1871.952664490383,8000,True,13.569552183151245,13.486374000000069
dense,14,3014,free,gaussian,64,sigma,0.19718461779357008,0.2,-1.4076911032149668,-165.97073333952122,1871.952664490383,8000,True,13.569552183151245,13.486374000000069
dense,14,3014,amortized,gaussian,1,CL,2.9960635710473924,3.0,-0.1312142984202532,-183.438106488534,1425.6610639000387,25000,False,13.35657787322998,13.279809999999998
dense,14,3014,amortized,gaussian,1,V,30.32159779642549,30.0,1.0719926547516323,-183.438106488534,1425.6610639000387,25000,False,13.35657787322998,13.279809999999998
dense,14,3014,amortized,gaussian,1,ka,1.1538927432599557,1.2,-3.8422713950036864,-183.438106488534,1425.6610639000387,25000,False,13.35657787322998,13.279809999999998
dense,14,3014,amortized,gaussian,1,om_CL,0.2955939509123633,0.3,-1.468683029212233,-183.438106488534,1425.6610639000387,25000,False,13.35657787322998,13.279809999999998
dense,14,3014,amortized,gaussian,1,om_V,0.10155198392643447,0.2,-49.22400803678277,-183.438106488534,1425.6610639000387,25000,False,13.35657787322998,13.279809999999998
dense,14,3014,amortized,gaussian,1,om_ka,0.3934200215722839,0.4,-1.6449946069290315,-183.438106488534,1425.6610639000387,25000,False,13.35657787322998,13.279809999999998
dense,14,3014,amortized,gaussian,1,sigma,0.2290925880550129,0.2,14.546294027506443,-183.438106488534,1425.6610639000387,25000,False,13.35657787322998,13.279809999999998
dense,14,3014,amortized,gaussian,8,CL,2.8591399684031793,3.0,-4.69533438656069,-166.11213892700806,1763.6803067151952,25000,False,17.589311838150024,17.460599999999886
dense,14,3014,amortized,gaussian,8,V,30.205898631907136,30.0,0.6863287730237863,-166.11213892700806,1763.6803067151952,25000,False,17.589311838150024,17.460599999999886
dense,14,3014,amortized,gaussian,8,ka,1.1183277724807699,1.2,-6.806018959935842,-166.11213892700806,1763.6803067151952,25000,False,17.589311838150024,17.460599999999886
dense,14,3014,amortized,gaussian,8,om_CL,0.31875429777964076,0.3,6.251432593213591,-166.11213892700806,1763.6803067151952,25000,False,17.589311838150024,17.460599999999886
dense,14,3014,amortized,gaussian,8,om_V,0.17139202279898996,0.2,-14.303988600505024,-166.11213892700806,1763.6803067151952,25000,False,17.589311838150024,17.460599999999886
dense,14,3014,amortized,gaussian,8,om_ka,0.41861949883153887,0.4,4.654874707884712,-166.11213892700806,1763.6803067151952,25000,False,17.589311838150024,17.460599999999886
dense,14,3014,amortized,gaussian,8,sigma,0.19673402118926678,0.2,-1.6329894053666165,-166.11213892700806,1763.6803067151952,25000,False,17.589311838150024,17.460599999999886
dense,14,3014,amortized,gaussian,64,CL,2.936699826597585,3.0,-2.1100057800805003,-166.31492742321697,2000.9040850236574,2500,True,4.933553218841553,4.9033969999998135
dense,14,3014,amortized,gaussian,64,V,30.25167601890682,30.0,0.8389200630227359,-166.31492742321697,2000.9040850236574,2500,True,4.933553218841553,4.9033969999998135
dense,14,3014,amortized,gaussian,64,ka,1.1585968120840382,1.2,-3.45026565966348,-166.31492742321697,2000.9040850236574,2500,True,4.933553218841553,4.9033969999998135
dense,14,3014,amortized,gaussian,64,om_CL,0.31076284999557613,0.3,3.587616665192047,-166.31492742321697,2000.9040850236574,2500,True,4.933553218841553,4.9033969999998135
dense,14,3014,amortized,gaussian,64,om_V,0.16936865454145095,0.2,-15.315672729274532,-166.31492742321697,2000.9040850236574,2500,True,4.933553218841553,4.9033969999998135
dense,14,3014,amortized,gaussian,64,om_ka,0.40943607500708257,0.4,2.3590187517706362,-166.31492742321697,2000.9040850236574,2500,True,4.933553218841553,4.9033969999998135
dense,14,3014,amortized,gaussian,64,sigma,0.1954606949357069,0.2,-2.26965253214656,-166.31492742321697,2000.9040850236574,2500,True,4.933553218841553,4.9033969999998135
dense,15,3015,free,gaussian,1,CL,3.0001032850998612,3.0,0.0034428366620412967,-212.16078951027686,1526.0171494800213,15500,True,5.461212873458862,5.42697800000019
dense,15,3015,free,gaussian,1,V,30.40269399407301,30.0,1.3423133135767056,-212.16078951027686,1526.0171494800213,15500,True,5.461212873458862,5.42697800000019
dense,15,3015,free,gaussian,1,ka,1.1625664635160753,1.2,-3.119461373660389,-212.16078951027686,1526.0171494800213,15500,True,5.461212873458862,5.42697800000019
dense,15,3015,free,gaussian,1,om_CL,0.33943093511970684,0.3,13.143645039902285,-212.16078951027686,1526.0171494800213,15500,True,5.461212873458862,5.42697800000019
dense,15,3015,free,gaussian,1,om_V,0.10809156050946987,0.2,-45.954219745265064,-212.16078951027686,1526.0171494800213,15500,True,5.461212873458862,5.42697800000019
dense,15,3015,free,gaussian,1,om_ka,0.42210017523844523,0.4,5.525043809611302,-212.16078951027686,1526.0171494800213,15500,True,5.461212873458862,5.42697800000019
dense,15,3015,free,gaussian,1,sigma,0.2240178462918918,0.2,12.0089231459459,-212.16078951027686,1526.0171494800213,15500,True,5.461212873458862,5.42697800000019
dense,15,3015,free,gaussian,8,CL,3.013931101671024,3.0,0.46437005570079865,-200.59807215794908,1793.5229917553495,9000,True,4.59183406829834,4.563679000000093
dense,15,3015,free,gaussian,8,V,30.262650472525504,30.0,0.8755015750850129,-200.59807215794908,1793.5229917553495,9000,True,4.59183406829834,4.563679000000093
dense,15,3015,free,gaussian,8,ka,1.1570019780562066,1.2,-3.58316849531611,-200.59807215794908,1793.5229917553495,9000,True,4.59183406829834,4.563679000000093
dense,15,3015,free,gaussian,8,om_CL,0.34520350565350794,0.3,15.067835217835981,-200.59807215794908,1793.5229917553495,9000,True,4.59183406829834,4.563679000000093
dense,15,3015,free,gaussian,8,om_V,0.16737153816490208,0.2,-16.314230917548965,-200.59807215794908,1793.5229917553495,9000,True,4.59183406829834,4.563679000000093
dense,15,3015,free,gaussian,8,om_ka,0.4229030385966559,0.4,5.725759649163969,-200.59807215794908,1793.5229917553495,9000,True,4.59183406829834,4.563679000000093
dense,15,3015,free,gaussian,8,sigma,0.2020188585443211,0.2,1.0094292721605502,-200.59807215794908,1793.5229917553495,9000,True,4.59183406829834,4.563679000000093
dense,15,3015,free,gaussian,64,CL,2.9603019679634546,3.0,-1.3232677345515143,-199.6074074679833,1790.5969979776523,2000,True,3.489561080932617,3.465435999999954
dense,15,3015,free,gaussian,64,V,30.53275346121555,30.0,1.7758448707184964,-199.6074074679833,1790.5969979776523,2000,True,3.489561080932617,3.465435999999954
dense,15,3015,free,gaussian,64,ka,1.158187405753718,1.2,-3.4843828538568267,-199.6074074679833,1790.5969979776523,2000,True,3.489561080932617,3.465435999999954
dense,15,3015,free,gaussian,64,om_CL,0.34232677882570983,0.3,14.108926275236614,-199.6074074679833,1790.5969979776523,2000,True,3.489561080932617,3.465435999999954
dense,15,3015,free,gaussian,64,om_V,0.1845354189190657,0.2,-7.732290540467159,-199.6074074679833,1790.5969979776523,2000,True,3.489561080932617,3.465435999999954
dense,15,3015,free,gaussian,64,om_ka,0.4657513540633451,0.4,16.43783851583627,-199.6074074679833,1790.5969979776523,2000,True,3.489561080932617,3.465435999999954
dense,15,3015,free,gaussian,64,sigma,0.2004549357171055,0.2,0.22746785855273788,-199.6074074679833,1790.5969979776523,2000,True,3.489561080932617,3.465435999999954
dense,15,3015,amortized,gaussian,1,CL,3.015268955364686,3.0,0.5089651788228622,-231.8411483721951,3655.9830949982493,23500,True,12.584582328796387,12.506840000000011
dense,15,3015,amortized,gaussian,1,V,29.79393231112696,30.0,-0.6868922962434709,-231.8411483721951,3655.9830949982493,23500,True,12.584582328796387,12.506840000000011
dense,15,3015,amortized,gaussian,1,ka,1.1248142240328711,1.2,-6.26548133059407,-231.8411483721951,3655.9830949982493,23500,True,12.584582328796387,12.506840000000011
dense,15,3015,amortized,gaussian,1,om_CL,0.35041031312757454,0.3,16.803437709191517,-231.8411483721951,3655.9830949982493,23500,True,12.584582328796387,12.506840000000011
dense,15,3015,amortized,gaussian,1,om_V,0.017883976078159104,0.2,-91.05801196092045,-231.8411483721951,3655.9830949982493,23500,True,12.584582328796387,12.506840000000011
dense,15,3015,amortized,gaussian,1,om_ka,0.47395268002971547,0.4,18.48817000742886,-231.8411483721951,3655.9830949982493,23500,True,12.584582328796387,12.506840000000011
dense,15,3015,amortized,gaussian,1,sigma,0.2375184831485219,0.2,18.75924157426094,-231.8411483721951,3655.9830949982493,23500,True,12.584582328796387,12.506840000000011
dense,15,3015,amortized,gaussian,8,CL,2.9985092113443526,3.0,-0.0496929551882482,-200.65008324670333,1716.480147253814,24500,True,17.065696954727173,16.963083000000097
dense,15,3015,amortized,gaussian,8,V,30.18716422909961,30.0,0.6238807636653713,-200.65008324670333,1716.480147253814,24500,True,17.065696954727173,16.963083000000097
dense,15,3015,amortized,gaussian,8,ka,1.1392544092762635,1.2,-5.062132560311369,-200.65008324670333,1716.480147253814,24500,True,17.065696954727173,16.963083000000097
dense,15,3015,amortized,gaussian,8,om_CL,0.34417110592176686,0.3,14.723701973922292,-200.65008324670333,1716.480147253814,24500,True,17.065696954727173,16.963083000000097
dense,15,3015,amortized,gaussian,8,om_V,0.16726817965399665,0.2,-16.36591017300168,-200.65008324670333,1716.480147253814,24500,True,17.065696954727173,16.963083000000097
dense,15,3015,amortized,gaussian,8,om_ka,0.4440684312277217,0.4,11.017107806930424,-200.65008324670333,1716.480147253814,24500,True,17.065696954727173,16.963083000000097
dense,15,3015,amortized,gaussian,8,sigma,0.20627063888882397,0.2,3.135319444411977,-200.65008324670333,1716.480147253814,24500,True,17.065696954727173,16.963083000000097
dense,15,3015,amortized,gaussian,64,CL,3.059849477279373,3.0,1.9949825759791058,-199.89684298817232,1677.0956712560808,16000,True,32.007636070251465,31.71646099999998
dense,15,3015,amortized,gaussian,64,V,30.366945922064513,30.0,1.2231530735483769,-199.89684298817232,1677.0956712560808,16000,True,32.007636070251465,31.71646099999998
dense,15,3015,amortized,gaussian,64,ka,1.1808693646841144,1.2,-1.594219609657129,-199.89684298817232,1677.0956712560808,16000,True,32.007636070251465,31.71646099999998
dense,15,3015,amortized,gaussian,64,om_CL,0.3434014525758785,0.3,14.467150858626175,-199.89684298817232,1677.0956712560808,16000,True,32.007636070251465,31.71646099999998
dense,15,3015,amortized,gaussian,64,om_V,0.1823234851923269,0.2,-8.838257403836549,-199.89684298817232,1677.0956712560808,16000,True,32.007636070251465,31.71646099999998
dense,15,3015,amortized,gaussian,64,om_ka,0.45490806984692905,0.4,13.727017461732258,-199.89684298817232,1677.0956712560808,16000,True,32.007636070251465,31.71646099999998
dense,15,3015,amortized,gaussian,64,sigma,0.1999551336443062,0.2,-0.022433177846906127,-199.89684298817232,1677.0956712560808,16000,True,32.007636070251465,31.71646099999998
dense,16,3016,free,gaussian,1,CL,2.8193687136145202,3.0,-6.021042879515992,-193.31733365447155,1083.4832642668098,8750,True,3.1153793334960938,3.096361999999999
dense,16,3016,free,gaussian,1,V,30.06265442847866,30.0,0.20884809492886328,-193.31733365447155,1083.4832642668098,8750,True,3.1153793334960938,3.096361999999999
dense,16,3016,free,gaussian,1,ka,1.277934296807951,1.2,6.494524733995921,-193.31733365447155,1083.4832642668098,8750,True,3.1153793334960938,3.096361999999999
dense,16,3016,free,gaussian,1,om_CL,0.31406155901380317,0.3,4.687186337934394,-193.31733365447155,1083.4832642668098,8750,True,3.1153793334960938,3.096361999999999
dense,16,3016,free,gaussian,1,om_V,0.18028190664201074,0.2,-9.859046678994634,-193.31733365447155,1083.4832642668098,8750,True,3.1153793334960938,3.096361999999999
dense,16,3016,free,gaussian,1,om_ka,0.3265158917498892,0.4,-18.371027062527702,-193.31733365447155,1083.4832642668098,8750,True,3.1153793334960938,3.096361999999999
dense,16,3016,free,gaussian,1,sigma,0.21565381562287037,0.2,7.826907811435177,-193.31733365447155,1083.4832642668098,8750,True,3.1153793334960938,3.096361999999999
dense,16,3016,free,gaussian,8,CL,2.8925368366011184,3.0,-3.5821054466293876,-186.7594594500904,1492.2849009828758,4000,True,2.0979278087615967,2.0827050000000327
dense,16,3016,free,gaussian,8,V,28.872409334351094,30.0,-3.758635552163021,-186.7594594500904,1492.2849009828758,4000,True,2.0979278087615967,2.0827050000000327
dense,16,3016,free,gaussian,8,ka,1.2686352546494581,1.2,5.719604554121516,-186.7594594500904,1492.2849009828758,4000,True,2.0979278087615967,2.0827050000000327
dense,16,3016,free,gaussian,8,om_CL,0.3106556122871847,0.3,3.5518707623949006,-186.7594594500904,1492.2849009828758,4000,True,2.0979278087615967,2.0827050000000327
dense,16,3016,free,gaussian,8,om_V,0.19721974575714674,0.2,-1.3901271214266375,-186.7594594500904,1492.2849009828758,4000,True,2.0979278087615967,2.0827050000000327
dense,16,3016,free,gaussian,8,om_ka,0.40005991995220674,0.4,0.014979988051680437,-186.7594594500904,1492.2849009828758,4000,True,2.0979278087615967,2.0827050000000327
dense,16,3016,free,gaussian,8,sigma,0.2029161601150747,0.2,1.4580800575373503,-186.7594594500904,1492.2849009828758,4000,True,2.0979278087615967,2.0827050000000327
dense,16,3016,free,gaussian,64,CL,2.8331023266556565,3.0,-5.563255778144782,-186.8587095919147,1806.9366089854232,2250,True,4.0338969230651855,3.99417799999992
dense,16,3016,free,gaussian,64,V,29.247531466555767,30.0,-2.5082284448141103,-186.8587095919147,1806.9366089854232,2250,True,4.0338969230651855,3.99417799999992
dense,16,3016,free,gaussian,64,ka,1.2603608821917245,1.2,5.030073515977044,-186.8587095919147,1806.9366089854232,2250,True,4.0338969230651855,3.99417799999992
dense,16,3016,free,gaussian,64,om_CL,0.31739001547627216,0.3,5.796671825424057,-186.8587095919147,1806.9366089854232,2250,True,4.0338969230651855,3.99417799999992
dense,16,3016,free,gaussian,64,om_V,0.19893272427175027,0.2,-0.5336378641248724,-186.8587095919147,1806.9366089854232,2250,True,4.0338969230651855,3.99417799999992
dense,16,3016,free,gaussian,64,om_ka,0.4073309968325894,0.4,1.832749208147341,-186.8587095919147,1806.9366089854232,2250,True,4.0338969230651855,3.99417799999992
dense,16,3016,free,gaussian,64,sigma,0.1958774435063867,0.2,-2.061278246806658,-186.8587095919147,1806.9366089854232,2250,True,4.0338969230651855,3.99417799999992
dense,16,3016,amortized,gaussian,1,CL,2.8790635851432653,3.0,-4.0312138285578225,-191.96648356446968,1146.3366792514712,20500,True,11.402149200439453,11.282421999999997
dense,16,3016,amortized,gaussian,1,V,29.7694015414875,30.0,-0.7686615283749987,-191.96648356446968,1146.3366792514712,20500,True,11.402149200439453,11.282421999999997
dense,16,3016,amortized,gaussian,1,ka,1.2498386137128696,1.2,4.153217809405807,-191.96648356446968,1146.3366792514712,20500,True,11.402149200439453,11.282421999999997
dense,16,3016,amortized,gaussian,1,om_CL,0.31795433812744406,0.3,5.98477937581469,-191.96648356446968,1146.3366792514712,20500,True,11.402149200439453,11.282421999999997
dense,16,3016,amortized,gaussian,1,om_V,0.17772886414212258,0.2,-11.135567928938716,-191.96648356446968,1146.3366792514712,20500,True,11.402149200439453,11.282421999999997
dense,16,3016,amortized,gaussian,1,om_ka,0.32527128460710486,0.4,-18.68217884822379,-191.96648356446968,1146.3366792514712,20500,True,11.402149200439453,11.282421999999997
dense,16,3016,amortized,gaussian,1,sigma,0.2135174950023062,0.2,6.7587475011531,-191.96648356446968,1146.3366792514712,20500,True,11.402149200439453,11.282421999999997
dense,16,3016,amortized,gaussian,8,CL,2.903001642801663,3.0,-3.2332785732778944,-188.09223863973114,1676.3596562052646,24000,True,16.665186166763306,16.569799999999987
dense,16,3016,amortized,gaussian,8,V,28.772906661717823,30.0,-4.090311127607258,-188.09223863973114,1676.3596562052646,24000,True,16.665186166763306,16.569799999999987
dense,16,3016,amortized,gaussian,8,ka,1.2634655279999951,1.2,5.288793999999597,-188.09223863973114,1676.3596562052646,24000,True,16.665186166763306,16.569799999999987
dense,16,3016,amortized,gaussian,8,om_CL,0.3112316574963902,0.3,3.743885832130071,-188.09223863973114,1676.3596562052646,24000,True,16.665186166763306,16.569799999999987
dense,16,3016,amortized,gaussian,8,om_V,0.20487530514165153,0.2,2.43765257082576,-188.09223863973114,1676.3596562052646,24000,True,16.665186166763306,16.569799999999987
dense,16,3016,amortized,gaussian,8,om_ka,0.3676528307313657,0.4,-8.086792317158586,-188.09223863973114,1676.3596562052646,24000,True,16.665186166763306,16.569799999999987
dense,16,3016,amortized,gaussian,8,sigma,0.20169464966826495,0.2,0.847324834132468,-188.09223863973114,1676.3596562052646,24000,True,16.665186166763306,16.569799999999987
dense,16,3016,amortized,gaussian,64,CL,2.8459964494719507,3.0,-5.133451684268309,-187.54866745101657,2048.1793778600418,25000,False,48.50021696090698,48.19944499999997
dense,16,3016,amortized,gaussian,64,V,30.01921554008176,30.0,0.06405180027253247,-187.54866745101657,2048.1793778600418,25000,False,48.50021696090698,48.19944499999997
dense,16,3016,amortized,gaussian,64,ka,1.2359649887695785,1.2,2.9970823974648786,-187.54866745101657,2048.1793778600418,25000,False,48.50021696090698,48.19944499999997
dense,16,3016,amortized,gaussian,64,om_CL,0.3169615104986589,0.3,5.653836832886302,-187.54866745101657,2048.1793778600418,25000,False,48.50021696090698,48.19944499999997
dense,16,3016,amortized,gaussian,64,om_V,0.20932774665116513,0.2,4.66387332558256,-187.54866745101657,2048.1793778600418,25000,False,48.50021696090698,48.19944499999997
dense,16,3016,amortized,gaussian,64,om_ka,0.3769190593083021,0.4,-5.770235172924478,-187.54866745101657,2048.1793778600418,25000,False,48.50021696090698,48.19944499999997
dense,16,3016,amortized,gaussian,64,sigma,0.2001783519856036,0.2,0.089175992801796,-187.54866745101657,2048.1793778600418,25000,False,48.50021696090698,48.19944499999997
dense,17,3017,free,gaussian,1,CL,3.1601079396680607,3.0,5.33693132226869,-216.24375546207636,1060.1564060435646,7250,True,2.571577787399292,2.557301999999936
dense,17,3017,free,gaussian,1,V,29.403062994247747,30.0,-1.989790019174175,-216.24375546207636,1060.1564060435646,7250,True,2.571577787399292,2.557301999999936
dense,17,3017,free,gaussian,1,ka,1.2332642792875008,1.2,2.7720232739584056,-216.24375546207636,1060.1564060435646,7250,True,2.571577787399292,2.557301999999936
dense,17,3017,free,gaussian,1,om_CL,0.3100362911143419,0.3,3.3454303714473,-216.24375546207636,1060.1564060435646,7250,True,2.571577787399292,2.557301999999936
dense,17,3017,free,gaussian,1,om_V,0.19804206955897655,0.2,-0.9789652205117322,-216.24375546207636,1060.1564060435646,7250,True,2.571577787399292,2.557301999999936
dense,17,3017,free,gaussian,1,om_ka,0.2746077477482747,0.4,-31.348063062931335,-216.24375546207636,1060.1564060435646,7250,True,2.571577787399292,2.557301999999936
dense,17,3017,free,gaussian,1,sigma,0.22657345656840175,0.2,13.286728284200867,-216.24375546207636,1060.1564060435646,7250,True,2.571577787399292,2.557301999999936
dense,17,3017,free,gaussian,8,CL,3.131323153323295,3.0,4.377438444109834,-209.71980168828068,1622.8334645405873,11250,True,5.699444055557251,5.666852000000063
dense,17,3017,free,gaussian,8,V,29.276719830305932,30.0,-2.4109338989802254,-209.71980168828068,1622.8334645405873,11250,True,5.699444055557251,5.666852000000063
dense,17,3017,free,gaussian,8,ka,1.1976913037496315,1.2,-0.1923913541973706,-209.71980168828068,1622.8334645405873,11250,True,5.699444055557251,5.666852000000063
dense,17,3017,free,gaussian,8,om_CL,0.30692705832106715,0.3,2.3090194403557196,-209.71980168828068,1622.8334645405873,11250,True,5.699444055557251,5.666852000000063
dense,17,3017,free,gaussian,8,om_V,0.2122608297073332,0.2,6.130414853666597,-209.71980168828068,1622.8334645405873,11250,True,5.699444055557251,5.666852000000063
dense,17,3017,free,gaussian,8,om_ka,0.3309449455379677,0.4,-17.263763615508076,-209.71980168828068,1622.8334645405873,11250,True,5.699444055557251,5.666852000000063
dense,17,3017,free,gaussian,8,sigma,0.21119923829116574,0.2,5.599619145582865,-209.71980168828068,1622.8334645405873,11250,True,5.699444055557251,5.666852000000063
dense,17,3017,free,gaussian,64,CL,3.106487160380532,3.0,3.549572012684399,-208.6056687927957,1687.0353544304205,3500,True,5.9666290283203125,5.9286879999999655
dense,17,3017,free,gaussian,64,V,29.025408283572034,30.0,-3.2486390547598867,-208.6056687927957,1687.0353544304205,3500,True,5.9666290283203125,5.9286879999999655
dense,17,3017,free,gaussian,64,ka,1.2167951398745582,1.2,1.399594989546523,-208.6056687927957,1687.0353544304205,3500,True,5.9666290283203125,5.9286879999999655
dense,17,3017,free,gaussian,64,om_CL,0.3030336337344318,0.3,1.0112112448106096,-208.6056687927957,1687.0353544304205,3500,True,5.9666290283203125,5.9286879999999655
dense,17,3017,free,gaussian,64,om_V,0.22550234494336666,0.2,12.751172471683322,-208.6056687927957,1687.0353544304205,3500,True,5.9666290283203125,5.9286879999999655
dense,17,3017,free,gaussian,64,om_ka,0.3587212538361944,0.4,-10.319686540951402,-208.6056687927957,1687.0353544304205,3500,True,5.9666290283203125,5.9286879999999655
dense,17,3017,free,gaussian,64,sigma,0.20375242306202174,0.2,1.876211531010863,-208.6056687927957,1687.0353544304205,3500,True,5.9666290283203125,5.9286879999999655
dense,17,3017,amortized,gaussian,1,CL,3.0611095048568817,3.0,2.0369834952293906,-227.68991030774413,691.9877287297547,25000,False,13.344851016998291,13.26529000000005
dense,17,3017,amortized,gaussian,1,V,30.225463486306257,30.0,0.75154495435419,-227.68991030774413,691.9877287297547,25000,False,13.344851016998291,13.26529000000005
dense,17,3017,amortized,gaussian,1,ka,1.1945621361112073,1.2,-0.4531553240660532,-227.68991030774413,691.9877287297547,25000,False,13.344851016998291,13.26529000000005
dense,17,3017,amortized,gaussian,1,om_CL,0.285890587288459,0.3,-4.70313757051366,-227.68991030774413,691.9877287297547,25000,False,13.344851016998291,13.26529000000005
dense,17,3017,amortized,gaussian,1,om_V,0.19418667152783275,0.2,-2.906664236083628,-227.68991030774413,691.9877287297547,25000,False,13.344851016998291,13.26529000000005
dense,17,3017,amortized,gaussian,1,om_ka,0.2688068998643902,0.4,-32.79827503390245,-227.68991030774413,691.9877287297547,25000,False,13.344851016998291,13.26529000000005
dense,17,3017,amortized,gaussian,1,sigma,0.2472821206998789,0.2,23.64106034993944,-227.68991030774413,691.9877287297547,25000,False,13.344851016998291,13.26529000000005
dense,17,3017,amortized,gaussian,8,CL,3.1476060096888605,3.0,4.920200322962017,-209.8191447425745,1496.204679581788,17500,True,12.329377174377441,12.229344000000083
dense,17,3017,amortized,gaussian,8,V,28.971142367686912,30.0,-3.429525441043625,-209.8191447425745,1496.204679581788,17500,True,12.329377174377441,12.229344000000083
dense,17,3017,amortized,gaussian,8,ka,1.2191803772200525,1.2,1.5983647683377087,-209.8191447425745,1496.204679581788,17500,True,12.329377174377441,12.229344000000083
dense,17,3017,amortized,gaussian,8,om_CL,0.2970914517636025,0.3,-0.969516078799156,-209.8191447425745,1496.204679581788,17500,True,12.329377174377441,12.229344000000083
dense,17,3017,amortized,gaussian,8,om_V,0.20453427516879405,0.2,2.267137584397019,-209.8191447425745,1496.204679581788,17500,True,12.329377174377441,12.229344000000083
dense,17,3017,amortized,gaussian,8,om_ka,0.3409951012244216,0.4,-14.751224693894601,-209.8191447425745,1496.204679581788,17500,True,12.329377174377441,12.229344000000083
dense,17,3017,amortized,gaussian,8,sigma,0.215213096637484,0.2,7.6065483187419956,-209.8191447425745,1496.204679581788,17500,True,12.329377174377441,12.229344000000083
dense,17,3017,amortized,gaussian,64,CL,2.9816509292673063,3.0,-0.6116356910897883,-210.95269172280018,1610.89070065169,2750,True,5.4950761795043945,5.441510999999991
dense,17,3017,amortized,gaussian,64,V,29.899369337002266,30.0,-0.3354355433257794,-210.95269172280018,1610.89070065169,2750,True,5.4950761795043945,5.441510999999991
dense,17,3017,amortized,gaussian,64,ka,1.1855115274427848,1.2,-1.2073727131012661,-210.95269172280018,1610.89070065169,2750,True,5.4950761795043945,5.441510999999991
dense,17,3017,amortized,gaussian,64,om_CL,0.30688456913771944,0.3,2.294856379239818,-210.95269172280018,1610.89070065169,2750,True,5.4950761795043945,5.441510999999991
dense,17,3017,amortized,gaussian,64,om_V,0.2188826778313423,0.2,9.441338915671142,-210.95269172280018,1610.89070065169,2750,True,5.4950761795043945,5.441510999999991
dense,17,3017,amortized,gaussian,64,om_ka,0.36793897414449245,0.4,-8.015256463876893,-210.95269172280018,1610.89070065169,2750,True,5.4950761795043945,5.441510999999991
dense,17,3017,amortized,gaussian,64,sigma,0.2065126663455767,0.2,3.2563331727883393,-210.95269172280018,1610.89070065169,2750,True,5.4950761795043945,5.441510999999991
dense,18,3018,free,gaussian,1,CL,2.9078627258529854,3.0,-3.071242471567152,-148.69028970291842,1583.6530573645027,15500,True,5.53618311882019,5.488745999999992
dense,18,3018,free,gaussian,1,V,30.603049813266782,30.0,2.0101660442226077,-148.69028970291842,1583.6530573645027,15500,True,5.53618311882019,5.488745999999992
dense,18,3018,free,gaussian,1,ka,1.1616002276442725,1.2,-3.199981029643954,-148.69028970291842,1583.6530573645027,15500,True,5.53618311882019,5.488745999999992
dense,18,3018,free,gaussian,1,om_CL,0.27269524028461817,0.3,-9.101586571793941,-148.69028970291842,1583.6530573645027,15500,True,5.53618311882019,5.488745999999992
dense,18,3018,free,gaussian,1,om_V,0.18769807291788856,0.2,-6.150963541055723,-148.69028970291842,1583.6530573645027,15500,True,5.53618311882019,5.488745999999992
dense,18,3018,free,gaussian,1,om_ka,0.21367929047589013,0.4,-46.58017738102747,-148.69028970291842,1583.6530573645027,15500,True,5.53618311882019,5.488745999999992
dense,18,3018,free,gaussian,1,sigma,0.21104754782417992,0.2,5.523773912089955,-148.69028970291842,1583.6530573645027,15500,True,5.53618311882019,5.488745999999992
dense,18,3018,free,gaussian,8,CL,2.9411018231481414,3.0,-1.9632725617286202,-142.3575953916855,1840.5250292666512,9500,True,4.849631071090698,4.819203000000016
dense,18,3018,free,gaussian,8,V,30.052988414228505,30.0,0.17662804742834956,-142.3575953916855,1840.5250292666512,9500,True,4.849631071090698,4.819203000000016
dense,18,3018,free,gaussian,8,ka,1.1432265314157306,1.2,-4.731122382022446,-142.3575953916855,1840.5250292666512,9500,True,4.849631071090698,4.819203000000016
dense,18,3018,free,gaussian,8,om_CL,0.27107955632108827,0.3,-9.640147892970575,-142.3575953916855,1840.5250292666512,9500,True,4.849631071090698,4.819203000000016
dense,18,3018,free,gaussian,8,om_V,0.1774878748465377,0.2,-11.25606257673116,-142.3575953916855,1840.5250292666512,9500,True,4.849631071090698,4.819203000000016
dense,18,3018,free,gaussian,8,om_ka,0.31030161632748127,0.4,-22.42459591812969,-142.3575953916855,1840.5250292666512,9500,True,4.849631071090698,4.819203000000016
dense,18,3018,free,gaussian,8,sigma,0.1986656976075295,0.2,-0.667151196235255,-142.3575953916855,1840.5250292666512,9500,True,4.849631071090698,4.819203000000016
dense,18,3018,free,gaussian,64,CL,2.872537247997813,3.0,-4.248758400072905,-141.85368947567315,1950.6649986155867,4250,True,7.2492640018463135,7.20371699999987
dense,18,3018,free,gaussian,64,V,30.187176743932053,30.0,0.6239224797735096,-141.85368947567315,1950.6649986155867,4250,True,7.2492640018463135,7.20371699999987
dense,18,3018,free,gaussian,64,ka,1.157626178586782,1.2,-3.5311517844348237,-141.85368947567315,1950.6649986155867,4250,True,7.2492640018463135,7.20371699999987
dense,18,3018,free,gaussian,64,om_CL,0.26770842057290833,0.3,-10.763859809030553,-141.85368947567315,1950.6649986155867,4250,True,7.2492640018463135,7.20371699999987
dense,18,3018,free,gaussian,64,om_V,0.1850708110395511,0.2,-7.464594480224462,-141.85368947567315,1950.6649986155867,4250,True,7.2492640018463135,7.20371699999987
dense,18,3018,free,gaussian,64,om_ka,0.3365689459041891,0.4,-15.857763523952725,-141.85368947567315,1950.6649986155867,4250,True,7.2492640018463135,7.20371699999987
dense,18,3018,free,gaussian,64,sigma,0.19363836270874835,0.2,-3.1808186456258323,-141.85368947567315,1950.6649986155867,4250,True,7.2492640018463135,7.20371699999987
dense,18,3018,amortized,gaussian,1,CL,2.9041952885795688,3.0,-3.193490380681041,-150.04958000564852,1297.653782233826,17500,True,9.38284182548523,9.326188000000002
dense,18,3018,amortized,gaussian,1,V,30.273814128435276,30.0,0.9127137614509214,-150.04958000564852,1297.653782233826,17500,True,9.38284182548523,9.326188000000002
dense,18,3018,amortized,gaussian,1,ka,1.1647603580883645,1.2,-2.9366368259696185,-150.04958000564852,1297.653782233826,17500,True,9.38284182548523,9.326188000000002
dense,18,3018,amortized,gaussian,1,om_CL,0.2567175369815011,0.3,-14.427487672832955,-150.04958000564852,1297.653782233826,17500,True,9.38284182548523,9.326188000000002
dense,18,3018,amortized,gaussian,1,om_V,0.177817574443087,0.2,-11.091212778456509,-150.04958000564852,1297.653782233826,17500,True,9.38284182548523,9.326188000000002
dense,18,3018,amortized,gaussian,1,om_ka,0.2255618768481204,0.4,-43.6095307879699,-150.04958000564852,1297.653782233826,17500,True,9.38284182548523,9.326188000000002
dense,18,3018,amortized,gaussian,1,sigma,0.21314754480229522,0.2,6.573772401147606,-150.04958000564852,1297.653782233826,17500,True,9.38284182548523,9.326188000000002
dense,18,3018,amortized,gaussian,8,CL,3.0201499709476383,3.0,0.6716656982546088,-142.66364782905916,1678.4585835949367,13250,True,9.253380298614502,9.194389999999885
dense,18,3018,amortized,gaussian,8,V,30.486960473978517,30.0,1.623201579928389,-142.66364782905916,1678.4585835949367,13250,True,9.253380298614502,9.194389999999885
dense,18,3018,amortized,gaussian,8,ka,1.1457843029601156,1.2,-4.517974753323698,-142.66364782905916,1678.4585835949367,13250,True,9.253380298614502,9.194389999999885
dense,18,3018,amortized,gaussian,8,om_CL,0.2730477207073688,0.3,-8.984093097543722,-142.66364782905916,1678.4585835949367,13250,True,9.253380298614502,9.194389999999885
dense,18,3018,amortized,gaussian,8,om_V,0.1845313546494695,0.2,-7.734322675265261,-142.66364782905916,1678.4585835949367,13250,True,9.253380298614502,9.194389999999885
dense,18,3018,amortized,gaussian,8,om_ka,0.30831484451701896,0.4,-22.921288870745265,-142.66364782905916,1678.4585835949367,13250,True,9.253380298614502,9.194389999999885
dense,18,3018,amortized,gaussian,8,sigma,0.19749501593614055,0.2,-1.2524920319297306,-142.66364782905916,1678.4585835949367,13250,True,9.253380298614502,9.194389999999885
dense,18,3018,amortized,gaussian,64,CL,2.9860318267378467,3.0,-0.46560577540510906,-141.94619063158098,1903.7734691384146,20750,True,40.75558114051819,40.314990999999964
dense,18,3018,amortized,gaussian,64,V,29.904718075755092,30.0,-0.3176064141496937,-141.94619063158098,1903.7734691384146,20750,True,40.75558114051819,40.314990999999964
dense,18,3018,amortized,gaussian,64,ka,1.1414039889773877,1.2,-4.883000918551021,-141.94619063158098,1903.7734691384146,20750,True,40.75558114051819,40.314990999999964
dense,18,3018,amortized,gaussian,64,om_CL,0.2731699755134445,0.3,-8.94334149551849,-141.94619063158098,1903.7734691384146,20750,True,40.75558114051819,40.314990999999964
dense,18,3018,amortized,gaussian,64,om_V,0.1921890852780364,0.2,-3.905457360981801,-141.94619063158098,1903.7734691384146,20750,True,40.75558114051819,40.314990999999964
dense,18,3018,amortized,gaussian,64,om_ka,0.3362793981554003,0.4,-15.930150461149926,-141.94619063158098,1903.7734691384146,20750,True,40.75558114051819,40.314990999999964
dense,18,3018,amortized,gaussian,64,sigma,0.1948927004232927,0.2,-2.5536497883536513,-141.94619063158098,1903.7734691384146,20750,True,40.75558114051819,40.314990999999964
dense,19,3019,free,gaussian,1,CL,2.97672362269641,3.0,-0.7758792434529926,-191.80375794353316,1527.08555843737,18500,True,6.70434308052063,6.63141799999994
dense,19,3019,free,gaussian,1,V,29.78169561579938,30.0,-0.7276812806687379,-191.80375794353316,1527.08555843737,18500,True,6.70434308052063,6.63141799999994
dense,19,3019,free,gaussian,1,ka,1.1866171953982996,1.2,-1.1152337168083652,-191.80375794353316,1527.08555843737,18500,True,6.70434308052063,6.63141799999994
dense,19,3019,free,gaussian,1,om_CL,0.28481146676095015,0.3,-5.062844413016613,-191.80375794353316,1527.08555843737,18500,True,6.70434308052063,6.63141799999994
dense,19,3019,free,gaussian,1,om_V,0.13030569934833963,0.2,-34.847150325830185,-191.80375794353316,1527.08555843737,18500,True,6.70434308052063,6.63141799999994
dense,19,3019,free,gaussian,1,om_ka,0.34720820748904024,0.4,-13.197948127739943,-191.80375794353316,1527.08555843737,18500,True,6.70434308052063,6.63141799999994
dense,19,3019,free,gaussian,1,sigma,0.2235943361756728,0.2,11.797168087836386,-191.80375794353316,1527.08555843737,18500,True,6.70434308052063,6.63141799999994
dense,19,3019,free,gaussian,8,CL,2.9592830287950576,3.0,-1.3572323734980813,-184.09219568230895,1825.0971740676648,7750,True,4.441554069519043,4.354084999999941
dense,19,3019,free,gaussian,8,V,29.46775656263663,30.0,-1.7741447912112325,-184.09219568230895,1825.0971740676648,7750,True,4.441554069519043,4.354084999999941
dense,19,3019,free,gaussian,8,ka,1.1960587587004767,1.2,-0.3284367749602687,-184.09219568230895,1825.0971740676648,7750,True,4.441554069519043,4.354084999999941
dense,19,3019,free,gaussian,8,om_CL,0.286135793792403,0.3,-4.621402069198996,-184.09219568230895,1825.0971740676648,7750,True,4.441554069519043,4.354084999999941
dense,19,3019,free,gaussian,8,om_V,0.1737740284108673,0.2,-13.112985794566349,-184.09219568230895,1825.0971740676648,7750,True,4.441554069519043,4.354084999999941
dense,19,3019,free,gaussian,8,om_ka,0.3732201582329843,0.4,-6.694960441753925,-184.09219568230895,1825.0971740676648,7750,True,4.441554069519043,4.354084999999941
dense,19,3019,free,gaussian,8,sigma,0.2072311523650823,0.2,3.615576182541144,-184.09219568230895,1825.0971740676648,7750,True,4.441554069519043,4.354084999999941
dense,19,3019,free,gaussian,64,CL,3.060508980601075,3.0,2.016966020035834,-184.3377234859767,1854.3387781398087,10500,True,18.106105089187622,17.93505200000004
dense,19,3019,free,gaussian,64,V,29.338707840979758,30.0,-2.2043071967341397,-184.3377234859767,1854.3387781398087,10500,True,18.106105089187622,17.93505200000004
dense,19,3019,free,gaussian,64,ka,1.198408836871522,1.2,-0.1325969273731631,-184.3377234859767,1854.3387781398087,10500,True,18.106105089187622,17.93505200000004
dense,19,3019,free,gaussian,64,om_CL,0.2903348035414137,0.3,-3.221732152862089,-184.3377234859767,1854.3387781398087,10500,True,18.106105089187622,17.93505200000004
dense,19,3019,free,gaussian,64,om_V,0.17930753004522557,0.2,-10.346234977387223,-184.3377234859767,1854.3387781398087,10500,True,18.106105089187622,17.93505200000004
dense,19,3019,free,gaussian,64,om_ka,0.39170517355967327,0.4,-2.073706610081688,-184.3377234859767,1854.3387781398087,10500,True,18.106105089187622,17.93505200000004
dense,19,3019,free,gaussian,64,sigma,0.20688449570972625,0.2,3.44224785486312,-184.3377234859767,1854.3387781398087,10500,True,18.106105089187622,17.93505200000004
dense,19,3019,amortized,gaussian,1,CL,3.082050521633531,3.0,2.735017387784374,-190.0961416977826,1682.8484877793016,22750,True,12.705339193344116,12.556376999999884
dense,19,3019,amortized,gaussian,1,V,29.423831635165072,30.0,-1.9205612161164254,-190.0961416977826,1682.8484877793016,22750,True,12.705339193344116,12.556376999999884
dense,19,3019,amortized,gaussian,1,ka,1.1830896110212623,1.2,-1.4091990815614706,-190.0961416977826,1682.8484877793016,22750,True,12.705339193344116,12.556376999999884
dense,19,3019,amortized,gaussian,1,om_CL,0.30128441567516623,0.3,0.4281385583887465,-190.0961416977826,1682.8484877793016,22750,True,12.705339193344116,12.556376999999884
dense,19,3019,amortized,gaussian,1,om_V,0.15026065037014374,0.2,-24.869674814928135,-190.0961416977826,1682.8484877793016,22750,True,12.705339193344116,12.556376999999884
dense,19,3019,amortized,gaussian,1,om_ka,0.32242892081445734,0.4,-19.392769796385668,-190.0961416977826,1682.8484877793016,22750,True,12.705339193344116,12.556376999999884
dense,19,3019,amortized,gaussian,1,sigma,0.22258145112869213,0.2,11.290725564346058,-190.0961416977826,1682.8484877793016,22750,True,12.705339193344116,12.556376999999884
dense,19,3019,amortized,gaussian,8,CL,2.989961382065058,3.0,-0.3346205978314032,-184.6691196139137,1900.0093249854435,10750,True,7.673701047897339,7.587330000000065
dense,19,3019,amortized,gaussian,8,V,29.523067062087822,30.0,-1.5897764597072594,-184.6691196139137,1900.0093249854435,10750,True,7.673701047897339,7.587330000000065
dense,19,3019,amortized,gaussian,8,ka,1.1965357100667973,1.2,-0.2886908277668909,-184.6691196139137,1900.0093249854435,10750,True,7.673701047897339,7.587330000000065
dense,19,3019,amortized,gaussian,8,om_CL,0.29209765385058034,0.3,-2.634115383139883,-184.6691196139137,1900.0093249854435,10750,True,7.673701047897339,7.587330000000065
dense,19,3019,amortized,gaussian,8,om_V,0.16417028689089413,0.2,-17.914856554552937,-184.6691196139137,1900.0093249854435,10750,True,7.673701047897339,7.587330000000065
dense,19,3019,amortized,gaussian,8,om_ka,0.3675968919285588,0.4,-8.100777017860299,-184.6691196139137,1900.0093249854435,10750,True,7.673701047897339,7.587330000000065
dense,19,3019,amortized,gaussian,8,sigma,0.21083086211650032,0.2,5.415431058250153,-184.6691196139137,1900.0093249854435,10750,True,7.673701047897339,7.587330000000065
dense,19,3019,amortized,gaussian,64,CL,3.002173869687486,3.0,0.07246232291620025,-183.99289035157713,2124.7228266500174,17000,True,33.00947189331055,32.77194600000007
dense,19,3019,amortized,gaussian,64,V,29.493011040180285,30.0,-1.68996319939905,-183.99289035157713,2124.7228266500174,17000,True,33.00947189331055,32.77194600000007
dense,19,3019,amortized,gaussian,64,ka,1.1918922552359024,1.2,-0.6756453970081326,-183.99289035157713,2124.7228266500174,17000,True,33.00947189331055,32.77194600000007
dense,19,3019,amortized,gaussian,64,om_CL,0.28861107293035043,0.3,-3.7963090232165193,-183.99289035157713,2124.7228266500174,17000,True,33.00947189331055,32.77194600000007
dense,19,3019,amortized,gaussian,64,om_V,0.18305527893036222,0.2,-8.472360534818895,-183.99289035157713,2124.7228266500174,17000,True,33.00947189331055,32.77194600000007
dense,19,3019,amortized,gaussian,64,om_ka,0.3686587224543941,0.4,-7.835319386401474,-183.99289035157713,2124.7228266500174,17000,True,33.00947189331055,32.77194600000007
dense,19,3019,amortized,gaussian,64,sigma,0.21032102940807668,0.2,5.160514704038333,-183.99289035157713,2124.7228266500174,17000,True,33.00947189331055,32.77194600000007
dense,20,3020,free,gaussian,1,CL,2.9521746436710163,3.0,-1.5941785442994554,-146.38015665700212,1269.4115266366794,19750,True,6.891176223754883,6.848400000000083
dense,20,3020,free,gaussian,1,V,31.323045719487528,30.0,4.410152398291759,-146.38015665700212,1269.4115266366794,19750,True,6.891176223754883,6.848400000000083
dense,20,3020,free,gaussian,1,ka,1.3416142408734362,1.2,11.80118673945302,-146.38015665700212,1269.4115266366794,19750,True,6.891176223754883,6.848400000000083
dense,20,3020,free,gaussian,1,om_CL,0.29230860184707125,0.3,-2.5637993843095805,-146.38015665700212,1269.4115266366794,19750,True,6.891176223754883,6.848400000000083
dense,20,3020,free,gaussian,1,om_V,0.14697010054701354,0.2,-26.514949726493235,-146.38015665700212,1269.4115266366794,19750,True,6.891176223754883,6.848400000000083
dense,20,3020,free,gaussian,1,om_ka,0.38781557991621624,0.4,-3.0461050209459466,-146.38015665700212,1269.4115266366794,19750,True,6.891176223754883,6.848400000000083
dense,20,3020,free,gaussian,1,sigma,0.20157474456327326,0.2,0.7873722816366252,-146.38015665700212,1269.4115266366794,19750,True,6.891176223754883,6.848400000000083
dense,20,3020,free,gaussian,8,CL,2.9558232513660574,3.0,-1.472558287798087,-141.87498732112206,1779.8871931144506,10250,True,5.220172166824341,5.170699000000013
dense,20,3020,free,gaussian,8,V,30.657265003349966,30.0,2.1908833444998876,-141.87498732112206,1779.8871931144506,10250,True,5.220172166824341,5.170699000000013
dense,20,3020,free,gaussian,8,ka,1.3424034335813388,1.2,11.866952798444908,-141.87498732112206,1779.8871931144506,10250,True,5.220172166824341,5.170699000000013
dense,20,3020,free,gaussian,8,om_CL,0.29065926817116916,0.3,-3.113577276276943,-141.87498732112206,1779.8871931144506,10250,True,5.220172166824341,5.170699000000013
dense,20,3020,free,gaussian,8,om_V,0.1747682386624708,0.2,-12.615880668764609,-141.87498732112206,1779.8871931144506,10250,True,5.220172166824341,5.170699000000013
dense,20,3020,free,gaussian,8,om_ka,0.4203318554281885,0.4,5.082963857047123,-141.87498732112206,1779.8871931144506,10250,True,5.220172166824341,5.170699000000013
dense,20,3020,free,gaussian,8,sigma,0.1900213229353774,0.2,-4.989338532311302,-141.87498732112206,1779.8871931144506,10250,True,5.220172166824341,5.170699000000013
dense,20,3020,free,gaussian,64,CL,2.9682984068467277,3.0,-1.056719771775742,-141.02569260854494,1753.2375531947343,7500,True,12.595782995223999,12.517239000000018
dense,20,3020,free,gaussian,64,V,31.098909982769406,30.0,3.663033275898021,-141.02569260854494,1753.2375531947343,7500,True,12.595782995223999,12.517239000000018
dense,20,3020,free,gaussian,64,ka,1.34031062381976,1.2,11.69255198498,-141.02569260854494,1753.2375531947343,7500,True,12.595782995223999,12.517239000000018
dense,20,3020,free,gaussian,64,om_CL,0.2898773009317147,0.3,-3.37423302276176,-141.02569260854494,1753.2375531947343,7500,True,12.595782995223999,12.517239000000018
dense,20,3020,free,gaussian,64,om_V,0.1798620264154349,0.2,-10.06898679228256,-141.02569260854494,1753.2375531947343,7500,True,12.595782995223999,12.517239000000018
dense,20,3020,free,gaussian,64,om_ka,0.4344909478351131,0.4,8.62273695877827,-141.02569260854494,1753.2375531947343,7500,True,12.595782995223999,12.517239000000018
dense,20,3020,free,gaussian,64,sigma,0.18987981292346318,0.2,-5.060093538268418,-141.02569260854494,1753.2375531947343,7500,True,12.595782995223999,12.517239000000018
dense,20,3020,amortized,gaussian,1,CL,2.9922326267559196,3.0,-0.2589124414693463,-161.64717050274749,1166.1936242005659,18250,True,9.668734073638916,9.613375000000133
dense,20,3020,amortized,gaussian,1,V,31.066557133617682,30.0,3.5551904453922725,-161.64717050274749,1166.1936242005659,18250,True,9.668734073638916,9.613375000000133
dense,20,3020,amortized,gaussian,1,ka,1.3297759584134654,1.2,10.814663201122121,-161.64717050274749,1166.1936242005659,18250,True,9.668734073638916,9.613375000000133
dense,20,3020,amortized,gaussian,1,om_CL,0.27817891759150787,0.3,-7.273694136164041,-161.64717050274749,1166.1936242005659,18250,True,9.668734073638916,9.613375000000133
dense,20,3020,amortized,gaussian,1,om_V,0.1196637137965123,0.2,-40.168143101743844,-161.64717050274749,1166.1936242005659,18250,True,9.668734073638916,9.613375000000133
dense,20,3020,amortized,gaussian,1,om_ka,0.4372630621458929,0.4,9.315765536473217,-161.64717050274749,1166.1936242005659,18250,True,9.668734073638916,9.613375000000133
dense,20,3020,amortized,gaussian,1,sigma,0.23717597370527216,0.2,18.58798685263607,-161.64717050274749,1166.1936242005659,18250,True,9.668734073638916,9.613375000000133
dense,20,3020,amortized,gaussian,8,CL,2.9434413564603235,3.0,-1.8852881179892182,-141.97791136028889,1827.2272018231563,6250,True,4.370416879653931,4.344411000000036
dense,20,3020,amortized,gaussian,8,V,31.084196567058815,30.0,3.613988556862715,-141.97791136028889,1827.2272018231563,6250,True,4.370416879653931,4.344411000000036
dense,20,3020,amortized,gaussian,8,ka,1.34647437737452,1.2,12.206198114543339,-141.97791136028889,1827.2272018231563,6250,True,4.370416879653931,4.344411000000036
dense,20,3020,amortized,gaussian,8,om_CL,0.2889479638475111,0.3,-3.6840120508296326,-141.97791136028889,1827.2272018231563,6250,True,4.370416879653931,4.344411000000036
dense,20,3020,amortized,gaussian,8,om_V,0.1717465931713834,0.2,-14.1267034143083,-141.97791136028889,1827.2272018231563,6250,True,4.370416879653931,4.344411000000036
dense,20,3020,amortized,gaussian,8,om_ka,0.394722224572056,0.4,-1.3194438569859994,-141.97791136028889,1827.2272018231563,6250,True,4.370416879653931,4.344411000000036
dense,20,3020,amortized,gaussian,8,sigma,0.1926371028479659,0.2,-3.681448576017057,-141.97791136028889,1827.2272018231563,6250,True,4.370416879653931,4.344411000000036
dense,20,3020,amortized,gaussian,64,CL,2.963320537787223,3.0,-1.222648740425895,-141.34660116946765,1798.2660512714808,15000,True,28.824211835861206,28.653412000000117
dense,20,3020,amortized,gaussian,64,V,30.71978099095839,30.0,2.399269969861303,-141.34660116946765,1798.2660512714808,15000,True,28.824211835861206,28.653412000000117
dense,20,3020,amortized,gaussian,64,ka,1.3389355637724818,1.2,11.577963647706822,-141.34660116946765,1798.2660512714808,15000,True,28.824211835861206,28.653412000000117
dense,20,3020,amortized,gaussian,64,om_CL,0.2897058257201633,0.3,-3.431391426612233,-141.34660116946765,1798.2660512714808,15000,True,28.824211835861206,28.653412000000117
dense,20,3020,amortized,gaussian,64,om_V,0.18770185656750374,0.2,-6.149071716248136,-141.34660116946765,1798.2660512714808,15000,True,28.824211835861206,28.653412000000117
dense,20,3020,amortized,gaussian,64,om_ka,0.4542013108161044,0.4,13.550327704026088,-141.34660116946765,1798.2660512714808,15000,True,28.824211835861206,28.653412000000117
dense,20,3020,amortized,gaussian,64,sigma,0.1868534184850547,0.2,-6.573290757472649,-141.34660116946765,1798.2660512714808,15000,True,28.824211835861206,28.653412000000117
dense,21,3021,free,gaussian,1,CL,3.0220482797715134,3.0,0.7349426590504452,-187.30006826293402,1161.323461646779,11500,True,4.035890817642212,4.008884999999964
dense,21,3021,free,gaussian,1,V,30.688578464977034,30.0,2.2952615499234477,-187.30006826293402,1161.323461646779,11500,True,4.035890817642212,4.008884999999964
dense,21,3021,free,gaussian,1,ka,1.2600184779708647,1.2,5.0015398309054,-187.30006826293402,1161.323461646779,11500,True,4.035890817642212,4.008884999999964
dense,21,3021,free,gaussian,1,om_CL,0.2525140900383671,0.3,-15.828636653877627,-187.30006826293402,1161.323461646779,11500,True,4.035890817642212,4.008884999999964
dense,21,3021,free,gaussian,1,om_V,0.18021090500093664,0.2,-9.894547499531683,-187.30006826293402,1161.323461646779,11500,True,4.035890817642212,4.008884999999964
dense,21,3021,free,gaussian,1,om_ka,0.32502144949172435,0.4,-18.74463762706892,-187.30006826293402,1161.323461646779,11500,True,4.035890817642212,4.008884999999964
dense,21,3021,free,gaussian,1,sigma,0.2234568636692319,0.2,11.728431834615941,-187.30006826293402,1161.323461646779,11500,True,4.035890817642212,4.008884999999964
dense,21,3021,free,gaussian,8,CL,3.0536435428055455,3.0,1.7881180935181835,-181.0480484986639,1512.5881992839325,2500,True,1.32035493850708,1.3102340000000368
dense,21,3021,free,gaussian,8,V,30.25433361192631,30.0,0.8477787064210318,-181.0480484986639,1512.5881992839325,2500,True,1.32035493850708,1.3102340000000368
dense,21,3021,free,gaussian,8,ka,1.1839684632378422,1.2,-1.3359613968464783,-181.0480484986639,1512.5881992839325,2500,True,1.32035493850708,1.3102340000000368
dense,21,3021,free,gaussian,8,om_CL,0.26575614842508827,0.3,-11.414617191637241,-181.0480484986639,1512.5881992839325,2500,True,1.32035493850708,1.3102340000000368
dense,21,3021,free,gaussian,8,om_V,0.1970471219798922,0.2,-1.476439010053912,-181.0480484986639,1512.5881992839325,2500,True,1.32035493850708,1.3102340000000368
dense,21,3021,free,gaussian,8,om_ka,0.38856221251954237,0.4,-2.8594468701144127,-181.0480484986639,1512.5881992839325,2500,True,1.32035493850708,1.3102340000000368
dense,21,3021,free,gaussian,8,sigma,0.20810072509983718,0.2,4.050362549918584,-181.0480484986639,1512.5881992839325,2500,True,1.32035493850708,1.3102340000000368
dense,21,3021,free,gaussian,64,CL,3.005136103163181,3.0,0.1712034387726972,-179.2653568211791,1838.5015011402668,8000,True,13.438974857330322,13.35370499999999
dense,21,3021,free,gaussian,64,V,29.693410599517247,30.0,-1.0219646682758448,-179.2653568211791,1838.5015011402668,8000,True,13.438974857330322,13.35370499999999
dense,21,3021,free,gaussian,64,ka,1.2588852951554435,1.2,4.907107929620292,-179.2653568211791,1838.5015011402668,8000,True,13.438974857330322,13.35370499999999
dense,21,3021,free,gaussian,64,om_CL,0.26248846844136176,0.3,-12.503843852879413,-179.2653568211791,1838.5015011402668,8000,True,13.438974857330322,13.35370499999999
dense,21,3021,free,gaussian,64,om_V,0.2100932083359802,0.2,5.04660416799009,-179.2653568211791,1838.5015011402668,8000,True,13.438974857330322,13.35370499999999
dense,21,3021,free,gaussian,64,om_ka,0.409533187684023,0.4,2.383296921005751,-179.2653568211791,1838.5015011402668,8000,True,13.438974857330322,13.35370499999999
dense,21,3021,free,gaussian,64,sigma,0.20166464979387408,0.2,0.8323248969370339,-179.2653568211791,1838.5015011402668,8000,True,13.438974857330322,13.35370499999999
dense,21,3021,amortized,gaussian,1,CL,2.9866101173116255,3.0,-0.4463294229458163,-197.1581909945758,907.3744392232617,15500,True,8.26813817024231,8.214482999999973
dense,21,3021,amortized,gaussian,1,V,31.087595582667635,30.0,3.6253186088921177,-197.1581909945758,907.3744392232617,15500,True,8.26813817024231,8.214482999999973
dense,21,3021,amortized,gaussian,1,ka,1.2803097439772444,1.2,6.692478664770371,-197.1581909945758,907.3744392232617,15500,True,8.26813817024231,8.214482999999973
dense,21,3021,amortized,gaussian,1,om_CL,0.266395981229654,0.3,-11.201339590115323,-197.1581909945758,907.3744392232617,15500,True,8.26813817024231,8.214482999999973
dense,21,3021,amortized,gaussian,1,om_V,0.20656448897706167,0.2,3.2822444885308304,-197.1581909945758,907.3744392232617,15500,True,8.26813817024231,8.214482999999973
dense,21,3021,amortized,gaussian,1,om_ka,0.22328155259787136,0.4,-44.17961185053216,-197.1581909945758,907.3744392232617,15500,True,8.26813817024231,8.214482999999973
dense,21,3021,amortized,gaussian,1,sigma,0.24019289731487076,0.2,20.09644865743537,-197.1581909945758,907.3744392232617,15500,True,8.26813817024231,8.214482999999973
dense,21,3021,amortized,gaussian,8,CL,2.972690999454136,3.0,-0.9103000181954682,-180.25698848128224,1318.2095886469092,11000,True,7.659405708312988,7.6115839999999935
dense,21,3021,amortized,gaussian,8,V,30.87036443489548,30.0,2.901214782984939,-180.25698848128224,1318.2095886469092,11000,True,7.659405708312988,7.6115839999999935
dense,21,3021,amortized,gaussian,8,ka,1.2202062258490767,1.2,1.6838521540897267,-180.25698848128224,1318.2095886469092,11000,True,7.659405708312988,7.6115839999999935
dense,21,3021,amortized,gaussian,8,om_CL,0.2673319764686408,0.3,-10.889341177119725,-180.25698848128224,1318.2095886469092,11000,True,7.659405708312988,7.6115839999999935
dense,21,3021,amortized,gaussian,8,om_V,0.20289414189952323,0.2,1.4470709497616112,-180.25698848128224,1318.2095886469092,11000,True,7.659405708312988,7.6115839999999935
dense,21,3021,amortized,gaussian,8,om_ka,0.3744647275720558,0.4,-6.383818106986059,-180.25698848128224,1318.2095886469092,11000,True,7.659405708312988,7.6115839999999935
dense,21,3021,amortized,gaussian,8,sigma,0.2063289742754336,0.2,3.16448713771679,-180.25698848128224,1318.2095886469092,11000,True,7.659405708312988,7.6115839999999935
dense,21,3021,amortized,gaussian,64,CL,2.9978333862150475,3.0,-0.07222045949841771,-179.26551332345917,1450.0603418999797,19250,True,37.2284619808197,36.98315199999979
dense,21,3021,amortized,gaussian,64,V,29.838758670455448,30.0,-0.5374710984818402,-179.26551332345917,1450.0603418999797,19250,True,37.2284619808197,36.98315199999979
dense,21,3021,amortized,gaussian,64,ka,1.2405106171953708,1.2,3.375884766280905,-179.26551332345917,1450.0603418999797,19250,True,37.2284619808197,36.98315199999979
dense,21,3021,amortized,gaussian,64,om_CL,0.26517205768339874,0.3,-11.609314105533748,-179.26551332345917,1450.0603418999797,19250,True,37.2284619808197,36.98315199999979
dense,21,3021,amortized,gaussian,64,om_V,0.20926017596720675,0.2,4.63008798360337,-179.26551332345917,1450.0603418999797,19250,True,37.2284619808197,36.98315199999979
dense,21,3021,amortized,gaussian,64,om_ka,0.39745670805342187,0.4,-0.6358229866445381,-179.26551332345917,1450.0603418999797,19250,True,37.2284619808197,36.98315199999979
dense,21,3021,amortized,gaussian,64,sigma,0.20241245530330376,0.2,1.2062276516518755,-179.26551332345917,1450.0603418999797,19250,True,37.2284619808197,36.98315199999979
dense,22,3022,free,gaussian,1,CL,3.1348179634532074,3.0,4.493932115106913,-209.08637519445872,1198.4823068981661,12000,True,4.21433687210083,4.188850999999886
dense,22,3022,free,gaussian,1,V,29.382585346186477,30.0,-2.058048846045075,-209.08637519445872,1198.4823068981661,12000,True,4.21433687210083,4.188850999999886
dense,22,3022,free,gaussian,1,ka,1.130221925205463,1.2,-5.8148395662114085,-209.08637519445872,1198.4823068981661,12000,True,4.21433687210083,4.188850999999886
dense,22,3022,free,gaussian,1,om_CL,0.2748723141116048,0.3,-8.375895296131734,-209.08637519445872,1198.4823068981661,12000,True,4.21433687210083,4.188850999999886
dense,22,3022,free,gaussian,1,om_V,0.15682447425033852,0.2,-21.587762874830744,-209.08637519445872,1198.4823068981661,12000,True,4.21433687210083,4.188850999999886
dense,22,3022,free,gaussian,1,om_ka,0.31483803216251455,0.4,-21.29049195937137,-209.08637519445872,1198.4823068981661,12000,True,4.21433687210083,4.188850999999886
dense,22,3022,free,gaussian,1,sigma,0.23009967503634457,0.2,15.049837518172279,-209.08637519445872,1198.4823068981661,12000,True,4.21433687210083,4.188850999999886
dense,22,3022,free,gaussian,8,CL,3.1050139899897706,3.0,3.5004663329923544,-202.01088163471258,1554.7498664201096,4750,True,2.4499268531799316,2.4321209999998246
dense,22,3022,free,gaussian,8,V,29.147388764556375,30.0,-2.8420374514787503,-202.01088163471258,1554.7498664201096,4750,True,2.4499268531799316,2.4321209999998246
dense,22,3022,free,gaussian,8,ka,1.1216657366233305,1.2,-6.527855281389124,-202.01088163471258,1554.7498664201096,4750,True,2.4499268531799316,2.4321209999998246
dense,22,3022,free,gaussian,8,om_CL,0.2874999467310233,0.3,-4.166684422992229,-202.01088163471258,1554.7498664201096,4750,True,2.4499268531799316,2.4321209999998246
dense,22,3022,free,gaussian,8,om_V,0.18590284886573022,0.2,-7.048575567134896,-202.01088163471258,1554.7498664201096,4750,True,2.4499268531799316,2.4321209999998246
dense,22,3022,free,gaussian,8,om_ka,0.35639843783108394,0.4,-10.90039054222902,-202.01088163471258,1554.7498664201096,4750,True,2.4499268531799316,2.4321209999998246
dense,22,3022,free,gaussian,8,sigma,0.21056542716227808,0.2,5.282713581139033,-202.01088163471258,1554.7498664201096,4750,True,2.4499268531799316,2.4321209999998246
dense,22,3022,free,gaussian,64,CL,3.1532974664191116,3.0,5.109915547303719,-202.1398261175653,1783.5213875884228,2000,True,3.4278371334075928,3.4034300000000712
dense,22,3022,free,gaussian,64,V,29.008413430659797,30.0,-3.3052885644673444,-202.1398261175653,1783.5213875884228,2000,True,3.4278371334075928,3.4034300000000712
dense,22,3022,free,gaussian,64,ka,1.1191750364736026,1.2,-6.735413627199778,-202.1398261175653,1783.5213875884228,2000,True,3.4278371334075928,3.4034300000000712
dense,22,3022,free,gaussian,64,om_CL,0.2823274844605508,0.3,-5.890838513149736,-202.1398261175653,1783.5213875884228,2000,True,3.4278371334075928,3.4034300000000712
dense,22,3022,free,gaussian,64,om_V,0.19540711801903113,0.2,-2.296440990484441,-202.1398261175653,1783.5213875884228,2000,True,3.4278371334075928,3.4034300000000712
dense,22,3022,free,gaussian,64,om_ka,0.39648207311929545,0.4,-0.8794817201761423,-202.1398261175653,1783.5213875884228,2000,True,3.4278371334075928,3.4034300000000712
dense,22,3022,free,gaussian,64,sigma,0.21221359987857263,0.2,6.1067999392863115,-202.1398261175653,1783.5213875884228,2000,True,3.4278371334075928,3.4034300000000712
dense,22,3022,amortized,gaussian,1,CL,3.104206465737565,3.0,3.4735488579188325,-230.64321261899278,1220.1922402176008,3250,True,1.7974019050598145,1.7838769999998476
dense,22,3022,amortized,gaussian,1,V,30.620225115029342,30.0,2.067417050097807,-230.64321261899278,1220.1922402176008,3250,True,1.7974019050598145,1.7838769999998476
dense,22,3022,amortized,gaussian,1,ka,1.1948296263811744,1.2,-0.4308644682354627,-230.64321261899278,1220.1922402176008,3250,True,1.7974019050598145,1.7838769999998476
dense,22,3022,amortized,gaussian,1,om_CL,0.26201205733090405,0.3,-12.662647556365314,-230.64321261899278,1220.1922402176008,3250,True,1.7974019050598145,1.7838769999998476
dense,22,3022,amortized,gaussian,1,om_V,0.15921073040276007,0.2,-20.39463479861997,-230.64321261899278,1220.1922402176008,3250,True,1.7974019050598145,1.7838769999998476
dense,22,3022,amortized,gaussian,1,om_ka,0.29739056865204294,0.4,-25.652357836989268,-230.64321261899278,1220.1922402176008,3250,True,1.7974019050598145,1.7838769999998476
dense,22,3022,amortized,gaussian,1,sigma,0.2781309394239059,0.2,39.06546971195293,-230.64321261899278,1220.1922402176008,3250,True,1.7974019050598145,1.7838769999998476
dense,22,3022,amortized,gaussian,8,CL,3.116355573253275,3.0,3.878519108442502,-202.84928932763313,1727.3734823578754,18500,True,12.854288101196289,12.771471999999903
dense,22,3022,amortized,gaussian,8,V,29.769545364641946,30.0,-0.7681821178601803,-202.84928932763313,1727.3734823578754,18500,True,12.854288101196289,12.771471999999903
dense,22,3022,amortized,gaussian,8,ka,1.1275005170106691,1.2,-6.041623582444237,-202.84928932763313,1727.3734823578754,18500,True,12.854288101196289,12.771471999999903
dense,22,3022,amortized,gaussian,8,om_CL,0.27386027721964895,0.3,-8.71324092678368,-202.84928932763313,1727.3734823578754,18500,True,12.854288101196289,12.771471999999903
dense,22,3022,amortized,gaussian,8,om_V,0.19494535473670446,0.2,-2.527322631647774,-202.84928932763313,1727.3734823578754,18500,True,12.854288101196289,12.771471999999903
dense,22,3022,amortized,gaussian,8,om_ka,0.33906281401811106,0.4,-15.234296495472242,-202.84928932763313,1727.3734823578754,18500,True,12.854288101196289,12.771471999999903
dense,22,3022,amortized,gaussian,8,sigma,0.21354673098211738,0.2,6.773365491058683,-202.84928932763313,1727.3734823578754,18500,True,12.854288101196289,12.771471999999903
dense,22,3022,amortized,gaussian,64,CL,3.09064274326637,3.0,3.0214247755456705,-201.8281390947852,1885.1568698323424,23000,True,44.28966808319092,44.04427499999997
dense,22,3022,amortized,gaussian,64,V,29.037651148834126,30.0,-3.207829503886247,-201.8281390947852,1885.1568698323424,23000,True,44.28966808319092,44.04427499999997
dense,22,3022,amortized,gaussian,64,ka,1.1506668008073615,1.2,-4.111099932719871,-201.8281390947852,1885.1568698323424,23000,True,44.28966808319092,44.04427499999997
dense,22,3022,amortized,gaussian,64,om_CL,0.2818490659370415,0.3,-6.0503113543194935,-201.8281390947852,1885.1568698323424,23000,True,44.28966808319092,44.04427499999997
dense,22,3022,amortized,gaussian,64,om_V,0.18994925905759266,0.2,-5.025370471203674,-201.8281390947852,1885.1568698323424,23000,True,44.28966808319092,44.04427499999997
dense,22,3022,amortized,gaussian,64,om_ka,0.39042455759436145,0.4,-2.3938606014096417,-201.8281390947852,1885.1568698323424,23000,True,44.28966808319092,44.04427499999997
dense,22,3022,amortized,gaussian,64,sigma,0.21120817537015277,0.2,5.604087685076378,-201.8281390947852,1885.1568698323424,23000,True,44.28966808319092,44.04427499999997
dense,23,3023,free,gaussian,1,CL,3.030127755739615,3.0,1.0042585246538376,-216.93417026992677,1171.8733700006637,13250,True,4.6198508739471436,4.599797999999964
dense,23,3023,free,gaussian,1,V,30.740767839373703,30.0,2.4692261312456765,-216.93417026992677,1171.8733700006637,13250,True,4.6198508739471436,4.599797999999964
dense,23,3023,free,gaussian,1,ka,1.2310912347405851,1.2,2.590936228382098,-216.93417026992677,1171.8733700006637,13250,True,4.6198508739471436,4.599797999999964
dense,23,3023,free,gaussian,1,om_CL,0.3147754329241,0.3,4.925144308033333,-216.93417026992677,1171.8733700006637,13250,True,4.6198508739471436,4.599797999999964
dense,23,3023,free,gaussian,1,om_V,0.21184511918528298,0.2,5.922559592641485,-216.93417026992677,1171.8733700006637,13250,True,4.6198508739471436,4.599797999999964
dense,23,3023,free,gaussian,1,om_ka,0.3024971962172017,0.4,-24.37570094569957,-216.93417026992677,1171.8733700006637,13250,True,4.6198508739471436,4.599797999999964
dense,23,3023,free,gaussian,1,sigma,0.22229800522314253,0.2,11.149002611571257,-216.93417026992677,1171.8733700006637,13250,True,4.6198508739471436,4.599797999999964
dense,23,3023,free,gaussian,8,CL,2.978727025663878,3.0,-0.7090991445374062,-211.51733389131118,1637.798549320263,9000,True,4.544050931930542,4.524200000000064
dense,23,3023,free,gaussian,8,V,30.356553354303117,30.0,1.1885111810103883,-211.51733389131118,1637.798549320263,9000,True,4.544050931930542,4.524200000000064
dense,23,3023,free,gaussian,8,ka,1.2062923213633756,1.2,0.5243601136146377,-211.51733389131118,1637.798549320263,9000,True,4.544050931930542,4.524200000000064
dense,23,3023,free,gaussian,8,om_CL,0.31578814840843183,0.3,5.262716136143949,-211.51733389131118,1637.798549320263,9000,True,4.544050931930542,4.524200000000064
dense,23,3023,free,gaussian,8,om_V,0.22079108744614226,0.2,10.395543723071123,-211.51733389131118,1637.798549320263,9000,True,4.544050931930542,4.524200000000064
dense,23,3023,free,gaussian,8,om_ka,0.3716169534758686,0.4,-7.0957616310328575,-211.51733389131118,1637.798549320263,9000,True,4.544050931930542,4.524200000000064
dense,23,3023,free,gaussian,8,sigma,0.20717450542669977,0.2,3.587252713349878,-211.51733389131118,1637.798549320263,9000,True,4.544050931930542,4.524200000000064
dense,23,3023,free,gaussian,64,CL,2.9686591134605638,3.0,-1.0446962179812076,-211.5008401654366,1306.2033132041054,4250,True,7.1594438552856445,7.1261859999999615
dense,23,3023,free,gaussian,64,V,31.05395853296867,30.0,3.513195109895572,-211.5008401654366,1306.2033132041054,4250,True,7.1594438552856445,7.1261859999999615
dense,23,3023,free,gaussian,64,ka,1.1958754700942429,1.2,-0.34371082547975573,-211.5008401654366,1306.2033132041054,4250,True,7.1594438552856445,7.1261859999999615
dense,23,3023,free,gaussian,64,om_CL,0.3174319805101968,0.3,5.810660170065596,-211.5008401654366,1306.2033132041054,4250,True,7.1594438552856445,7.1261859999999615
dense,23,3023,free,gaussian,64,om_V,0.22791008437120994,0.2,13.955042185604961,-211.5008401654366,1306.2033132041054,4250,True,7.1594438552856445,7.1261859999999615
dense,23,3023,free,gaussian,64,om_ka,0.39054837925051794,0.4,-2.36290518737052,-211.5008401654366,1306.2033132041054,4250,True,7.1594438552856445,7.1261859999999615
dense,23,3023,free,gaussian,64,sigma,0.20198387363718676,0.2,0.9919368185933725,-211.5008401654366,1306.2033132041054,4250,True,7.1594438552856445,7.1261859999999615
dense,23,3023,amortized,gaussian,1,CL,2.9933283638117048,3.0,-0.22238787294317497,-218.1112206257747,1327.3131975009271,20750,True,10.961524963378906,10.914281999999957
dense,23,3023,amortized,gaussian,1,V,30.912203167956356,30.0,3.0406772265211877,-218.1112206257747,1327.3131975009271,20750,True,10.961524963378906,10.914281999999957
dense,23,3023,amortized,gaussian,1,ka,1.2199955229494248,1.2,1.6662935791187383,-218.1112206257747,1327.3131975009271,20750,True,10.961524963378906,10.914281999999957
dense,23,3023,amortized,gaussian,1,om_CL,0.311952613588802,0.3,3.9842045296006696,-218.1112206257747,1327.3131975009271,20750,True,10.961524963378906,10.914281999999957
dense,23,3023,amortized,gaussian,1,om_V,0.2097728980615424,0.2,4.886449030771192,-218.1112206257747,1327.3131975009271,20750,True,10.961524963378906,10.914281999999957
dense,23,3023,amortized,gaussian,1,om_ka,0.2786242608681557,0.4,-30.34393478296107,-218.1112206257747,1327.3131975009271,20750,True,10.961524963378906,10.914281999999957
dense,23,3023,amortized,gaussian,1,sigma,0.2260222408210382,0.2,13.011120410519093,-218.1112206257747,1327.3131975009271,20750,True,10.961524963378906,10.914281999999957
dense,23,3023,amortized,gaussian,8,CL,3.1253693623991583,3.0,4.17897874663861,-211.97761374347428,1613.3810327854756,19750,True,13.581135034561157,13.522804999999835
dense,23,3023,amortized,gaussian,8,V,30.50592467570586,30.0,1.6864155856861984,-211.97761374347428,1613.3810327854756,19750,True,13.581135034561157,13.522804999999835
dense,23,3023,amortized,gaussian,8,ka,1.2048626363953083,1.2,0.4052196996090311,-211.97761374347428,1613.3810327854756,19750,True,13.581135034561157,13.522804999999835
dense,23,3023,amortized,gaussian,8,om_CL,0.3088093840527438,0.3,2.936461350914595,-211.97761374347428,1613.3810327854756,19750,True,13.581135034561157,13.522804999999835
dense,23,3023,amortized,gaussian,8,om_V,0.232984206200755,0.2,16.49210310037749,-211.97761374347428,1613.3810327854756,19750,True,13.581135034561157,13.522804999999835
dense,23,3023,amortized,gaussian,8,om_ka,0.376774628414938,0.4,-5.806342896265512,-211.97761374347428,1613.3810327854756,19750,True,13.581135034561157,13.522804999999835
dense,23,3023,amortized,gaussian,8,sigma,0.20129829604800414,0.2,0.6491480240020664,-211.97761374347428,1613.3810327854756,19750,True,13.581135034561157,13.522804999999835
dense,23,3023,amortized,gaussian,64,CL,3.075474755903212,3.0,2.515825196773728,-210.4708039381485,720.7925997948815,7750,True,15.251854181289673,15.146140999999943
dense,23,3023,amortized,gaussian,64,V,30.22970824852006,30.0,0.7656941617335278,-210.4708039381485,720.7925997948815,7750,True,15.251854181289673,15.146140999999943
dense,23,3023,amortized,gaussian,64,ka,1.2535785814775,1.2,4.464881789791671,-210.4708039381485,720.7925997948815,7750,True,15.251854181289673,15.146140999999943
dense,23,3023,amortized,gaussian,64,om_CL,0.3213773832187884,0.3,7.125794406262802,-210.4708039381485,720.7925997948815,7750,True,15.251854181289673,15.146140999999943
dense,23,3023,amortized,gaussian,64,om_V,0.22758283123364528,0.2,13.791415616822635,-210.4708039381485,720.7925997948815,7750,True,15.251854181289673,15.146140999999943
dense,23,3023,amortized,gaussian,64,om_ka,0.394239429430173,0.4,-1.4401426424567598,-210.4708039381485,720.7925997948815,7750,True,15.251854181289673,15.146140999999943
dense,23,3023,amortized,gaussian,64,sigma,0.20543267366193332,0.2,2.716336830966656,-210.4708039381485,720.7925997948815,7750,True,15.251854181289673,15.146140999999943
dense,24,3024,free,gaussian,1,CL,2.9938150149209832,3.0,-0.20616616930055898,-149.10542931141129,1220.5442159880042,17750,True,6.212476968765259,6.173468999999841
dense,24,3024,free,gaussian,1,V,30.870669033972874,30.0,2.9022301132429127,-149.10542931141129,1220.5442159880042,17750,True,6.212476968765259,6.173468999999841
dense,24,3024,free,gaussian,1,ka,1.1212946013100116,1.2,-6.5587832241656985,-149.10542931141129,1220.5442159880042,17750,True,6.212476968765259,6.173468999999841
dense,24,3024,free,gaussian,1,om_CL,0.30810153968347054,0.3,2.7005132278235164,-149.10542931141129,1220.5442159880042,17750,True,6.212476968765259,6.173468999999841
dense,24,3024,free,gaussian,1,om_V,0.12717411569288756,0.2,-36.41294215355622,-149.10542931141129,1220.5442159880042,17750,True,6.212476968765259,6.173468999999841
dense,24,3024,free,gaussian,1,om_ka,0.3883664176306601,0.4,-2.9083955923349807,-149.10542931141129,1220.5442159880042,17750,True,6.212476968765259,6.173468999999841
dense,24,3024,free,gaussian,1,sigma,0.19737023890223654,0.2,-1.314880548881736,-149.10542931141129,1220.5442159880042,17750,True,6.212476968765259,6.173468999999841
dense,24,3024,free,gaussian,8,CL,2.966819394932575,3.0,-1.1060201689141607,-142.22661397989543,1612.5247035351865,15500,True,7.754324197769165,7.722095999999965
dense,24,3024,free,gaussian,8,V,30.609426646642746,30.0,2.0314221554758185,-142.22661397989543,1612.5247035351865,15500,True,7.754324197769165,7.722095999999965
dense,24,3024,free,gaussian,8,ka,1.111819060644019,1.2,-7.348411612998411,-142.22661397989543,1612.5247035351865,15500,True,7.754324197769165,7.722095999999965
dense,24,3024,free,gaussian,8,om_CL,0.31611184619612237,0.3,5.370615398707461,-142.22661397989543,1612.5247035351865,15500,True,7.754324197769165,7.722095999999965
dense,24,3024,free,gaussian,8,om_V,0.1679462970072642,0.2,-16.0268514963679,-142.22661397989543,1612.5247035351865,15500,True,7.754324197769165,7.722095999999965
dense,24,3024,free,gaussian,8,om_ka,0.40516038748350414,0.4,1.2900968708760285,-142.22661397989543,1612.5247035351865,15500,True,7.754324197769165,7.722095999999965
dense,24,3024,free,gaussian,8,sigma,0.18487246210386277,0.2,-7.563768948068621,-142.22661397989543,1612.5247035351865,15500,True,7.754324197769165,7.722095999999965
dense,24,3024,free,gaussian,64,CL,2.9851012511894006,3.0,-0.49662496035331277,-142.1161085346605,1741.5455300856545,4500,True,7.561519145965576,7.5279569999997875
dense,24,3024,free,gaussian,64,V,30.663553182272217,30.0,2.2118439409073907,-142.1161085346605,1741.5455300856545,4500,True,7.561519145965576,7.5279569999997875
dense,24,3024,free,gaussian,64,ka,1.1178699369459046,1.2,-6.844171921174611,-142.1161085346605,1741.5455300856545,4500,True,7.561519145965576,7.5279569999997875
dense,24,3024,free,gaussian,64,om_CL,0.3092652910215743,0.3,3.088430340524769,-142.1161085346605,1741.5455300856545,4500,True,7.561519145965576,7.5279569999997875
dense,24,3024,free,gaussian,64,om_V,0.1773399881385622,0.2,-11.330005930718908,-142.1161085346605,1741.5455300856545,4500,True,7.561519145965576,7.5279569999997875
dense,24,3024,free,gaussian,64,om_ka,0.4170817780375072,0.4,4.270444509376789,-142.1161085346605,1741.5455300856545,4500,True,7.561519145965576,7.5279569999997875
dense,24,3024,free,gaussian,64,sigma,0.18279910179176515,0.2,-8.600449104117432,-142.1161085346605,1741.5455300856545,4500,True,7.561519145965576,7.5279569999997875
dense,24,3024,amortized,gaussian,1,CL,2.989445023542501,3.0,-0.35183254858329366,-155.7124212413091,1052.039985450544,25000,False,13.668833017349243,13.527000999999927
dense,24,3024,amortized,gaussian,1,V,30.763597025098907,30.0,2.545323416996356,-155.7124212413091,1052.039985450544,25000,False,13.668833017349243,13.527000999999927
dense,24,3024,amortized,gaussian,1,ka,1.1246386858737563,1.2,-6.280109510520308,-155.7124212413091,1052.039985450544,25000,False,13.668833017349243,13.527000999999927
dense,24,3024,amortized,gaussian,1,om_CL,0.3088138160318674,0.3,2.9379386772891425,-155.7124212413091,1052.039985450544,25000,False,13.668833017349243,13.527000999999927
dense,24,3024,amortized,gaussian,1,om_V,0.11775437860207587,0.2,-41.12281069896207,-155.7124212413091,1052.039985450544,25000,False,13.668833017349243,13.527000999999927
dense,24,3024,amortized,gaussian,1,om_ka,0.3748282003200964,0.4,-6.292949919975907,-155.7124212413091,1052.039985450544,25000,False,13.668833017349243,13.527000999999927
dense,24,3024,amortized,gaussian,1,sigma,0.21462464199944112,0.2,7.312320999720554,-155.7124212413091,1052.039985450544,25000,False,13.668833017349243,13.527000999999927
dense,24,3024,amortized,gaussian,8,CL,3.0749220730860025,3.0,2.4974024362000837,-144.2949419344063,1746.850366336792,24500,True,18.36318063735962,17.999247999999852
dense,24,3024,amortized,gaussian,8,V,29.8838412070576,30.0,-0.38719597647466725,-144.2949419344063,1746.850366336792,24500,True,18.36318063735962,17.999247999999852
dense,24,3024,amortized,gaussian,8,ka,1.1501344574856192,1.2,-4.1554618761984,-144.2949419344063,1746.850366336792,24500,True,18.36318063735962,17.999247999999852
dense,24,3024,amortized,gaussian,8,om_CL,0.3108858877816833,0.3,3.6286292605611044,-144.2949419344063,1746.850366336792,24500,True,18.36318063735962,17.999247999999852
dense,24,3024,amortized,gaussian,8,om_V,0.1603487124769474,0.2,-19.8256437615263,-144.2949419344063,1746.850366336792,24500,True,18.36318063735962,17.999247999999852
dense,24,3024,amortized,gaussian,8,om_ka,0.4018073479396883,0.4,0.4518369849220716,-144.2949419344063,1746.850366336792,24500,True,18.36318063735962,17.999247999999852
dense,24,3024,amortized,gaussian,8,sigma,0.1888900135371323,0.2,-5.554993231433852,-144.2949419344063,1746.850366336792,24500,True,18.36318063735962,17.999247999999852
dense,24,3024,amortized,gaussian,64,CL,2.978241251815312,3.0,-0.7252916061562716,-141.69443588057027,1673.9624018777288,3500,True,7.460571050643921,7.32549999999992
dense,24,3024,amortized,gaussian,64,V,31.251757980007724,30.0,4.172526600025748,-141.69443588057027,1673.9624018777288,3500,True,7.460571050643921,7.32549999999992
dense,24,3024,amortized,gaussian,64,ka,1.1289569523328737,1.2,-5.920253972260518,-141.69443588057027,1673.9624018777288,3500,True,7.460571050643921,7.32549999999992
dense,24,3024,amortized,gaussian,64,om_CL,0.31741036406986994,0.3,5.803454689956652,-141.69443588057027,1673.9624018777288,3500,True,7.460571050643921,7.32549999999992
dense,24,3024,amortized,gaussian,64,om_V,0.17040471894364864,0.2,-14.797640528175684,-141.69443588057027,1673.9624018777288,3500,True,7.460571050643921,7.32549999999992
dense,24,3024,amortized,gaussian,64,om_ka,0.4127922599581171,0.4,3.1980649895292643,-141.69443588057027,1673.9624018777288,3500,True,7.460571050643921,7.32549999999992
dense,24,3024,amortized,gaussian,64,sigma,0.1844226078882964,0.2,-7.788696055851807,-141.69443588057027,1673.9624018777288,3500,True,7.460571050643921,7.32549999999992
dense,25,3025,free,gaussian,1,CL,2.9334612163402047,3.0,-2.217959455326509,-212.44083549606907,1178.4643043731005,13000,True,4.756245136260986,4.705580999999938
dense,25,3025,free,gaussian,1,V,30.324633372928947,30.0,1.0821112430964892,-212.44083549606907,1178.4643043731005,13000,True,4.756245136260986,4.705580999999938
dense,25,3025,free,gaussian,1,ka,1.2590810050482464,1.2,4.923417087353869,-212.44083549606907,1178.4643043731005,13000,True,4.756245136260986,4.705580999999938
dense,25,3025,free,gaussian,1,om_CL,0.272922281789601,0.3,-9.025906070133,-212.44083549606907,1178.4643043731005,13000,True,4.756245136260986,4.705580999999938
dense,25,3025,free,gaussian,1,om_V,0.18773327891317845,0.2,-6.133360543410779,-212.44083549606907,1178.4643043731005,13000,True,4.756245136260986,4.705580999999938
dense,25,3025,free,gaussian,1,om_ka,0.3349268657210867,0.4,-16.268283569728325,-212.44083549606907,1178.4643043731005,13000,True,4.756245136260986,4.705580999999938
dense,25,3025,free,gaussian,1,sigma,0.22841759652681543,0.2,14.208798263407706,-212.44083549606907,1178.4643043731005,13000,True,4.756245136260986,4.705580999999938
dense,25,3025,free,gaussian,8,CL,2.9550581150455173,3.0,-1.49806283181609,-206.30536639614854,1755.6552006672962,15750,True,8.020303010940552,7.963610000000017
dense,25,3025,free,gaussian,8,V,30.144968128708285,30.0,0.4832270956942845,-206.30536639614854,1755.6552006672962,15750,True,8.020303010940552,7.963610000000017
dense,25,3025,free,gaussian,8,ka,1.2334067715001293,1.2,2.7838976250107823,-206.30536639614854,1755.6552006672962,15750,True,8.020303010940552,7.963610000000017
dense,25,3025,free,gaussian,8,om_CL,0.27267543664803573,0.3,-9.108187783988088,-206.30536639614854,1755.6552006672962,15750,True,8.020303010940552,7.963610000000017
dense,25,3025,free,gaussian,8,om_V,0.21057747913949224,0.2,5.288739569746112,-206.30536639614854,1755.6552006672962,15750,True,8.020303010940552,7.963610000000017
dense,25,3025,free,gaussian,8,om_ka,0.4127143221396615,0.4,3.178580534915376,-206.30536639614854,1755.6552006672962,15750,True,8.020303010940552,7.963610000000017
dense,25,3025,free,gaussian,8,sigma,0.21204087573305028,0.2,6.020437866525132,-206.30536639614854,1755.6552006672962,15750,True,8.020303010940552,7.963610000000017
dense,25,3025,free,gaussian,64,CL,2.9338405009566024,3.0,-2.205316634779919,-206.2736403780217,1806.3991414072118,5500,True,9.334642171859741,9.279401999999891
dense,25,3025,free,gaussian,64,V,30.56108199394403,30.0,1.8702733131467635,-206.2736403780217,1806.3991414072118,5500,True,9.334642171859741,9.279401999999891
dense,25,3025,free,gaussian,64,ka,1.2301912097293641,1.2,2.5159341441136815,-206.2736403780217,1806.3991414072118,5500,True,9.334642171859741,9.279401999999891
dense,25,3025,free,gaussian,64,om_CL,0.2736101457419423,0.3,-8.796618086019226,-206.2736403780217,1806.3991414072118,5500,True,9.334642171859741,9.279401999999891
dense,25,3025,free,gaussian,64,om_V,0.22532900053484448,0.2,12.66450026742223,-206.2736403780217,1806.3991414072118,5500,True,9.334642171859741,9.279401999999891
dense,25,3025,free,gaussian,64,om_ka,0.43317250044121025,0.4,8.293125110302556,-206.2736403780217,1806.3991414072118,5500,True,9.334642171859741,9.279401999999891
dense,25,3025,free,gaussian,64,sigma,0.2104364934244289,0.2,5.218246712214449,-206.2736403780217,1806.3991414072118,5500,True,9.334642171859741,9.279401999999891
dense,25,3025,amortized,gaussian,1,CL,2.958552373492918,3.0,-1.3815875502360668,-211.6724632391054,1314.8062320509546,15500,True,8.559879064559937,8.475029999999833
dense,25,3025,amortized,gaussian,1,V,30.430816471785793,30.0,1.4360549059526424,-211.6724632391054,1314.8062320509546,15500,True,8.559879064559937,8.475029999999833
dense,25,3025,amortized,gaussian,1,ka,1.264614834058356,1.2,5.384569504863009,-211.6724632391054,1314.8062320509546,15500,True,8.559879064559937,8.475029999999833
dense,25,3025,amortized,gaussian,1,om_CL,0.2666876336364098,0.3,-11.104122121196731,-211.6724632391054,1314.8062320509546,15500,True,8.559879064559937,8.475029999999833
dense,25,3025,amortized,gaussian,1,om_V,0.18384388938485255,0.2,-8.07805530757373,-211.6724632391054,1314.8062320509546,15500,True,8.559879064559937,8.475029999999833
dense,25,3025,amortized,gaussian,1,om_ka,0.33780716271912314,0.4,-15.548209320219218,-211.6724632391054,1314.8062320509546,15500,True,8.559879064559937,8.475029999999833
dense,25,3025,amortized,gaussian,1,sigma,0.2298116330337917,0.2,14.905816516895847,-211.6724632391054,1314.8062320509546,15500,True,8.559879064559937,8.475029999999833
dense,25,3025,amortized,gaussian,8,CL,2.970497857178079,3.0,-0.9834047607306958,-206.39461890574023,1736.9974816824547,12000,True,8.694381713867188,8.578139999999848
dense,25,3025,amortized,gaussian,8,V,30.31117033441057,30.0,1.0372344480352307,-206.39461890574023,1736.9974816824547,12000,True,8.694381713867188,8.578139999999848
dense,25,3025,amortized,gaussian,8,ka,1.2486733696421295,1.2,4.056114136844128,-206.39461890574023,1736.9974816824547,12000,True,8.694381713867188,8.578139999999848
dense,25,3025,amortized,gaussian,8,om_CL,0.2755306368804388,0.3,-8.156454373187072,-206.39461890574023,1736.9974816824547,12000,True,8.694381713867188,8.578139999999848
dense,25,3025,amortized,gaussian,8,om_V,0.20899785361744894,0.2,4.4989268087244625,-206.39461890574023,1736.9974816824547,12000,True,8.694381713867188,8.578139999999848
dense,25,3025,amortized,gaussian,8,om_ka,0.4231217403307714,0.4,5.780435082692838,-206.39461890574023,1736.9974816824547,12000,True,8.694381713867188,8.578139999999848
dense,25,3025,amortized,gaussian,8,sigma,0.21424535823668195,0.2,7.122679118340969,-206.39461890574023,1736.9974816824547,12000,True,8.694381713867188,8.578139999999848
dense,25,3025,amortized,gaussian,64,CL,2.9748107861091646,3.0,-0.8396404630278465,-205.83075064787835,1962.907272851627,20500,True,39.61118221282959,39.37595400000009
dense,25,3025,amortized,gaussian,64,V,30.44461176009637,30.0,1.482039200321239,-205.83075064787835,1962.907272851627,20500,True,39.61118221282959,39.37595400000009
dense,25,3025,amortized,gaussian,64,ka,1.2579591798443615,1.2,4.829931653696792,-205.83075064787835,1962.907272851627,20500,True,39.61118221282959,39.37595400000009
dense,25,3025,amortized,gaussian,64,om_CL,0.27341775217324443,0.3,-8.860749275585185,-205.83075064787835,1962.907272851627,20500,True,39.61118221282959,39.37595400000009
dense,25,3025,amortized,gaussian,64,om_V,0.21848007559084248,0.2,9.240037795421236,-205.83075064787835,1962.907272851627,20500,True,39.61118221282959,39.37595400000009
dense,25,3025,amortized,gaussian,64,om_ka,0.41924488738501225,0.4,4.811221846253058,-205.83075064787835,1962.907272851627,20500,True,39.61118221282959,39.37595400000009
dense,25,3025,amortized,gaussian,64,sigma,0.21343745123000032,0.2,6.718725615000156,-205.83075064787835,1962.907272851627,20500,True,39.61118221282959,39.37595400000009
dense,26,3026,free,gaussian,1,CL,2.9568979391273915,3.0,-1.4367353624202828,-179.7719363455612,1113.828175533381,13500,True,4.745842933654785,4.716785999999956
dense,26,3026,free,gaussian,1,V,29.389313094136725,30.0,-2.0356230195442513,-179.7719363455612,1113.828175533381,13500,True,4.745842933654785,4.716785999999956
dense,26,3026,free,gaussian,1,ka,1.2756815237203263,1.2,6.306793643360527,-179.7719363455612,1113.828175533381,13500,True,4.745842933654785,4.716785999999956
dense,26,3026,free,gaussian,1,om_CL,0.29761471608678003,0.3,-0.7950946377399867,-179.7719363455612,1113.828175533381,13500,True,4.745842933654785,4.716785999999956
dense,26,3026,free,gaussian,1,om_V,0.19700466944311054,0.2,-1.4976652784447346,-179.7719363455612,1113.828175533381,13500,True,4.745842933654785,4.716785999999956
dense,26,3026,free,gaussian,1,om_ka,0.2891778737596924,0.4,-27.705531560076906,-179.7719363455612,1113.828175533381,13500,True,4.745842933654785,4.716785999999956
dense,26,3026,free,gaussian,1,sigma,0.20945011755596618,0.2,4.725058777983085,-179.7719363455612,1113.828175533381,13500,True,4.745842933654785,4.716785999999956
dense,26,3026,free,gaussian,8,CL,2.9205541318341477,3.0,-2.6481956055284104,-172.41814280149887,1602.10853346029,9000,True,4.571345090866089,4.541948000000048
dense,26,3026,free,gaussian,8,V,28.458073774786197,30.0,-5.13975408404601,-172.41814280149887,1602.10853346029,9000,True,4.571345090866089,4.541948000000048
dense,26,3026,free,gaussian,8,ka,1.249811907483537,1.2,4.150992290294753,-172.41814280149887,1602.10853346029,9000,True,4.571345090866089,4.541948000000048
dense,26,3026,free,gaussian,8,om_CL,0.3041225078119861,0.3,1.374169270662029,-172.41814280149887,1602.10853346029,9000,True,4.571345090866089,4.541948000000048
dense,26,3026,free,gaussian,8,om_V,0.2162639731113392,0.2,8.1319865556696,-172.41814280149887,1602.10853346029,9000,True,4.571345090866089,4.541948000000048
dense,26,3026,free,gaussian,8,om_ka,0.36297207072629334,0.4,-9.25698231842667,-172.41814280149887,1602.10853346029,9000,True,4.571345090866089,4.541948000000048
dense,26,3026,free,gaussian,8,sigma,0.19320112528569391,0.2,-3.3994373571530483,-172.41814280149887,1602.10853346029,9000,True,4.571345090866089,4.541948000000048
dense,26,3026,free,gaussian,64,CL,2.931938840538851,3.0,-2.2687053153716294,-171.59716223917556,1795.1392970438146,12750,True,21.5381019115448,21.410354000000098
dense,26,3026,free,gaussian,64,V,28.703630400059584,30.0,-4.321231999801387,-171.59716223917556,1795.1392970438146,12750,True,21.5381019115448,21.410354000000098
dense,26,3026,free,gaussian,64,ka,1.2742670206729223,1.2,6.188918389410196,-171.59716223917556,1795.1392970438146,12750,True,21.5381019115448,21.410354000000098
dense,26,3026,free,gaussian,64,om_CL,0.2999893316526108,0.3,-0.0035561157963881485,-171.59716223917556,1795.1392970438146,12750,True,21.5381019115448,21.410354000000098
dense,26,3026,free,gaussian,64,om_V,0.21832964296715268,0.2,9.164821483576334,-171.59716223917556,1795.1392970438146,12750,True,21.5381019115448,21.410354000000098
dense,26,3026,free,gaussian,64,om_ka,0.38200075004602163,0.4,-4.499812488494597,-171.59716223917556,1795.1392970438146,12750,True,21.5381019115448,21.410354000000098
dense,26,3026,free,gaussian,64,sigma,0.194156957015896,0.2,-2.9215214920520065,-171.59716223917556,1795.1392970438146,12750,True,21.5381019115448,21.410354000000098
dense,26,3026,amortized,gaussian,1,CL,3.021179097985842,3.0,0.7059699328614055,-190.39973353677405,731.8865556077636,2500,True,1.4149250984191895,1.4016639999999825
dense,26,3026,amortized,gaussian,1,V,29.150773916578174,30.0,-2.830753611406086,-190.39973353677405,731.8865556077636,2500,True,1.4149250984191895,1.4016639999999825
dense,26,3026,amortized,gaussian,1,ka,1.286562356544348,1.2,7.213529712029007,-190.39973353677405,731.8865556077636,2500,True,1.4149250984191895,1.4016639999999825
dense,26,3026,amortized,gaussian,1,om_CL,0.28138098081356205,0.3,-6.206339728812646,-190.39973353677405,731.8865556077636,2500,True,1.4149250984191895,1.4016639999999825
dense,26,3026,amortized,gaussian,1,om_V,0.19960341430038753,0.2,-0.19829284980624196,-190.39973353677405,731.8865556077636,2500,True,1.4149250984191895,1.4016639999999825
dense,26,3026,amortized,gaussian,1,om_ka,0.2623160660508029,0.4,-34.42098348729928,-190.39973353677405,731.8865556077636,2500,True,1.4149250984191895,1.4016639999999825
dense,26,3026,amortized,gaussian,1,sigma,0.23663953180368982,0.2,18.319765901844907,-190.39973353677405,731.8865556077636,2500,True,1.4149250984191895,1.4016639999999825
dense,26,3026,amortized,gaussian,8,CL,3.0521255905102724,3.0,1.7375196836757478,-172.94945500706237,1599.110833372593,24250,True,16.82777500152588,16.729231000000027
dense,26,3026,amortized,gaussian,8,V,28.705881420593748,30.0,-4.31372859802084,-172.94945500706237,1599.110833372593,24250,True,16.82777500152588,16.729231000000027
dense,26,3026,amortized,gaussian,8,ka,1.242365490212658,1.2,3.530457517721501,-172.94945500706237,1599.110833372593,24250,True,16.82777500152588,16.729231000000027
dense,26,3026,amortized,gaussian,8,om_CL,0.2968251065140498,0.3,-1.0582978286500604,-172.94945500706237,1599.110833372593,24250,True,16.82777500152588,16.729231000000027
dense,26,3026,amortized,gaussian,8,om_V,0.2075738198946098,0.2,3.786909947304892,-172.94945500706237,1599.110833372593,24250,True,16.82777500152588,16.729231000000027
dense,26,3026,amortized,gaussian,8,om_ka,0.3618036911798039,0.4,-9.549077205049036,-172.94945500706237,1599.110833372593,24250,True,16.82777500152588,16.729231000000027
dense,26,3026,amortized,gaussian,8,sigma,0.19559349691827824,0.2,-2.203251540860887,-172.94945500706237,1599.110833372593,24250,True,16.82777500152588,16.729231000000027
dense,26,3026,amortized,gaussian,64,CL,2.8923855205185856,3.0,-3.587149316047148,-171.96911428777247,1658.830034996481,15500,True,30.09315299987793,29.88973699999997
dense,26,3026,amortized,gaussian,64,V,28.59327332006738,30.0,-4.689088933108737,-171.96911428777247,1658.830034996481,15500,True,30.09315299987793,29.88973699999997
dense,26,3026,amortized,gaussian,64,ka,1.250736640780306,1.2,4.228053398358837,-171.96911428777247,1658.830034996481,15500,True,30.09315299987793,29.88973699999997
dense,26,3026,amortized,gaussian,64,om_CL,0.3020788206119218,0.3,0.6929402039739426,-171.96911428777247,1658.830034996481,15500,True,30.09315299987793,29.88973699999997
dense,26,3026,amortized,gaussian,64,om_V,0.2125045556945482,0.2,6.252277847274099,-171.96911428777247,1658.830034996481,15500,True,30.09315299987793,29.88973699999997
dense,26,3026,amortized,gaussian,64,om_ka,0.39223225882473634,0.4,-1.9419352938159218,-171.96911428777247,1658.830034996481,15500,True,30.09315299987793,29.88973699999997
dense,26,3026,amortized,gaussian,64,sigma,0.1922240801886238,0.2,-3.887959905688104,-171.96911428777247,1658.830034996481,15500,True,30.09315299987793,29.88973699999997
dense,27,3027,free,gaussian,1,CL,3.1532226073157386,3.0,5.107420243857952,-203.25762873578645,1134.8132232761657,9000,True,3.1819639205932617,3.164617000000135
dense,27,3027,free,gaussian,1,V,29.05060715630654,30.0,-3.164642812311532,-203.25762873578645,1134.8132232761657,9000,True,3.1819639205932617,3.164617000000135
dense,27,3027,free,gaussian,1,ka,1.2668622846632924,1.2,5.571857055274373,-203.25762873578645,1134.8132232761657,9000,True,3.1819639205932617,3.164617000000135
dense,27,3027,free,gaussian,1,om_CL,0.266612915476043,0.3,-11.129028174652333,-203.25762873578645,1134.8132232761657,9000,True,3.1819639205932617,3.164617000000135
dense,27,3027,free,gaussian,1,om_V,0.1426477540680601,0.2,-28.676122965969956,-203.25762873578645,1134.8132232761657,9000,True,3.1819639205932617,3.164617000000135
dense,27,3027,free,gaussian,1,om_ka,0.38069587669378774,0.4,-4.826030826553071,-203.25762873578645,1134.8132232761657,9000,True,3.1819639205932617,3.164617000000135
dense,27,3027,free,gaussian,1,sigma,0.22602545846684732,0.2,13.012729233423656,-203.25762873578645,1134.8132232761657,9000,True,3.1819639205932617,3.164617000000135
dense,27,3027,free,gaussian,8,CL,3.0833515961790443,3.0,2.778386539301477,-193.39331051282107,1515.5799355559548,4250,True,2.1831390857696533,2.1712589999999636
dense,27,3027,free,gaussian,8,V,29.353886083544207,30.0,-2.1537130548526426,-193.39331051282107,1515.5799355559548,4250,True,2.1831390857696533,2.1712589999999636
dense,27,3027,free,gaussian,8,ka,1.2566623071490097,1.2,4.7218589290841475,-193.39331051282107,1515.5799355559548,4250,True,2.1831390857696533,2.1712589999999636
dense,27,3027,free,gaussian,8,om_CL,0.2745056383594938,0.3,-8.49812054683539,-193.39331051282107,1515.5799355559548,4250,True,2.1831390857696533,2.1712589999999636
dense,27,3027,free,gaussian,8,om_V,0.18361514202736537,0.2,-8.19242898631732,-193.39331051282107,1515.5799355559548,4250,True,2.1831390857696533,2.1712589999999636
dense,27,3027,free,gaussian,8,om_ka,0.4272812602909841,0.4,6.820315072746024,-193.39331051282107,1515.5799355559548,4250,True,2.1831390857696533,2.1712589999999636
dense,27,3027,free,gaussian,8,sigma,0.20665366437960617,0.2,3.3268321898030777,-193.39331051282107,1515.5799355559548,4250,True,2.1831390857696533,2.1712589999999636
dense,27,3027,free,gaussian,64,CL,3.118914661925364,3.0,3.9638220641788013,-193.50148654969416,1840.8365357291987,6750,True,11.411288022994995,11.348026000000118
dense,27,3027,free,gaussian,64,V,29.18505616472569,30.0,-2.7164794509143655,-193.50148654969416,1840.8365357291987,6750,True,11.411288022994995,11.348026000000118
dense,27,3027,free,gaussian,64,ka,1.235557060419744,1.2,2.9630883683119946,-193.50148654969416,1840.8365357291987,6750,True,11.411288022994995,11.348026000000118
dense,27,3027,free,gaussian,64,om_CL,0.2792869377431319,0.3,-6.904354085622696,-193.50148654969416,1840.8365357291987,6750,True,11.411288022994995,11.348026000000118
dense,27,3027,free,gaussian,64,om_V,0.1896886462858283,0.2,-5.155676857085858,-193.50148654969416,1840.8365357291987,6750,True,11.411288022994995,11.348026000000118
dense,27,3027,free,gaussian,64,om_ka,0.4400417268247245,0.4,10.010431706181112,-193.50148654969416,1840.8365357291987,6750,True,11.411288022994995,11.348026000000118
dense,27,3027,free,gaussian,64,sigma,0.20199026312297833,0.2,0.995131561489157,-193.50148654969416,1840.8365357291987,6750,True,11.411288022994995,11.348026000000118
dense,27,3027,amortized,gaussian,1,CL,3.1900211827873757,3.0,6.334039426245856,-216.00179303429812,1473.1145540222067,25000,False,13.349824905395508,13.273811000000023
dense,27,3027,amortized,gaussian,1,V,29.375102548289213,30.0,-2.0829915057026227,-216.00179303429812,1473.1145540222067,25000,False,13.349824905395508,13.273811000000023
dense,27,3027,amortized,gaussian,1,ka,1.2395366746330607,1.2,3.294722886088397,-216.00179303429812,1473.1145540222067,25000,False,13.349824905395508,13.273811000000023
dense,27,3027,amortized,gaussian,1,om_CL,0.2717699738566406,0.3,-9.410008714453134,-216.00179303429812,1473.1145540222067,25000,False,13.349824905395508,13.273811000000023
dense,27,3027,amortized,gaussian,1,om_V,0.1173312440815619,0.2,-41.334377959219054,-216.00179303429812,1473.1145540222067,25000,False,13.349824905395508,13.273811000000023
dense,27,3027,amortized,gaussian,1,om_ka,0.3915992181269237,0.4,-2.1001954682690753,-216.00179303429812,1473.1145540222067,25000,False,13.349824905395508,13.273811000000023
dense,27,3027,amortized,gaussian,1,sigma,0.25463013039340865,0.2,27.315065196704317,-216.00179303429812,1473.1145540222067,25000,False,13.349824905395508,13.273811000000023
dense,27,3027,amortized,gaussian,8,CL,3.0353199561221644,3.0,1.1773318707388143,-195.0318362067094,1554.381638515697,23250,True,16.15574598312378,16.06276700000012
dense,27,3027,amortized,gaussian,8,V,28.753774236757344,30.0,-4.154085877475519,-195.0318362067094,1554.381638515697,23250,True,16.15574598312378,16.06276700000012
dense,27,3027,amortized,gaussian,8,ka,1.2387564586260698,1.2,3.229704885505817,-195.0318362067094,1554.381638515697,23250,True,16.15574598312378,16.06276700000012
dense,27,3027,amortized,gaussian,8,om_CL,0.2748958671804234,0.3,-8.368044273192192,-195.0318362067094,1554.381638515697,23250,True,16.15574598312378,16.06276700000012
dense,27,3027,amortized,gaussian,8,om_V,0.17311486426987943,0.2,-13.442567865060289,-195.0318362067094,1554.381638515697,23250,True,16.15574598312378,16.06276700000012
dense,27,3027,amortized,gaussian,8,om_ka,0.44334581603066975,0.4,10.836454007667431,-195.0318362067094,1554.381638515697,23250,True,16.15574598312378,16.06276700000012
dense,27,3027,amortized,gaussian,8,sigma,0.20698245234718948,0.2,3.4912261735947356,-195.0318362067094,1554.381638515697,23250,True,16.15574598312378,16.06276700000012
dense,27,3027,amortized,gaussian,64,CL,3.138201059038874,3.0,4.606701967962461,-193.4822705462908,1596.552916710997,19750,True,38.22108316421509,37.99113200000011
dense,27,3027,amortized,gaussian,64,V,29.181291781372774,30.0,-2.7290273954240853,-193.4822705462908,1596.552916710997,19750,True,38.22108316421509,37.99113200000011
dense,27,3027,amortized,gaussian,64,ka,1.2727396203786823,1.2,6.061635031556859,-193.4822705462908,1596.552916710997,19750,True,38.22108316421509,37.99113200000011
dense,27,3027,amortized,gaussian,64,om_CL,0.2774302169483287,0.3,-7.5232610172237635,-193.4822705462908,1596.552916710997,19750,True,38.22108316421509,37.99113200000011
dense,27,3027,amortized,gaussian,64,om_V,0.19196386416342892,0.2,-4.018067918285545,-193.4822705462908,1596.552916710997,19750,True,38.22108316421509,37.99113200000011
dense,27,3027,amortized,gaussian,64,om_ka,0.4456538036850123,0.4,11.413450921253064,-193.4822705462908,1596.552916710997,19750,True,38.22108316421509,37.99113200000011
dense,27,3027,amortized,gaussian,64,sigma,0.2029554576248087,0.2,1.4777288124043497,-193.4822705462908,1596.552916710997,19750,True,38.22108316421509,37.99113200000011
dense,28,3028,free,gaussian,1,CL,3.027820488734927,3.0,0.9273496244975643,-194.7441398645635,1579.1797830540775,17000,True,5.954336881637573,5.918417999999974
dense,28,3028,free,gaussian,1,V,29.5157755725371,30.0,-1.614081424876339,-194.7441398645635,1579.1797830540775,17000,True,5.954336881637573,5.918417999999974
dense,28,3028,free,gaussian,1,ka,1.1895447797073033,1.2,-0.8712683577247193,-194.7441398645635,1579.1797830540775,17000,True,5.954336881637573,5.918417999999974
dense,28,3028,free,gaussian,1,om_CL,0.3035317447990199,0.3,1.1772482663399697,-194.7441398645635,1579.1797830540775,17000,True,5.954336881637573,5.918417999999974
dense,28,3028,free,gaussian,1,om_V,0.11579023618402326,0.2,-42.10488190798838,-194.7441398645635,1579.1797830540775,17000,True,5.954336881637573,5.918417999999974
dense,28,3028,free,gaussian,1,om_ka,0.38638158786872767,0.4,-3.4046030328180876,-194.7441398645635,1579.1797830540775,17000,True,5.954336881637573,5.918417999999974
dense,28,3028,free,gaussian,1,sigma,0.2205554954431397,0.2,10.277747721569849,-194.7441398645635,1579.1797830540775,17000,True,5.954336881637573,5.918417999999974
dense,28,3028,free,gaussian,8,CL,3.0571108338806563,3.0,1.9036944626885433,-186.40532852650858,1712.978828594573,11500,True,5.817861795425415,5.787764999999808
dense,28,3028,free,gaussian,8,V,29.246990981695774,30.0,-2.510030061014087,-186.40532852650858,1712.978828594573,11500,True,5.817861795425415,5.787764999999808
dense,28,3028,free,gaussian,8,ka,1.1941156359675729,1.2,-0.49036366936892434,-186.40532852650858,1712.978828594573,11500,True,5.817861795425415,5.787764999999808
dense,28,3028,free,gaussian,8,om_CL,0.3123788843211845,0.3,4.126294773728167,-186.40532852650858,1712.978828594573,11500,True,5.817861795425415,5.787764999999808
dense,28,3028,free,gaussian,8,om_V,0.1651534538421772,0.2,-17.423273078911407,-186.40532852650858,1712.978828594573,11500,True,5.817861795425415,5.787764999999808
dense,28,3028,free,gaussian,8,om_ka,0.3919238545124134,0.4,-2.019036371896654,-186.40532852650858,1712.978828594573,11500,True,5.817861795425415,5.787764999999808
dense,28,3028,free,gaussian,8,sigma,0.20424692529034266,0.2,2.1234626451713257,-186.40532852650858,1712.978828594573,11500,True,5.817861795425415,5.787764999999808
dense,28,3028,free,gaussian,64,CL,3.002595965378735,3.0,0.08653217929116923,-184.58911585785268,1871.7419247184982,10000,True,16.853674173355103,16.756124
dense,28,3028,free,gaussian,64,V,29.787137451043,30.0,-0.7095418298566614,-184.58911585785268,1871.7419247184982,10000,True,16.853674173355103,16.756124
dense,28,3028,free,gaussian,64,ka,1.1775866440162992,1.2,-1.8677796653083965,-184.58911585785268,1871.7419247184982,10000,True,16.853674173355103,16.756124
dense,28,3028,free,gaussian,64,om_CL,0.3086155605563884,0.3,2.8718535187961343,-184.58911585785268,1871.7419247184982,10000,True,16.853674173355103,16.756124
dense,28,3028,free,gaussian,64,om_V,0.17950143733758087,0.2,-10.249281331209572,-184.58911585785268,1871.7419247184982,10000,True,16.853674173355103,16.756124
dense,28,3028,free,gaussian,64,om_ka,0.39313201957355104,0.4,-1.7169951066122457,-184.58911585785268,1871.7419247184982,10000,True,16.853674173355103,16.756124
dense,28,3028,free,gaussian,64,sigma,0.20098060005389187,0.2,0.49030002694593067,-184.58911585785268,1871.7419247184982,10000,True,16.853674173355103,16.756124
dense,28,3028,amortized,gaussian,1,CL,2.997277594501351,3.0,-0.09074684995497388,-194.81029460463537,1523.6628753659045,25000,False,13.36336088180542,13.284902999999758
dense,28,3028,amortized,gaussian,1,V,29.732909693914223,30.0,-0.8903010202859226,-194.81029460463537,1523.6628753659045,25000,False,13.36336088180542,13.284902999999758
dense,28,3028,amortized,gaussian,1,ka,1.1877466021826317,1.2,-1.0211164847806857,-194.81029460463537,1523.6628753659045,25000,False,13.36336088180542,13.284902999999758
dense,28,3028,amortized,gaussian,1,om_CL,0.3040129201823036,0.3,1.337640060767864,-194.81029460463537,1523.6628753659045,25000,False,13.36336088180542,13.284902999999758
dense,28,3028,amortized,gaussian,1,om_V,0.1187083286257296,0.2,-40.645835687135204,-194.81029460463537,1523.6628753659045,25000,False,13.36336088180542,13.284902999999758
dense,28,3028,amortized,gaussian,1,om_ka,0.38117579739083934,0.4,-4.70605065229017,-194.81029460463537,1523.6628753659045,25000,False,13.36336088180542,13.284902999999758
dense,28,3028,amortized,gaussian,1,sigma,0.22270070620086582,0.2,11.350353100432905,-194.81029460463537,1523.6628753659045,25000,False,13.36336088180542,13.284902999999758
dense,28,3028,amortized,gaussian,8,CL,3.0373338304784716,3.0,1.2444610159490537,-185.61779898309018,1432.4875305587907,20750,True,14.42429804801941,14.33811199999991
dense,28,3028,amortized,gaussian,8,V,29.320134270743964,30.0,-2.2662190975201213,-185.61779898309018,1432.4875305587907,20750,True,14.42429804801941,14.33811199999991
dense,28,3028,amortized,gaussian,8,ka,1.2051259301339288,1.2,0.42716084449406777,-185.61779898309018,1432.4875305587907,20750,True,14.42429804801941,14.33811199999991
dense,28,3028,amortized,gaussian,8,om_CL,0.30669931031615794,0.3,2.233103438719316,-185.61779898309018,1432.4875305587907,20750,True,14.42429804801941,14.33811199999991
dense,28,3028,amortized,gaussian,8,om_V,0.1724833473890744,0.2,-13.758326305462809,-185.61779898309018,1432.4875305587907,20750,True,14.42429804801941,14.33811199999991
dense,28,3028,amortized,gaussian,8,om_ka,0.3745321870509607,0.4,-6.366953237259831,-185.61779898309018,1432.4875305587907,20750,True,14.42429804801941,14.33811199999991
dense,28,3028,amortized,gaussian,8,sigma,0.20381938034832683,0.2,1.9096901741634114,-185.61779898309018,1432.4875305587907,20750,True,14.42429804801941,14.33811199999991
dense,28,3028,amortized,gaussian,64,CL,2.9871587472436247,3.0,-0.4280417585458422,-184.8562983442876,1874.561882773449,21750,True,42.136433839797974,41.8613949999999
dense,28,3028,amortized,gaussian,64,V,29.452220538902235,30.0,-1.8259315369925488,-184.8562983442876,1874.561882773449,21750,True,42.136433839797974,41.8613949999999
dense,28,3028,amortized,gaussian,64,ka,1.1699672060789654,1.2,-2.5027328267528777,-184.8562983442876,1874.561882773449,21750,True,42.136433839797974,41.8613949999999
dense,28,3028,amortized,gaussian,64,om_CL,0.3099563492965893,0.3,3.318783098863095,-184.8562983442876,1874.561882773449,21750,True,42.136433839797974,41.8613949999999
dense,28,3028,amortized,gaussian,64,om_V,0.18147712845236014,0.2,-9.261435773819937,-184.8562983442876,1874.561882773449,21750,True,42.136433839797974,41.8613949999999
dense,28,3028,amortized,gaussian,64,om_ka,0.3979968283911467,0.4,-0.5007929022133317,-184.8562983442876,1874.561882773449,21750,True,42.136433839797974,41.8613949999999
dense,28,3028,amortized,gaussian,64,sigma,0.20429239879958283,0.2,2.1461993997914095,-184.8562983442876,1874.561882773449,21750,True,42.136433839797974,41.8613949999999
dense,29,3029,free,gaussian,1,CL,3.1012283840339157,3.0,3.3742794677971886,-184.23315458174426,1000.9894730438264,5000,True,1.7896308898925781,1.7776899999998932
dense,29,3029,free,gaussian,1,V,29.84891699843749,30.0,-0.5036100052083725,-184.23315458174426,1000.9894730438264,5000,True,1.7896308898925781,1.7776899999998932
dense,29,3029,free,gaussian,1,ka,1.2362500005515666,1.2,3.020833379297224,-184.23315458174426,1000.9894730438264,5000,True,1.7896308898925781,1.7776899999998932
dense,29,3029,free,gaussian,1,om_CL,0.2714240499860403,0.3,-9.525316671319896,-184.23315458174426,1000.9894730438264,5000,True,1.7896308898925781,1.7776899999998932
dense,29,3029,free,gaussian,1,om_V,0.16403222860830716,0.2,-17.983885695846425,-184.23315458174426,1000.9894730438264,5000,True,1.7896308898925781,1.7776899999998932
dense,29,3029,free,gaussian,1,om_ka,0.3504432551011112,0.4,-12.389186224722208,-184.23315458174426,1000.9894730438264,5000,True,1.7896308898925781,1.7776899999998932
dense,29,3029,free,gaussian,1,sigma,0.2214461429630951,0.2,10.723071481547539,-184.23315458174426,1000.9894730438264,5000,True,1.7896308898925781,1.7776899999998932
dense,29,3029,free,gaussian,8,CL,3.0860345566382037,3.0,2.86781855460679,-179.14968516174832,1673.0667642214732,9000,True,4.5447096824646,4.520603000000392
dense,29,3029,free,gaussian,8,V,29.17360047420721,30.0,-2.75466508597597,-179.14968516174832,1673.0667642214732,9000,True,4.5447096824646,4.520603000000392
dense,29,3029,free,gaussian,8,ka,1.2368273935666396,1.2,3.068949463886639,-179.14968516174832,1673.0667642214732,9000,True,4.5447096824646,4.520603000000392
dense,29,3029,free,gaussian,8,om_CL,0.2869298852784393,0.3,-4.356704907186889,-179.14968516174832,1673.0667642214732,9000,True,4.5447096824646,4.520603000000392
dense,29,3029,free,gaussian,8,om_V,0.17580428793211272,0.2,-12.097856033943643,-179.14968516174832,1673.0667642214732,9000,True,4.5447096824646,4.520603000000392
dense,29,3029,free,gaussian,8,om_ka,0.3981018546542929,0.4,-0.47453633642678683,-179.14968516174832,1673.0667642214732,9000,True,4.5447096824646,4.520603000000392
dense,29,3029,free,gaussian,8,sigma,0.20007651133078147,0.2,0.038255665390729554,-179.14968516174832,1673.0667642214732,9000,True,4.5447096824646,4.520603000000392
dense,29,3029,free,gaussian,64,CL,3.080843238742054,3.0,2.69477462473513,-178.56779044971944,1942.7200812185338,9750,True,16.450004816055298,16.362657000000127
dense,29,3029,free,gaussian,64,V,29.43490568737418,30.0,-1.8836477087527352,-178.56779044971944,1942.7200812185338,9750,True,16.450004816055298,16.362657000000127
dense,29,3029,free,gaussian,64,ka,1.2068614859950448,1.2,0.5717904995870734,-178.56779044971944,1942.7200812185338,9750,True,16.450004816055298,16.362657000000127
dense,29,3029,free,gaussian,64,om_CL,0.2844296839056814,0.3,-5.190105364772861,-178.56779044971944,1942.7200812185338,9750,True,16.450004816055298,16.362657000000127
dense,29,3029,free,gaussian,64,om_V,0.18908315881370838,0.2,-5.458420593145816,-178.56779044971944,1942.7200812185338,9750,True,16.450004816055298,16.362657000000127
dense,29,3029,free,gaussian,64,om_ka,0.39213467638373933,0.4,-1.9663309040651722,-178.56779044971944,1942.7200812185338,9750,True,16.450004816055298,16.362657000000127
dense,29,3029,free,gaussian,64,sigma,0.2009387145319507,0.2,0.46935726597534255,-178.56779044971944,1942.7200812185338,9750,True,16.450004816055298,16.362657000000127
dense,29,3029,amortized,gaussian,1,CL,3.111461478021889,3.0,3.715382600729633,-184.47252229419365,1213.37108582773,17500,True,9.562528133392334,9.47970099999975
dense,29,3029,amortized,gaussian,1,V,29.954330349496413,30.0,-0.1522321683452906,-184.47252229419365,1213.37108582773,17500,True,9.562528133392334,9.47970099999975
dense,29,3029,amortized,gaussian,1,ka,1.209276369854493,1.2,0.7730308212077579,-184.47252229419365,1213.37108582773,17500,True,9.562528133392334,9.47970099999975
dense,29,3029,amortized,gaussian,1,om_CL,0.27241472841020425,0.3,-9.195090529931912,-184.47252229419365,1213.37108582773,17500,True,9.562528133392334,9.47970099999975
dense,29,3029,amortized,gaussian,1,om_V,0.15744591069628133,0.2,-21.277044651859338,-184.47252229419365,1213.37108582773,17500,True,9.562528133392334,9.47970099999975
dense,29,3029,amortized,gaussian,1,om_ka,0.3420988655693098,0.4,-14.475283607672557,-184.47252229419365,1213.37108582773,17500,True,9.562528133392334,9.47970099999975
dense,29,3029,amortized,gaussian,1,sigma,0.21917763427990164,0.2,9.588817139950812,-184.47252229419365,1213.37108582773,17500,True,9.562528133392334,9.47970099999975
dense,29,3029,amortized,gaussian,8,CL,3.0401179442450004,3.0,1.337264808166679,-178.61031628617286,1813.7008858599218,8750,True,6.15316104888916,6.106347999999798
dense,29,3029,amortized,gaussian,8,V,29.5916101226813,30.0,-1.3612995910623364,-178.61031628617286,1813.7008858599218,8750,True,6.15316104888916,6.106347999999798
dense,29,3029,amortized,gaussian,8,ka,1.2021106207069707,1.2,0.17588505891423062,-178.61031628617286,1813.7008858599218,8750,True,6.15316104888916,6.106347999999798
dense,29,3029,amortized,gaussian,8,om_CL,0.27985896941334604,0.3,-6.7136768622179845,-178.61031628617286,1813.7008858599218,8750,True,6.15316104888916,6.106347999999798
dense,29,3029,amortized,gaussian,8,om_V,0.17743874363134937,0.2,-11.280628184325318,-178.61031628617286,1813.7008858599218,8750,True,6.15316104888916,6.106347999999798
dense,29,3029,amortized,gaussian,8,om_ka,0.37911606284110627,0.4,-5.220984289723438,-178.61031628617286,1813.7008858599218,8750,True,6.15316104888916,6.106347999999798
dense,29,3029,amortized,gaussian,8,sigma,0.20088369783498736,0.2,0.44184891749367294,-178.61031628617286,1813.7008858599218,8750,True,6.15316104888916,6.106347999999798
dense,29,3029,amortized,gaussian,64,CL,3.0490438871768215,3.0,1.6347962392273836,-178.3870395781764,1873.4637244626135,20250,True,39.159181118011475,38.92341699999997
dense,29,3029,amortized,gaussian,64,V,29.37913942123766,30.0,-2.0695352625411325,-178.3870395781764,1873.4637244626135,20250,True,39.159181118011475,38.92341699999997
dense,29,3029,amortized,gaussian,64,ka,1.2204513673063975,1.2,1.7042806088664597,-178.3870395781764,1873.4637244626135,20250,True,39.159181118011475,38.92341699999997
dense,29,3029,amortized,gaussian,64,om_CL,0.2728150411185283,0.3,-9.06165296049057,-178.3870395781764,1873.4637244626135,20250,True,39.159181118011475,38.92341699999997
dense,29,3029,amortized,gaussian,64,om_V,0.18798995799734383,0.2,-6.00502100132809,-178.3870395781764,1873.4637244626135,20250,True,39.159181118011475,38.92341699999997
dense,29,3029,amortized,gaussian,64,om_ka,0.4025850484220291,0.4,0.6462621055072643,-178.3870395781764,1873.4637244626135,20250,True,39.159181118011475,38.92341699999997
dense,29,3029,amortized,gaussian,64,sigma,0.2014060618870655,0.2,0.7030309435327453,-178.3870395781764,1873.4637244626135,20250,True,39.159181118011475,38.92341699999997
sparse,0,3000,free,gaussian,1,CL,2.938017397071079,3.0,-2.0660867642973666,-181.83696652262836,3761.080661401371,24500,True,8.402343988418579,8.354008000000249
sparse,0,3000,free,gaussian,1,V,28.598618392917757,30.0,-4.671272023607476,-181.83696652262836,3761.080661401371,24500,True,8.402343988418579,8.354008000000249
sparse,0,3000,free,gaussian,1,ka,1.0741317687522371,1.2,-10.489019270646901,-181.83696652262836,3761.080661401371,24500,True,8.402343988418579,8.354008000000249
sparse,0,3000,free,gaussian,1,om_CL,0.31781715906551145,0.3,5.939053021837152,-181.83696652262836,3761.080661401371,24500,True,8.402343988418579,8.354008000000249
sparse,0,3000,free,gaussian,1,om_V,0.017664276360241028,0.2,-91.16786181987949,-181.83696652262836,3761.080661401371,24500,True,8.402343988418579,8.354008000000249
sparse,0,3000,free,gaussian,1,om_ka,0.3488536589989552,0.4,-12.786585250261204,-181.83696652262836,3761.080661401371,24500,True,8.402343988418579,8.354008000000249
sparse,0,3000,free,gaussian,1,sigma,0.2514753209579608,0.2,25.737660478980406,-181.83696652262836,3761.080661401371,24500,True,8.402343988418579,8.354008000000249
sparse,0,3000,free,gaussian,8,CL,3.000805539459581,3.0,0.02685131531937242,-170.53593490439414,2068.116648556827,17500,True,8.016463994979858,7.965486999999939
sparse,0,3000,free,gaussian,8,V,28.566683383351393,30.0,-4.777722055495358,-170.53593490439414,2068.116648556827,17500,True,8.016463994979858,7.965486999999939
sparse,0,3000,free,gaussian,8,ka,1.1019516676394776,1.2,-8.170694363376864,-170.53593490439414,2068.116648556827,17500,True,8.016463994979858,7.965486999999939
sparse,0,3000,free,gaussian,8,om_CL,0.31793723100904786,0.3,5.9790770030159575,-170.53593490439414,2068.116648556827,17500,True,8.016463994979858,7.965486999999939
sparse,0,3000,free,gaussian,8,om_V,0.17775770097318588,0.2,-11.121149513407062,-170.53593490439414,2068.116648556827,17500,True,8.016463994979858,7.965486999999939
sparse,0,3000,free,gaussian,8,om_ka,0.24246733252139888,0.4,-39.38316686965029,-170.53593490439414,2068.116648556827,17500,True,8.016463994979858,7.965486999999939
sparse,0,3000,free,gaussian,8,sigma,0.20271594253505873,0.2,1.3579712675293591,-170.53593490439414,2068.116648556827,17500,True,8.016463994979858,7.965486999999939
sparse,0,3000,free,gaussian,64,CL,2.8240867001555725,3.0,-5.863776661480917,-169.97724592750194,1723.5924544033273,7250,True,9.971073150634766,9.868445000000065
sparse,0,3000,free,gaussian,64,V,29.527498861362922,30.0,-1.575003795456927,-169.97724592750194,1723.5924544033273,7250,True,9.971073150634766,9.868445000000065
sparse,0,3000,free,gaussian,64,ka,1.0946382836214894,1.2,-8.780143031542547,-169.97724592750194,1723.5924544033273,7250,True,9.971073150634766,9.868445000000065
sparse,0,3000,free,gaussian,64,om_CL,0.32652427518645216,0.3,8.841425062150725,-169.97724592750194,1723.5924544033273,7250,True,9.971073150634766,9.868445000000065
sparse,0,3000,free,gaussian,64,om_V,0.19290716630193241,0.2,-3.546416849033798,-169.97724592750194,1723.5924544033273,7250,True,9.971073150634766,9.868445000000065
sparse,0,3000,free,gaussian,64,om_ka,0.2884785456265137,0.4,-27.880363593371577,-169.97724592750194,1723.5924544033273,7250,True,9.971073150634766,9.868445000000065
sparse,0,3000,free,gaussian,64,sigma,0.19289792523062727,0.2,-3.551037384686373,-169.97724592750194,1723.5924544033273,7250,True,9.971073150634766,9.868445000000065
sparse,0,3000,amortized,gaussian,1,CL,2.922449800749869,3.0,-2.5850066416710358,-182.15476802010616,3705.7024855531085,21750,True,12.151522159576416,11.956338999999844
sparse,0,3000,amortized,gaussian,1,V,28.350532130351507,30.0,-5.4982262321616435,-182.15476802010616,3705.7024855531085,21750,True,12.151522159576416,11.956338999999844
sparse,0,3000,amortized,gaussian,1,ka,1.074313555629243,1.2,-10.473870364229754,-182.15476802010616,3705.7024855531085,21750,True,12.151522159576416,11.956338999999844
sparse,0,3000,amortized,gaussian,1,om_CL,0.3212075448662644,0.3,7.069181622088139,-182.15476802010616,3705.7024855531085,21750,True,12.151522159576416,11.956338999999844
sparse,0,3000,amortized,gaussian,1,om_V,0.00965510954949392,0.2,-95.17244522525304,-182.15476802010616,3705.7024855531085,21750,True,12.151522159576416,11.956338999999844
sparse,0,3000,amortized,gaussian,1,om_ka,0.3389992917829555,0.4,-15.250177054261126,-182.15476802010616,3705.7024855531085,21750,True,12.151522159576416,11.956338999999844
sparse,0,3000,amortized,gaussian,1,sigma,0.25102103223745675,0.2,25.51051611872837,-182.15476802010616,3705.7024855531085,21750,True,12.151522159576416,11.956338999999844
sparse,0,3000,amortized,gaussian,8,CL,2.9476606317760345,3.0,-1.7446456074655152,-170.08450780225746,2183.6476902701356,13000,True,8.335062026977539,8.294369000000188
sparse,0,3000,amortized,gaussian,8,V,29.418783585417877,30.0,-1.937388048607076,-170.08450780225746,2183.6476902701356,13000,True,8.335062026977539,8.294369000000188
sparse,0,3000,amortized,gaussian,8,ka,1.0866274868083734,1.2,-9.447709432635547,-170.08450780225746,2183.6476902701356,13000,True,8.335062026977539,8.294369000000188
sparse,0,3000,amortized,gaussian,8,om_CL,0.32385923981814113,0.3,7.953079939380382,-170.08450780225746,2183.6476902701356,13000,True,8.335062026977539,8.294369000000188
sparse,0,3000,amortized,gaussian,8,om_V,0.17832995671781363,0.2,-10.835021641093192,-170.08450780225746,2183.6476902701356,13000,True,8.335062026977539,8.294369000000188
sparse,0,3000,amortized,gaussian,8,om_ka,0.20475224756340257,0.4,-48.81193810914937,-170.08450780225746,2183.6476902701356,13000,True,8.335062026977539,8.294369000000188
sparse,0,3000,amortized,gaussian,8,sigma,0.20225199070399633,0.2,1.1259953519981574,-170.08450780225746,2183.6476902701356,13000,True,8.335062026977539,8.294369000000188
sparse,0,3000,amortized,gaussian,64,CL,2.840306387894507,3.0,-5.323120403516428,-169.21268373499362,2083.16541539784,19500,True,30.831043004989624,30.66982700000017
sparse,0,3000,amortized,gaussian,64,V,29.4704856727125,30.0,-1.765047757625003,-169.21268373499362,2083.16541539784,19500,True,30.831043004989624,30.66982700000017
sparse,0,3000,amortized,gaussian,64,ka,1.1008903066974542,1.2,-8.259141108545476,-169.21268373499362,2083.16541539784,19500,True,30.831043004989624,30.66982700000017
sparse,0,3000,amortized,gaussian,64,om_CL,0.32347349129317876,0.3,7.824497097726257,-169.21268373499362,2083.16541539784,19500,True,30.831043004989624,30.66982700000017
sparse,0,3000,amortized,gaussian,64,om_V,0.19962791368290034,0.2,-0.18604315854983677,-169.21268373499362,2083.16541539784,19500,True,30.831043004989624,30.66982700000017
sparse,0,3000,amortized,gaussian,64,om_ka,0.2775000740898419,0.4,-30.62498147753953,-169.21268373499362,2083.16541539784,19500,True,30.831043004989624,30.66982700000017
sparse,0,3000,amortized,gaussian,64,sigma,0.1884232298746494,0.2,-5.788385062675303,-169.21268373499362,2083.16541539784,19500,True,30.831043004989624,30.66982700000017
sparse,1,3001,free,gaussian,1,CL,2.953803177323388,3.0,-1.539894089220395,-181.1839565710835,3444.172820369915,17250,True,5.92276406288147,5.892235000000255
sparse,1,3001,free,gaussian,1,V,28.453035078693265,30.0,-5.156549737689117,-181.1839565710835,3444.172820369915,17250,True,5.92276406288147,5.892235000000255
sparse,1,3001,free,gaussian,1,ka,1.1201403181416316,1.2,-6.654973488197362,-181.1839565710835,3444.172820369915,17250,True,5.92276406288147,5.892235000000255
sparse,1,3001,free,gaussian,1,om_CL,0.2940545839504201,0.3,-1.981805349859959,-181.1839565710835,3444.172820369915,17250,True,5.92276406288147,5.892235000000255
sparse,1,3001,free,gaussian,1,om_V,0.016976262579786926,0.2,-91.51186871010654,-181.1839565710835,3444.172820369915,17250,True,5.92276406288147,5.892235000000255
sparse,1,3001,free,gaussian,1,om_ka,0.5328103620706448,0.4,33.20259051766119,-181.1839565710835,3444.172820369915,17250,True,5.92276406288147,5.892235000000255
sparse,1,3001,free,gaussian,1,sigma,0.23004499946318055,0.2,15.022499731590267,-181.1839565710835,3444.172820369915,17250,True,5.92276406288147,5.892235000000255
sparse,1,3001,free,gaussian,8,CL,2.88577616021604,3.0,-3.8074613261320036,-181.21656244094484,3428.7303160717065,10500,True,4.8016698360443115,4.776801999999861
sparse,1,3001,free,gaussian,8,V,28.201134951744415,30.0,-5.9962168275186185,-181.21656244094484,3428.7303160717065,10500,True,4.8016698360443115,4.776801999999861
sparse,1,3001,free,gaussian,8,ka,1.1250480063845378,1.2,-6.245999467955177,-181.21656244094484,3428.7303160717065,10500,True,4.8016698360443115,4.776801999999861
sparse,1,3001,free,gaussian,8,om_CL,0.29790324377823413,0.3,-0.6989187405886204,-181.21656244094484,3428.7303160717065,10500,True,4.8016698360443115,4.776801999999861
sparse,1,3001,free,gaussian,8,om_V,0.022092152907318193,0.2,-88.9539235463409,-181.21656244094484,3428.7303160717065,10500,True,4.8016698360443115,4.776801999999861
sparse,1,3001,free,gaussian,8,om_ka,0.5574358807543538,0.4,39.358970188588444,-181.21656244094484,3428.7303160717065,10500,True,4.8016698360443115,4.776801999999861
sparse,1,3001,free,gaussian,8,sigma,0.2255055897063769,0.2,12.75279485318845,-181.21656244094484,3428.7303160717065,10500,True,4.8016698360443115,4.776801999999861
sparse,1,3001,free,gaussian,64,CL,2.9918109779517508,3.0,-0.2729674016083076,-177.37706353986007,2153.8128456848694,12750,True,17.083387851715088,16.99974199999997
sparse,1,3001,free,gaussian,64,V,28.471463164936033,30.0,-5.095122783546557,-177.37706353986007,2153.8128456848694,12750,True,17.083387851715088,16.99974199999997
sparse,1,3001,free,gaussian,64,ka,1.184824721972168,1.2,-1.2646065023193358,-177.37706353986007,2153.8128456848694,12750,True,17.083387851715088,16.99974199999997
sparse,1,3001,free,gaussian,64,om_CL,0.2909427407901923,0.3,-3.0190864032692373,-177.37706353986007,2153.8128456848694,12750,True,17.083387851715088,16.99974199999997
sparse,1,3001,free,gaussian,64,om_V,0.13826242994951876,0.2,-30.868785025240623,-177.37706353986007,2153.8128456848694,12750,True,17.083387851715088,16.99974199999997
sparse,1,3001,free,gaussian,64,om_ka,0.5449618474546537,0.4,36.24046186366341,-177.37706353986007,2153.8128456848694,12750,True,17.083387851715088,16.99974199999997
sparse,1,3001,free,gaussian,64,sigma,0.2022560007845604,0.2,1.1280003922801984,-177.37706353986007,2153.8128456848694,12750,True,17.083387851715088,16.99974199999997
sparse,1,3001,amortized,gaussian,1,CL,2.9343561590773426,3.0,-2.1881280307552466,-181.4410521017246,3593.2113847045016,20500,True,10.756957054138184,10.6917040000003
sparse,1,3001,amortized,gaussian,1,V,28.41171078623542,30.0,-5.294297379215264,-181.4410521017246,3593.2113847045016,20500,True,10.756957054138184,10.6917040000003
sparse,1,3001,amortized,gaussian,1,ka,1.1141168571130045,1.2,-7.156928573916292,-181.4410521017246,3593.2113847045016,20500,True,10.756957054138184,10.6917040000003
sparse,1,3001,amortized,gaussian,1,om_CL,0.29276244622041375,0.3,-2.4125179265287455,-181.4410521017246,3593.2113847045016,20500,True,10.756957054138184,10.6917040000003
sparse,1,3001,amortized,gaussian,1,om_V,0.01184556585654153,0.2,-94.07721707172922,-181.4410521017246,3593.2113847045016,20500,True,10.756957054138184,10.6917040000003
sparse,1,3001,amortized,gaussian,1,om_ka,0.5238725308033618,0.4,30.96813270084045,-181.4410521017246,3593.2113847045016,20500,True,10.756957054138184,10.6917040000003
sparse,1,3001,amortized,gaussian,1,sigma,0.23187617873711303,0.2,15.938089368556506,-181.4410521017246,3593.2113847045016,20500,True,10.756957054138184,10.6917040000003
sparse,1,3001,amortized,gaussian,8,CL,2.987587272052732,3.0,-0.4137575982422703,-181.2652232606872,3542.761691203031,19250,True,12.324343919754028,12.266047000000071
sparse,1,3001,amortized,gaussian,8,V,28.51001998676227,30.0,-4.966600044125767,-181.2652232606872,3542.761691203031,19250,True,12.324343919754028,12.266047000000071
sparse,1,3001,amortized,gaussian,8,ka,1.1157413455829925,1.2,-7.021554534750618,-181.2652232606872,3542.761691203031,19250,True,12.324343919754028,12.266047000000071
sparse,1,3001,amortized,gaussian,8,om_CL,0.29408426569811175,0.3,-1.9719114339627475,-181.2652232606872,3542.761691203031,19250,True,12.324343919754028,12.266047000000071
sparse,1,3001,amortized,gaussian,8,om_V,0.01094892611104339,0.2,-94.5255369444783,-181.2652232606872,3542.761691203031,19250,True,12.324343919754028,12.266047000000071
sparse,1,3001,amortized,gaussian,8,om_ka,0.5719200931584284,0.4,42.9800232896071,-181.2652232606872,3542.761691203031,19250,True,12.324343919754028,12.266047000000071
sparse,1,3001,amortized,gaussian,8,sigma,0.22578195834177497,0.2,12.890979170887482,-181.2652232606872,3542.761691203031,19250,True,12.324343919754028,12.266047000000071
sparse,1,3001,amortized,gaussian,64,CL,2.927395934693397,3.0,-2.420135510220097,-177.5944729610774,2325.148569017643,25000,False,39.672910928726196,39.45070600000008
sparse,1,3001,amortized,gaussian,64,V,28.553487823037237,30.0,-4.821707256542543,-177.5944729610774,2325.148569017643,25000,False,39.672910928726196,39.45070600000008
sparse,1,3001,amortized,gaussian,64,ka,1.1651685927359503,1.2,-2.9026172720041377,-177.5944729610774,2325.148569017643,25000,False,39.672910928726196,39.45070600000008
sparse,1,3001,amortized,gaussian,64,om_CL,0.2925516479468671,0.3,-2.4827840177109595,-177.5944729610774,2325.148569017643,25000,False,39.672910928726196,39.45070600000008
sparse,1,3001,amortized,gaussian,64,om_V,0.12279139705886018,0.2,-38.604301470569915,-177.5944729610774,2325.148569017643,25000,False,39.672910928726196,39.45070600000008
sparse,1,3001,amortized,gaussian,64,om_ka,0.549665796865945,0.4,37.416449216486235,-177.5944729610774,2325.148569017643,25000,False,39.672910928726196,39.45070600000008
sparse,1,3001,amortized,gaussian,64,sigma,0.20057063566145725,0.2,0.28531783072861805,-177.5944729610774,2325.148569017643,25000,False,39.672910928726196,39.45070600000008
sparse,2,3002,free,gaussian,1,CL,2.972706235647969,3.0,-0.909792145067693,-216.82557154148896,3366.5909982585745,14000,True,4.810167074203491,4.783805000000029
sparse,2,3002,free,gaussian,1,V,29.414066208008343,30.0,-1.9531126399721899,-216.82557154148896,3366.5909982585745,14000,True,4.810167074203491,4.783805000000029
sparse,2,3002,free,gaussian,1,ka,1.1898815679821966,1.2,-0.8432026681502818,-216.82557154148896,3366.5909982585745,14000,True,4.810167074203491,4.783805000000029
sparse,2,3002,free,gaussian,1,om_CL,0.3019997052722404,0.3,0.6665684240801384,-216.82557154148896,3366.5909982585745,14000,True,4.810167074203491,4.783805000000029
sparse,2,3002,free,gaussian,1,om_V,0.048646535879236244,0.2,-75.6767320603819,-216.82557154148896,3366.5909982585745,14000,True,4.810167074203491,4.783805000000029
sparse,2,3002,free,gaussian,1,om_ka,0.3975626518772406,0.4,-0.6093370306898549,-216.82557154148896,3366.5909982585745,14000,True,4.810167074203491,4.783805000000029
sparse,2,3002,free,gaussian,1,sigma,0.3018432961134153,0.2,50.921648056707646,-216.82557154148896,3366.5909982585745,14000,True,4.810167074203491,4.783805000000029
sparse,2,3002,free,gaussian,8,CL,2.962000914228668,3.0,-1.266636192377731,-202.17886461517583,2306.8375795409984,14750,True,6.711759090423584,6.678449999999884
sparse,2,3002,free,gaussian,8,V,29.586867004375385,30.0,-1.3771099854153828,-202.17886461517583,2306.8375795409984,14750,True,6.711759090423584,6.678449999999884
sparse,2,3002,free,gaussian,8,ka,1.1871953234443735,1.2,-1.0670563796355375,-202.17886461517583,2306.8375795409984,14750,True,6.711759090423584,6.678449999999884
sparse,2,3002,free,gaussian,8,om_CL,0.2855995562300942,0.3,-4.800147923301931,-202.17886461517583,2306.8375795409984,14750,True,6.711759090423584,6.678449999999884
sparse,2,3002,free,gaussian,8,om_V,0.20827606464691695,0.2,4.138032323458468,-202.17886461517583,2306.8375795409984,14750,True,6.711759090423584,6.678449999999884
sparse,2,3002,free,gaussian,8,om_ka,0.2869939433688886,0.4,-28.251514157777848,-202.17886461517583,2306.8375795409984,14750,True,6.711759090423584,6.678449999999884
sparse,2,3002,free,gaussian,8,sigma,0.24368634718349674,0.2,21.843173591748364,-202.17886461517583,2306.8375795409984,14750,True,6.711759090423584,6.678449999999884
sparse,2,3002,free,gaussian,64,CL,2.9019983071436832,3.0,-3.266723095210559,-201.32475650040394,2147.6284552882576,2000,True,2.757941961288452,2.734212999999727
sparse,2,3002,free,gaussian,64,V,29.661282255194422,30.0,-1.1290591493519269,-201.32475650040394,2147.6284552882576,2000,True,2.757941961288452,2.734212999999727
sparse,2,3002,free,gaussian,64,ka,1.2114723866745924,1.2,0.9560322228827078,-201.32475650040394,2147.6284552882576,2000,True,2.757941961288452,2.734212999999727
sparse,2,3002,free,gaussian,64,om_CL,0.2902965655212308,0.3,-3.234478159589734,-201.32475650040394,2147.6284552882576,2000,True,2.757941961288452,2.734212999999727
sparse,2,3002,free,gaussian,64,om_V,0.22880417132997544,0.2,14.40208566498771,-201.32475650040394,2147.6284552882576,2000,True,2.757941961288452,2.734212999999727
sparse,2,3002,free,gaussian,64,om_ka,0.3724574445539065,0.4,-6.88563886152338,-201.32475650040394,2147.6284552882576,2000,True,2.757941961288452,2.734212999999727
sparse,2,3002,free,gaussian,64,sigma,0.22717667781789366,0.2,13.588338908946826,-201.32475650040394,2147.6284552882576,2000,True,2.757941961288452,2.734212999999727
sparse,2,3002,amortized,gaussian,1,CL,2.9820232768342154,3.0,-0.5992241055261527,-217.39614395154456,3772.024281011972,25000,False,13.128812074661255,13.055222999999842
sparse,2,3002,amortized,gaussian,1,V,29.124815405609493,30.0,-2.9172819813016915,-217.39614395154456,3772.024281011972,25000,False,13.128812074661255,13.055222999999842
sparse,2,3002,amortized,gaussian,1,ka,1.1500147163747014,1.2,-4.165440302108211,-217.39614395154456,3772.024281011972,25000,False,13.128812074661255,13.055222999999842
sparse,2,3002,amortized,gaussian,1,om_CL,0.29979181865746124,0.3,-0.0693937808462497,-217.39614395154456,3772.024281011972,25000,False,13.128812074661255,13.055222999999842
sparse,2,3002,amortized,gaussian,1,om_V,0.01756616153731473,0.2,-91.21691923134264,-217.39614395154456,3772.024281011972,25000,False,13.128812074661255,13.055222999999842
sparse,2,3002,amortized,gaussian,1,om_ka,0.4348549125215615,0.4,8.713728130390368,-217.39614395154456,3772.024281011972,25000,False,13.128812074661255,13.055222999999842
sparse,2,3002,amortized,gaussian,1,sigma,0.2966768321179357,0.2,48.33841605896785,-217.39614395154456,3772.024281011972,25000,False,13.128812074661255,13.055222999999842
sparse,2,3002,amortized,gaussian,8,CL,3.035816471798661,3.0,1.1938823932887033,-203.73064220610266,2382.4607205962325,20000,True,12.90444302558899,12.831459999999879
sparse,2,3002,amortized,gaussian,8,V,29.80825457906532,30.0,-0.6391514031156001,-203.73064220610266,2382.4607205962325,20000,True,12.90444302558899,12.831459999999879
sparse,2,3002,amortized,gaussian,8,ka,1.1623903537156723,1.2,-3.1341371903606348,-203.73064220610266,2382.4607205962325,20000,True,12.90444302558899,12.831459999999879
sparse,2,3002,amortized,gaussian,8,om_CL,0.2832722448375532,0.3,-5.575918387482263,-203.73064220610266,2382.4607205962325,20000,True,12.90444302558899,12.831459999999879
sparse,2,3002,amortized,gaussian,8,om_V,0.19747625317358752,0.2,-1.2618734132062437,-203.73064220610266,2382.4607205962325,20000,True,12.90444302558899,12.831459999999879
sparse,2,3002,amortized,gaussian,8,om_ka,0.2594055916855767,0.4,-35.148602078605826,-203.73064220610266,2382.4607205962325,20000,True,12.90444302558899,12.831459999999879
sparse,2,3002,amortized,gaussian,8,sigma,0.2519141191048567,0.2,25.957059552428355,-203.73064220610266,2382.4607205962325,20000,True,12.90444302558899,12.831459999999879
sparse,2,3002,amortized,gaussian,64,CL,3.028763186554456,3.0,0.9587728851485325,-201.98645680052346,2217.913868336519,17500,True,27.786458015441895,27.621034000000236
sparse,2,3002,amortized,gaussian,64,V,29.618899907348574,30.0,-1.2703336421714202,-201.98645680052346,2217.913868336519,17500,True,27.786458015441895,27.621034000000236
sparse,2,3002,amortized,gaussian,64,ka,1.2253514217820056,1.2,2.1126184818338056,-201.98645680052346,2217.913868336519,17500,True,27.786458015441895,27.621034000000236
sparse,2,3002,amortized,gaussian,64,om_CL,0.27584331185293237,0.3,-8.052229382355874,-201.98645680052346,2217.913868336519,17500,True,27.786458015441895,27.621034000000236
sparse,2,3002,amortized,gaussian,64,om_V,0.22824136628457692,0.2,14.120683142288453,-201.98645680052346,2217.913868336519,17500,True,27.786458015441895,27.621034000000236
sparse,2,3002,amortized,gaussian,64,om_ka,0.34744517139691694,0.4,-13.138707150770768,-201.98645680052346,2217.913868336519,17500,True,27.786458015441895,27.621034000000236
sparse,2,3002,amortized,gaussian,64,sigma,0.23388444780082748,0.2,16.942223900413733,-201.98645680052346,2217.913868336519,17500,True,27.786458015441895,27.621034000000236
sparse,3,3003,free,gaussian,1,CL,3.0338553587368353,3.0,1.1285119578945106,-183.58998742850497,3568.6597735329465,20000,True,6.896630048751831,6.855957000000217
sparse,3,3003,free,gaussian,1,V,29.71618918327252,30.0,-0.9460360557582703,-183.58998742850497,3568.6597735329465,20000,True,6.896630048751831,6.855957000000217
sparse,3,3003,free,gaussian,1,ka,1.176688249469855,1.2,-1.9426458775120836,-183.58998742850497,3568.6597735329465,20000,True,6.896630048751831,6.855957000000217
sparse,3,3003,free,gaussian,1,om_CL,0.3454047903386069,0.3,15.134930112868966,-183.58998742850497,3568.6597735329465,20000,True,6.896630048751831,6.855957000000217
sparse,3,3003,free,gaussian,1,om_V,0.018798111401542153,0.2,-90.60094429922893,-183.58998742850497,3568.6597735329465,20000,True,6.896630048751831,6.855957000000217
sparse,3,3003,free,gaussian,1,om_ka,0.4173232156357163,0.4,4.330803908929065,-183.58998742850497,3568.6597735329465,20000,True,6.896630048751831,6.855957000000217
sparse,3,3003,free,gaussian,1,sigma,0.2353302823336269,0.2,17.665141166813445,-183.58998742850497,3568.6597735329465,20000,True,6.896630048751831,6.855957000000217
sparse,3,3003,free,gaussian,8,CL,3.117592364044384,3.0,3.9197454681461372,-171.31928804956465,1704.9933118813128,18500,True,8.464982032775879,8.407447999999931
sparse,3,3003,free,gaussian,8,V,29.713162167325823,30.0,-0.9561261089139231,-171.31928804956465,1704.9933118813128,18500,True,8.464982032775879,8.407447999999931
sparse,3,3003,free,gaussian,8,ka,1.233463758141004,1.2,2.788646511750333,-171.31928804956465,1704.9933118813128,18500,True,8.464982032775879,8.407447999999931
sparse,3,3003,free,gaussian,8,om_CL,0.33453270797505896,0.3,11.510902658352993,-171.31928804956465,1704.9933118813128,18500,True,8.464982032775879,8.407447999999931
sparse,3,3003,free,gaussian,8,om_V,0.17322537869520582,0.2,-13.387310652397092,-171.31928804956465,1704.9933118813128,18500,True,8.464982032775879,8.407447999999931
sparse,3,3003,free,gaussian,8,om_ka,0.3284972484681669,0.4,-17.875687882958278,-171.31928804956465,1704.9933118813128,18500,True,8.464982032775879,8.407447999999931
sparse,3,3003,free,gaussian,8,sigma,0.19373132512571414,0.2,-3.134337437142934,-171.31928804956465,1704.9933118813128,18500,True,8.464982032775879,8.407447999999931
sparse,3,3003,free,gaussian,64,CL,3.036710954232737,3.0,1.223698474424569,-168.47435361632478,1919.4738028486006,12750,True,17.205111026763916,17.104044000000158
sparse,3,3003,free,gaussian,64,V,30.014006671781807,30.0,0.04668890593935752,-168.47435361632478,1919.4738028486006,12750,True,17.205111026763916,17.104044000000158
sparse,3,3003,free,gaussian,64,ka,1.2161262375421298,1.2,1.343853128510819,-168.47435361632478,1919.4738028486006,12750,True,17.205111026763916,17.104044000000158
sparse,3,3003,free,gaussian,64,om_CL,0.33142479699347976,0.3,10.474932331159925,-168.47435361632478,1919.4738028486006,12750,True,17.205111026763916,17.104044000000158
sparse,3,3003,free,gaussian,64,om_V,0.18492125230048395,0.2,-7.53937384975803,-168.47435361632478,1919.4738028486006,12750,True,17.205111026763916,17.104044000000158
sparse,3,3003,free,gaussian,64,om_ka,0.39326330185603503,0.4,-1.684174535991248,-168.47435361632478,1919.4738028486006,12750,True,17.205111026763916,17.104044000000158
sparse,3,3003,free,gaussian,64,sigma,0.17233811625565354,0.2,-13.830941872173236,-168.47435361632478,1919.4738028486006,12750,True,17.205111026763916,17.104044000000158
sparse,3,3003,amortized,gaussian,1,CL,3.015172749674302,3.0,0.5057583224767311,-185.93825691413394,3250.7082680368603,25000,False,13.143775939941406,13.06945399999995
sparse,3,3003,amortized,gaussian,1,V,30.263869504826488,30.0,0.8795650160882929,-185.93825691413394,3250.7082680368603,25000,False,13.143775939941406,13.06945399999995
sparse,3,3003,amortized,gaussian,1,ka,1.1578331832383701,1.2,-3.5139013968024844,-185.93825691413394,3250.7082680368603,25000,False,13.143775939941406,13.06945399999995
sparse,3,3003,amortized,gaussian,1,om_CL,0.3434931610353059,0.3,14.497720345101976,-185.93825691413394,3250.7082680368603,25000,False,13.143775939941406,13.06945399999995
sparse,3,3003,amortized,gaussian,1,om_V,0.023264561181264316,0.2,-88.36771940936785,-185.93825691413394,3250.7082680368603,25000,False,13.143775939941406,13.06945399999995
sparse,3,3003,amortized,gaussian,1,om_ka,0.35522639765086256,0.4,-11.193400587284366,-185.93825691413394,3250.7082680368603,25000,False,13.143775939941406,13.06945399999995
sparse,3,3003,amortized,gaussian,1,sigma,0.2588388910929219,0.2,29.419445546460945,-185.93825691413394,3250.7082680368603,25000,False,13.143775939941406,13.06945399999995
sparse,3,3003,amortized,gaussian,8,CL,3.0159421849247616,3.0,0.5314061641587209,-171.41175107967229,2026.9325182463888,21250,True,13.725624799728394,13.644057999999859
sparse,3,3003,amortized,gaussian,8,V,30.445229223690735,30.0,1.484097412302449,-171.41175107967229,2026.9325182463888,21250,True,13.725624799728394,13.644057999999859
sparse,3,3003,amortized,gaussian,8,ka,1.192419875746494,1.2,-0.6316770211254874,-171.41175107967229,2026.9325182463888,21250,True,13.725624799728394,13.644057999999859
sparse,3,3003,amortized,gaussian,8,om_CL,0.3365356268971739,0.3,12.178542299057979,-171.41175107967229,2026.9325182463888,21250,True,13.725624799728394,13.644057999999859
sparse,3,3003,amortized,gaussian,8,om_V,0.16487325078758483,0.2,-17.56337460620759,-171.41175107967229,2026.9325182463888,21250,True,13.725624799728394,13.644057999999859
sparse,3,3003,amortized,gaussian,8,om_ka,0.3049507149881707,0.4,-23.76232125295732,-171.41175107967229,2026.9325182463888,21250,True,13.725624799728394,13.644057999999859
sparse,3,3003,amortized,gaussian,8,sigma,0.19581653077428995,0.2,-2.0917346128550283,-171.41175107967229,2026.9325182463888,21250,True,13.725624799728394,13.644057999999859
sparse,3,3003,amortized,gaussian,64,CL,3.0254439252438763,3.0,0.8481308414625429,-169.2701299789729,1983.4526314574057,13750,True,21.856416940689087,21.729612999999972
sparse,3,3003,amortized,gaussian,64,V,29.65147295788297,30.0,-1.1617568070567685,-169.2701299789729,1983.4526314574057,13750,True,21.856416940689087,21.729612999999972
sparse,3,3003,amortized,gaussian,64,ka,1.2522817062141833,1.2,4.356808851181948,-169.2701299789729,1983.4526314574057,13750,True,21.856416940689087,21.729612999999972
sparse,3,3003,amortized,gaussian,64,om_CL,0.3336911804231322,0.3,11.230393474377413,-169.2701299789729,1983.4526314574057,13750,True,21.856416940689087,21.729612999999972
sparse,3,3003,amortized,gaussian,64,om_V,0.18814779044057547,0.2,-5.926104779712269,-169.2701299789729,1983.4526314574057,13750,True,21.856416940689087,21.729612999999972
sparse,3,3003,amortized,gaussian,64,om_ka,0.38956950571347226,0.4,-2.6076235716319394,-169.2701299789729,1983.4526314574057,13750,True,21.856416940689087,21.729612999999972
sparse,3,3003,amortized,gaussian,64,sigma,0.1778596775961629,0.2,-11.070161201918559,-169.2701299789729,1983.4526314574057,13750,True,21.856416940689087,21.729612999999972
sparse,4,3004,free,gaussian,1,CL,2.9376089608713727,3.0,-2.079701304287577,-207.4328761864005,3637.2199781879053,25000,False,8.576632976531982,8.52920099999983
sparse,4,3004,free,gaussian,1,V,30.86686031565488,30.0,2.8895343855162636,-207.4328761864005,3637.2199781879053,25000,False,8.576632976531982,8.52920099999983
sparse,4,3004,free,gaussian,1,ka,1.2475268582394217,1.2,3.9605715199518094,-207.4328761864005,3637.2199781879053,25000,False,8.576632976531982,8.52920099999983
sparse,4,3004,free,gaussian,1,om_CL,0.36604811610785,0.3,22.016038702616665,-207.4328761864005,3637.2199781879053,25000,False,8.576632976531982,8.52920099999983
sparse,4,3004,free,gaussian,1,om_V,0.013531572885880146,0.2,-93.23421355705993,-207.4328761864005,3637.2199781879053,25000,False,8.576632976531982,8.52920099999983
sparse,4,3004,free,gaussian,1,om_ka,0.4547580693054065,0.4,13.689517326351623,-207.4328761864005,3637.2199781879053,25000,False,8.576632976531982,8.52920099999983
sparse,4,3004,free,gaussian,1,sigma,0.2631256941888108,0.2,31.562847094405402,-207.4328761864005,3637.2199781879053,25000,False,8.576632976531982,8.52920099999983
sparse,4,3004,free,gaussian,8,CL,2.967633146709726,3.0,-1.0788951096758037,-200.69829066963825,2468.7258517688565,18750,True,8.522752046585083,8.479181000000153
sparse,4,3004,free,gaussian,8,V,31.634722528223605,30.0,5.449075094078684,-200.69829066963825,2468.7258517688565,18750,True,8.522752046585083,8.479181000000153
sparse,4,3004,free,gaussian,8,ka,1.2800139232580174,1.2,6.667826938168124,-200.69829066963825,2468.7258517688565,18750,True,8.522752046585083,8.479181000000153
sparse,4,3004,free,gaussian,8,om_CL,0.36874636964355334,0.3,22.915456547851118,-200.69829066963825,2468.7258517688565,18750,True,8.522752046585083,8.479181000000153
sparse,4,3004,free,gaussian,8,om_V,0.1716455197643577,0.2,-14.17724011782115,-200.69829066963825,2468.7258517688565,18750,True,8.522752046585083,8.479181000000153
sparse,4,3004,free,gaussian,8,om_ka,0.25819865737153647,0.4,-35.450335657115886,-200.69829066963825,2468.7258517688565,18750,True,8.522752046585083,8.479181000000153
sparse,4,3004,free,gaussian,8,sigma,0.24221331012907987,0.2,21.10665506453993,-200.69829066963825,2468.7258517688565,18750,True,8.522752046585083,8.479181000000153
sparse,4,3004,free,gaussian,64,CL,2.9222561378428056,3.0,-2.5914620719064807,-198.7098694818481,2337.5408427006505,12500,True,16.87833285331726,16.771593999999823
sparse,4,3004,free,gaussian,64,V,31.523916266551403,30.0,5.079720888504677,-198.7098694818481,2337.5408427006505,12500,True,16.87833285331726,16.771593999999823
sparse,4,3004,free,gaussian,64,ka,1.2913274789034481,1.2,7.6106232419540145,-198.7098694818481,2337.5408427006505,12500,True,16.87833285331726,16.771593999999823
sparse,4,3004,free,gaussian,64,om_CL,0.3637849443511277,0.3,21.261648117042565,-198.7098694818481,2337.5408427006505,12500,True,16.87833285331726,16.771593999999823
sparse,4,3004,free,gaussian,64,om_V,0.19185749295794655,0.2,-4.071253521026732,-198.7098694818481,2337.5408427006505,12500,True,16.87833285331726,16.771593999999823
sparse,4,3004,free,gaussian,64,om_ka,0.3919921840731366,0.4,-2.001953981715862,-198.7098694818481,2337.5408427006505,12500,True,16.87833285331726,16.771593999999823
sparse,4,3004,free,gaussian,64,sigma,0.21593799708710937,0.2,7.968998543554678,-198.7098694818481,2337.5408427006505,12500,True,16.87833285331726,16.771593999999823
sparse,4,3004,amortized,gaussian,1,CL,2.9469004604051348,3.0,-1.7699846531621748,-207.39341239900696,3458.3268396934973,22250,True,11.753675937652588,11.673686999999973
sparse,4,3004,amortized,gaussian,1,V,31.11051015636047,30.0,3.701700521201564,-207.39341239900696,3458.3268396934973,22250,True,11.753675937652588,11.673686999999973
sparse,4,3004,amortized,gaussian,1,ka,1.245830797998291,1.2,3.8192331665242536,-207.39341239900696,3458.3268396934973,22250,True,11.753675937652588,11.673686999999973
sparse,4,3004,amortized,gaussian,1,om_CL,0.3666734861842925,0.3,22.22449539476418,-207.39341239900696,3458.3268396934973,22250,True,11.753675937652588,11.673686999999973
sparse,4,3004,amortized,gaussian,1,om_V,0.033179350937352775,0.2,-83.41032453132361,-207.39341239900696,3458.3268396934973,22250,True,11.753675937652588,11.673686999999973
sparse,4,3004,amortized,gaussian,1,om_ka,0.4289509281291326,0.4,7.237732032283144,-207.39341239900696,3458.3268396934973,22250,True,11.753675937652588,11.673686999999973
sparse,4,3004,amortized,gaussian,1,sigma,0.2664206241265554,0.2,33.210312063277705,-207.39341239900696,3458.3268396934973,22250,True,11.753675937652588,11.673686999999973
sparse,4,3004,amortized,gaussian,8,CL,2.912798125999893,3.0,-2.906729133336894,-201.15025822441504,2630.084085813228,20250,True,13.028366804122925,12.957002999999986
sparse,4,3004,amortized,gaussian,8,V,31.624098770368015,30.0,5.4136625678933825,-201.15025822441504,2630.084085813228,20250,True,13.028366804122925,12.957002999999986
sparse,4,3004,amortized,gaussian,8,ka,1.2511700679356828,1.2,4.264172327973567,-201.15025822441504,2630.084085813228,20250,True,13.028366804122925,12.957002999999986
sparse,4,3004,amortized,gaussian,8,om_CL,0.3554352649920222,0.3,18.47842166400741,-201.15025822441504,2630.084085813228,20250,True,13.028366804122925,12.957002999999986
sparse,4,3004,amortized,gaussian,8,om_V,0.1802085051306971,0.2,-9.89574743465145,-201.15025822441504,2630.084085813228,20250,True,13.028366804122925,12.957002999999986
sparse,4,3004,amortized,gaussian,8,om_ka,0.14727724858597632,0.4,-63.180687853505916,-201.15025822441504,2630.084085813228,20250,True,13.028366804122925,12.957002999999986
sparse,4,3004,amortized,gaussian,8,sigma,0.24403747603398376,0.2,22.018738016991872,-201.15025822441504,2630.084085813228,20250,True,13.028366804122925,12.957002999999986
sparse,4,3004,amortized,gaussian,64,CL,2.947005914526791,3.0,-1.7664695157736314,-198.97608198821885,2391.4618970373676,23750,True,37.66518306732178,37.44584300000042
sparse,4,3004,amortized,gaussian,64,V,31.544303132009674,30.0,5.147677106698912,-198.97608198821885,2391.4618970373676,23750,True,37.66518306732178,37.44584300000042
sparse,4,3004,amortized,gaussian,64,ka,1.2647052664273046,1.2,5.3921055356087235,-198.97608198821885,2391.4618970373676,23750,True,37.66518306732178,37.44584300000042
sparse,4,3004,amortized,gaussian,64,om_CL,0.35973190605739497,0.3,19.910635352464997,-198.97608198821885,2391.4618970373676,23750,True,37.66518306732178,37.44584300000042
sparse,4,3004,amortized,gaussian,64,om_V,0.1933863443332853,0.2,-3.3068278333573535,-198.97608198821885,2391.4618970373676,23750,True,37.66518306732178,37.44584300000042
sparse,4,3004,amortized,gaussian,64,om_ka,0.3359537367744519,0.4,-16.01156580638703,-198.97608198821885,2391.4618970373676,23750,True,37.66518306732178,37.44584300000042
sparse,4,3004,amortized,gaussian,64,sigma,0.2208057435971462,0.2,10.40287179857309,-198.97608198821885,2391.4618970373676,23750,True,37.66518306732178,37.44584300000042
sparse,5,3005,free,gaussian,1,CL,3.0406168633660773,3.0,1.3538954455359093,-187.83342353896387,3309.1589461597373,21750,True,7.558286190032959,7.508385999999973
sparse,5,3005,free,gaussian,1,V,30.569923700919713,30.0,1.8997456697323756,-187.83342353896387,3309.1589461597373,21750,True,7.558286190032959,7.508385999999973
sparse,5,3005,free,gaussian,1,ka,1.341379327438003,1.2,11.78161061983359,-187.83342353896387,3309.1589461597373,21750,True,7.558286190032959,7.508385999999973
sparse,5,3005,free,gaussian,1,om_CL,0.2946981150560038,0.3,-1.7672949813320646,-187.83342353896387,3309.1589461597373,21750,True,7.558286190032959,7.508385999999973
sparse,5,3005,free,gaussian,1,om_V,0.047065659517449426,0.2,-76.46717024127528,-187.83342353896387,3309.1589461597373,21750,True,7.558286190032959,7.508385999999973
sparse,5,3005,free,gaussian,1,om_ka,0.4018282768695737,0.4,0.4570692173934132,-187.83342353896387,3309.1589461597373,21750,True,7.558286190032959,7.508385999999973
sparse,5,3005,free,gaussian,1,sigma,0.28141343617042813,0.2,40.70671808521406,-187.83342353896387,3309.1589461597373,21750,True,7.558286190032959,7.508385999999973
sparse,5,3005,free,gaussian,8,CL,2.9899905826094266,3.0,-0.33364724635244575,-175.44345104295525,2346.741977072182,13500,True,6.171324729919434,6.1369620000000396
sparse,5,3005,free,gaussian,8,V,30.562215723804005,30.0,1.8740524126800178,-175.44345104295525,2346.741977072182,13500,True,6.171324729919434,6.1369620000000396
sparse,5,3005,free,gaussian,8,ka,1.327478765809915,1.2,10.623230484159585,-175.44345104295525,2346.741977072182,13500,True,6.171324729919434,6.1369620000000396
sparse,5,3005,free,gaussian,8,om_CL,0.27157943939919665,0.3,-9.473520200267778,-175.44345104295525,2346.741977072182,13500,True,6.171324729919434,6.1369620000000396
sparse,5,3005,free,gaussian,8,om_V,0.18114768097027564,0.2,-9.426159514862183,-175.44345104295525,2346.741977072182,13500,True,6.171324729919434,6.1369620000000396
sparse,5,3005,free,gaussian,8,om_ka,0.3543408891837337,0.4,-11.414777704066582,-175.44345104295525,2346.741977072182,13500,True,6.171324729919434,6.1369620000000396
sparse,5,3005,free,gaussian,8,sigma,0.21945666985188308,0.2,9.728334925941537,-175.44345104295525,2346.741977072182,13500,True,6.171324729919434,6.1369620000000396
sparse,5,3005,free,gaussian,64,CL,2.936638003847837,3.0,-2.1120665384054327,-174.8797518089483,2228.289726605778,7750,True,10.470832824707031,10.409637000000203
sparse,5,3005,free,gaussian,64,V,30.44505128360523,30.0,1.483504278684104,-174.8797518089483,2228.289726605778,7750,True,10.470832824707031,10.409637000000203
sparse,5,3005,free,gaussian,64,ka,1.379411143446715,1.2,14.950928620559578,-174.8797518089483,2228.289726605778,7750,True,10.470832824707031,10.409637000000203
sparse,5,3005,free,gaussian,64,om_CL,0.2804365242317673,0.3,-6.521158589410899,-174.8797518089483,2228.289726605778,7750,True,10.470832824707031,10.409637000000203
sparse,5,3005,free,gaussian,64,om_V,0.19412537566078847,0.2,-2.937312169605771,-174.8797518089483,2228.289726605778,7750,True,10.470832824707031,10.409637000000203
sparse,5,3005,free,gaussian,64,om_ka,0.4248358149566226,0.4,6.208953739155643,-174.8797518089483,2228.289726605778,7750,True,10.470832824707031,10.409637000000203
sparse,5,3005,free,gaussian,64,sigma,0.21088945342038493,0.2,5.444726710192458,-174.8797518089483,2228.289726605778,7750,True,10.470832824707031,10.409637000000203
sparse,5,3005,amortized,gaussian,1,CL,3.0027231640575507,3.0,0.09077213525168955,-188.56929232180067,3757.6034713405243,25000,False,13.127115964889526,13.053379999999834
sparse,5,3005,amortized,gaussian,1,V,30.367825037155214,30.0,1.2260834571840462,-188.56929232180067,3757.6034713405243,25000,False,13.127115964889526,13.053379999999834
sparse,5,3005,amortized,gaussian,1,ka,1.2826028615477787,1.2,6.883571795648228,-188.56929232180067,3757.6034713405243,25000,False,13.127115964889526,13.053379999999834
sparse,5,3005,amortized,gaussian,1,om_CL,0.2884467912274995,0.3,-3.8510695908334966,-188.56929232180067,3757.6034713405243,25000,False,13.127115964889526,13.053379999999834
sparse,5,3005,amortized,gaussian,1,om_V,0.0196376059436861,0.2,-90.18119702815696,-188.56929232180067,3757.6034713405243,25000,False,13.127115964889526,13.053379999999834
sparse,5,3005,amortized,gaussian,1,om_ka,0.4043732152656347,0.4,1.0933038164086666,-188.56929232180067,3757.6034713405243,25000,False,13.127115964889526,13.053379999999834
sparse,5,3005,amortized,gaussian,1,sigma,0.27487519164168783,0.2,37.43759582084391,-188.56929232180067,3757.6034713405243,25000,False,13.127115964889526,13.053379999999834
sparse,5,3005,amortized,gaussian,8,CL,3.017321142216155,3.0,0.5773714072051739,-176.35945616584848,2124.7166104056832,23750,True,15.340790033340454,15.247347999999874
sparse,5,3005,amortized,gaussian,8,V,29.87128852169821,30.0,-0.4290382610059614,-176.35945616584848,2124.7166104056832,23750,True,15.340790033340454,15.247347999999874
sparse,5,3005,amortized,gaussian,8,ka,1.3541659169683744,1.2,12.847159747364538,-176.35945616584848,2124.7166104056832,23750,True,15.340790033340454,15.247347999999874
sparse,5,3005,amortized,gaussian,8,om_CL,0.2777092229989019,0.3,-7.430259000366035,-176.35945616584848,2124.7166104056832,23750,True,15.340790033340454,15.247347999999874
sparse,5,3005,amortized,gaussian,8,om_V,0.19161460856245013,0.2,-4.192695718774939,-176.35945616584848,2124.7166104056832,23750,True,15.340790033340454,15.247347999999874
sparse,5,3005,amortized,gaussian,8,om_ka,0.34391690019986904,0.4,-14.020774950032745,-176.35945616584848,2124.7166104056832,23750,True,15.340790033340454,15.247347999999874
sparse,5,3005,amortized,gaussian,8,sigma,0.22323148564334697,0.2,11.615742821673477,-176.35945616584848,2124.7166104056832,23750,True,15.340790033340454,15.247347999999874
sparse,5,3005,amortized,gaussian,64,CL,2.9820378724377394,3.0,-0.5987375854086855,-174.45502847242523,2159.6494247674655,5750,True,9.143774032592773,9.091253999999935
sparse,5,3005,amortized,gaussian,64,V,30.723171366757608,30.0,2.4105712225253604,-174.45502847242523,2159.6494247674655,5750,True,9.143774032592773,9.091253999999935
sparse,5,3005,amortized,gaussian,64,ka,1.3545663660487066,1.2,12.880530504058889,-174.45502847242523,2159.6494247674655,5750,True,9.143774032592773,9.091253999999935
sparse,5,3005,amortized,gaussian,64,om_CL,0.2752344277416324,0.3,-8.255190752789188,-174.45502847242523,2159.6494247674655,5750,True,9.143774032592773,9.091253999999935
sparse,5,3005,amortized,gaussian,64,om_V,0.20283411561824635,0.2,1.4170578091231705,-174.45502847242523,2159.6494247674655,5750,True,9.143774032592773,9.091253999999935
sparse,5,3005,amortized,gaussian,64,om_ka,0.4190441830489367,0.4,4.76104576223417,-174.45502847242523,2159.6494247674655,5750,True,9.143774032592773,9.091253999999935
sparse,5,3005,amortized,gaussian,64,sigma,0.20621336955839864,0.2,3.1066847791993144,-174.45502847242523,2159.6494247674655,5750,True,9.143774032592773,9.091253999999935
sparse,6,3006,free,gaussian,1,CL,2.9912076467689723,3.0,-0.29307844103425573,-170.96781332481413,2095.9420666816945,18250,True,6.249892234802246,6.21646600000031
sparse,6,3006,free,gaussian,1,V,31.112016207279456,30.0,3.706720690931521,-170.96781332481413,2095.9420666816945,18250,True,6.249892234802246,6.21646600000031
sparse,6,3006,free,gaussian,1,ka,1.2271533312379561,1.2,2.262777603163013,-170.96781332481413,2095.9420666816945,18250,True,6.249892234802246,6.21646600000031
sparse,6,3006,free,gaussian,1,om_CL,0.2707867402190203,0.3,-9.737753260326555,-170.96781332481413,2095.9420666816945,18250,True,6.249892234802246,6.21646600000031
sparse,6,3006,free,gaussian,1,om_V,0.1859835047686419,0.2,-7.008247615679058,-170.96781332481413,2095.9420666816945,18250,True,6.249892234802246,6.21646600000031
sparse,6,3006,free,gaussian,1,om_ka,0.07716047355461239,0.4,-80.70988161134689,-170.96781332481413,2095.9420666816945,18250,True,6.249892234802246,6.21646600000031
sparse,6,3006,free,gaussian,1,sigma,0.24697094044990453,0.2,23.48547022495226,-170.96781332481413,2095.9420666816945,18250,True,6.249892234802246,6.21646600000031
sparse,6,3006,free,gaussian,8,CL,2.9709768368396716,3.0,-0.967438772010946,-165.2302463488086,2564.9208650791043,18500,True,8.439719915390015,8.38725999999997
sparse,6,3006,free,gaussian,8,V,30.927180372249534,30.0,3.0906012408317807,-165.2302463488086,2564.9208650791043,18500,True,8.439719915390015,8.38725999999997
sparse,6,3006,free,gaussian,8,ka,1.1848175407565154,1.2,-1.2652049369570504,-165.2302463488086,2564.9208650791043,18500,True,8.439719915390015,8.38725999999997
sparse,6,3006,free,gaussian,8,om_CL,0.28116492816288163,0.3,-6.278357279039452,-165.2302463488086,2564.9208650791043,18500,True,8.439719915390015,8.38725999999997
sparse,6,3006,free,gaussian,8,om_V,0.24531424715801214,0.2,22.657123579006065,-165.2302463488086,2564.9208650791043,18500,True,8.439719915390015,8.38725999999997
sparse,6,3006,free,gaussian,8,om_ka,0.062277681196013755,0.4,-84.43057970099656,-165.2302463488086,2564.9208650791043,18500,True,8.439719915390015,8.38725999999997
sparse,6,3006,free,gaussian,8,sigma,0.20606105296410565,0.2,3.03052648205282,-165.2302463488086,2564.9208650791043,18500,True,8.439719915390015,8.38725999999997
sparse,6,3006,free,gaussian,64,CL,2.9945570277796905,3.0,-0.1814324073436513,-162.15175739922532,1836.6270011864701,13250,True,17.89273190498352,17.785991999999624
sparse,6,3006,free,gaussian,64,V,30.408068520425033,30.0,1.3602284014167765,-162.15175739922532,1836.6270011864701,13250,True,17.89273190498352,17.785991999999624
sparse,6,3006,free,gaussian,64,ka,1.205336998492071,1.2,0.4447498743392527,-162.15175739922532,1836.6270011864701,13250,True,17.89273190498352,17.785991999999624
sparse,6,3006,free,gaussian,64,om_CL,0.28915394679194856,0.3,-3.6153510693504773,-162.15175739922532,1836.6270011864701,13250,True,17.89273190498352,17.785991999999624
sparse,6,3006,free,gaussian,64,om_V,0.23739221764358967,0.2,18.69610882179483,-162.15175739922532,1836.6270011864701,13250,True,17.89273190498352,17.785991999999624
sparse,6,3006,free,gaussian,64,om_ka,0.3581850511054777,0.4,-10.453737223630576,-162.15175739922532,1836.6270011864701,13250,True,17.89273190498352,17.785991999999624
sparse,6,3006,free,gaussian,64,sigma,0.17159038005587568,0.2,-14.204809972062167,-162.15175739922532,1836.6270011864701,13250,True,17.89273190498352,17.785991999999624
sparse,6,3006,amortized,gaussian,1,CL,3.0974716135841414,3.0,3.2490537861380453,-186.92973286338145,2998.5184829999566,19500,True,10.27248215675354,10.209669000000304
sparse,6,3006,amortized,gaussian,1,V,31.003761581388737,30.0,3.345871937962457,-186.92973286338145,2998.5184829999566,19500,True,10.27248215675354,10.209669000000304
sparse,6,3006,amortized,gaussian,1,ka,1.1527564493787732,1.2,-3.9369625517688966,-186.92973286338145,2998.5184829999566,19500,True,10.27248215675354,10.209669000000304
sparse,6,3006,amortized,gaussian,1,om_CL,0.26752440793081483,0.3,-10.825197356395051,-186.92973286338145,2998.5184829999566,19500,True,10.27248215675354,10.209669000000304
sparse,6,3006,amortized,gaussian,1,om_V,0.09648860642963286,0.2,-51.755696785183574,-186.92973286338145,2998.5184829999566,19500,True,10.27248215675354,10.209669000000304
sparse,6,3006,amortized,gaussian,1,om_ka,0.14157155101159763,0.4,-64.6071122471006,-186.92973286338145,2998.5184829999566,19500,True,10.27248215675354,10.209669000000304
sparse,6,3006,amortized,gaussian,1,sigma,0.3019340083946831,0.2,50.96700419734154,-186.92973286338145,2998.5184829999566,19500,True,10.27248215675354,10.209669000000304
sparse,6,3006,amortized,gaussian,8,CL,2.9197727687315473,3.0,-2.6742410422817553,-165.747509231461,2280.44087955212,12250,True,7.894634008407593,7.852571999999782
sparse,6,3006,amortized,gaussian,8,V,30.692191402622424,30.0,2.3073046754080786,-165.747509231461,2280.44087955212,12250,True,7.894634008407593,7.852571999999782
sparse,6,3006,amortized,gaussian,8,ka,1.225551405087741,1.2,2.1292837573117507,-165.747509231461,2280.44087955212,12250,True,7.894634008407593,7.852571999999782
sparse,6,3006,amortized,gaussian,8,om_CL,0.28137722749147964,0.3,-6.207590836173449,-165.747509231461,2280.44087955212,12250,True,7.894634008407593,7.852571999999782
sparse,6,3006,amortized,gaussian,8,om_V,0.24434133553727594,0.2,22.170667768637962,-165.747509231461,2280.44087955212,12250,True,7.894634008407593,7.852571999999782
sparse,6,3006,amortized,gaussian,8,om_ka,0.09925684193559348,0.4,-75.18578951610164,-165.747509231461,2280.44087955212,12250,True,7.894634008407593,7.852571999999782
sparse,6,3006,amortized,gaussian,8,sigma,0.20054737768495054,0.2,0.27368884247526426,-165.747509231461,2280.44087955212,12250,True,7.894634008407593,7.852571999999782
sparse,6,3006,amortized,gaussian,64,CL,2.937507620145344,3.0,-2.0830793284885316,-162.5207630586704,1667.5929779446806,22000,True,35.00926184654236,34.73451299999988
sparse,6,3006,amortized,gaussian,64,V,31.28245538612547,30.0,4.2748512870849,-162.5207630586704,1667.5929779446806,22000,True,35.00926184654236,34.73451299999988
sparse,6,3006,amortized,gaussian,64,ka,1.1843303929037439,1.2,-1.3058005913546742,-162.5207630586704,1667.5929779446806,22000,True,35.00926184654236,34.73451299999988
sparse,6,3006,amortized,gaussian,64,om_CL,0.2895268236453685,0.3,-3.4910587848771546,-162.5207630586704,1667.5929779446806,22000,True,35.00926184654236,34.73451299999988
sparse,6,3006,amortized,gaussian,64,om_V,0.23683287188715052,0.2,18.41643594357525,-162.5207630586704,1667.5929779446806,22000,True,35.00926184654236,34.73451299999988
sparse,6,3006,amortized,gaussian,64,om_ka,0.37510471669833584,0.4,-6.2238208254160465,-162.5207630586704,1667.5929779446806,22000,True,35.00926184654236,34.73451299999988
sparse,6,3006,amortized,gaussian,64,sigma,0.16946620627287065,0.2,-15.26689686356468,-162.5207630586704,1667.5929779446806,22000,True,35.00926184654236,34.73451299999988
sparse,7,3007,free,gaussian,1,CL,3.1190312474859496,3.0,3.967708249531654,-170.26193762929876,3376.7809255681223,13750,True,4.716324090957642,4.690582000000177
sparse,7,3007,free,gaussian,1,V,30.661180827296842,30.0,2.2039360909894747,-170.26193762929876,3376.7809255681223,13750,True,4.716324090957642,4.690582000000177
sparse,7,3007,free,gaussian,1,ka,1.2178665297246936,1.2,1.4888774770578004,-170.26193762929876,3376.7809255681223,13750,True,4.716324090957642,4.690582000000177
sparse,7,3007,free,gaussian,1,om_CL,0.2679044215564641,0.3,-10.698526147845298,-170.26193762929876,3376.7809255681223,13750,True,4.716324090957642,4.690582000000177
sparse,7,3007,free,gaussian,1,om_V,0.03205786936474922,0.2,-83.97106531762539,-170.26193762929876,3376.7809255681223,13750,True,4.716324090957642,4.690582000000177
sparse,7,3007,free,gaussian,1,om_ka,0.46402744313156113,0.4,16.006860782890275,-170.26193762929876,3376.7809255681223,13750,True,4.716324090957642,4.690582000000177
sparse,7,3007,free,gaussian,1,sigma,0.25333143455924756,0.2,26.66571727962377,-170.26193762929876,3376.7809255681223,13750,True,4.716324090957642,4.690582000000177
sparse,7,3007,free,gaussian,8,CL,3.10796253874075,3.0,3.59875129135833,-169.9940669924478,3677.893713400101,22250,True,10.134506940841675,10.075820999999905
sparse,7,3007,free,gaussian,8,V,30.323308219769235,30.0,1.0776940658974492,-169.9940669924478,3677.893713400101,22250,True,10.134506940841675,10.075820999999905
sparse,7,3007,free,gaussian,8,ka,1.2060234538436307,1.2,0.5019544869692324,-169.9940669924478,3677.893713400101,22250,True,10.134506940841675,10.075820999999905
sparse,7,3007,free,gaussian,8,om_CL,0.27479823639646556,0.3,-8.400587867844811,-169.9940669924478,3677.893713400101,22250,True,10.134506940841675,10.075820999999905
sparse,7,3007,free,gaussian,8,om_V,0.012062829458475574,0.2,-93.9685852707622,-169.9940669924478,3677.893713400101,22250,True,10.134506940841675,10.075820999999905
sparse,7,3007,free,gaussian,8,om_ka,0.4969247706749471,0.4,24.23119266873677,-169.9940669924478,3677.893713400101,22250,True,10.134506940841675,10.075820999999905
sparse,7,3007,free,gaussian,8,sigma,0.23861406005544636,0.2,19.307030027723172,-169.9940669924478,3677.893713400101,22250,True,10.134506940841675,10.075820999999905
sparse,7,3007,free,gaussian,64,CL,3.0580034181828477,3.0,1.9334472727615903,-163.27064903372826,2080.233602827282,7500,True,10.087378025054932,10.034234000000197
sparse,7,3007,free,gaussian,64,V,31.130413942768307,30.0,3.7680464758943564,-163.27064903372826,2080.233602827282,7500,True,10.087378025054932,10.034234000000197
sparse,7,3007,free,gaussian,64,ka,1.2565041396216812,1.2,4.708678301806768,-163.27064903372826,2080.233602827282,7500,True,10.087378025054932,10.034234000000197
sparse,7,3007,free,gaussian,64,om_CL,0.28714117685127516,0.3,-4.286274382908276,-163.27064903372826,2080.233602827282,7500,True,10.087378025054932,10.034234000000197
sparse,7,3007,free,gaussian,64,om_V,0.1639831452159765,0.2,-18.00842739201175,-163.27064903372826,2080.233602827282,7500,True,10.087378025054932,10.034234000000197
sparse,7,3007,free,gaussian,64,om_ka,0.4291865936103094,0.4,7.296648402577349,-163.27064903372826,2080.233602827282,7500,True,10.087378025054932,10.034234000000197
sparse,7,3007,free,gaussian,64,sigma,0.19544498011661035,0.2,-2.27750994169483,-163.27064903372826,2080.233602827282,7500,True,10.087378025054932,10.034234000000197
sparse,7,3007,amortized,gaussian,1,CL,3.22807192855447,3.0,7.602397618482338,-178.23598493985935,2154.4200244575545,15500,True,8.114742994308472,8.073480000000018
sparse,7,3007,amortized,gaussian,1,V,30.59829607206123,30.0,1.9943202402041038,-178.23598493985935,2154.4200244575545,15500,True,8.114742994308472,8.073480000000018
sparse,7,3007,amortized,gaussian,1,ka,1.250339111207649,1.2,4.19492593397075,-178.23598493985935,2154.4200244575545,15500,True,8.114742994308472,8.073480000000018
sparse,7,3007,amortized,gaussian,1,om_CL,0.2550964407625634,0.3,-14.967853079145534,-178.23598493985935,2154.4200244575545,15500,True,8.114742994308472,8.073480000000018
sparse,7,3007,amortized,gaussian,1,om_V,0.07414827385701955,0.2,-62.92586307149023,-178.23598493985935,2154.4200244575545,15500,True,8.114742994308472,8.073480000000018
sparse,7,3007,amortized,gaussian,1,om_ka,0.23331736299553632,0.4,-41.67065925111592,-178.23598493985935,2154.4200244575545,15500,True,8.114742994308472,8.073480000000018
sparse,7,3007,amortized,gaussian,1,sigma,0.29736471802247477,0.2,48.682359011237374,-178.23598493985935,2154.4200244575545,15500,True,8.114742994308472,8.073480000000018
sparse,7,3007,amortized,gaussian,8,CL,3.0441420750343924,3.0,1.4714025011464127,-168.36591694244328,3158.1332767277854,16750,True,10.746608972549438,10.691146000000117
sparse,7,3007,amortized,gaussian,8,V,30.76548132739833,30.0,2.5516044246611003,-168.36591694244328,3158.1332767277854,16750,True,10.746608972549438,10.691146000000117
sparse,7,3007,amortized,gaussian,8,ka,1.1875814284301338,1.2,-1.0348809641555121,-168.36591694244328,3158.1332767277854,16750,True,10.746608972549438,10.691146000000117
sparse,7,3007,amortized,gaussian,8,om_CL,0.2678962387429203,0.3,-10.7012537523599,-168.36591694244328,3158.1332767277854,16750,True,10.746608972549438,10.691146000000117
sparse,7,3007,amortized,gaussian,8,om_V,0.07378138868713144,0.2,-63.10930565643429,-168.36591694244328,3158.1332767277854,16750,True,10.746608972549438,10.691146000000117
sparse,7,3007,amortized,gaussian,8,om_ka,0.47490991314504083,0.4,18.7274782862602,-168.36591694244328,3158.1332767277854,16750,True,10.746608972549438,10.691146000000117
sparse,7,3007,amortized,gaussian,8,sigma,0.23581476078309968,0.2,17.907380391549832,-168.36591694244328,3158.1332767277854,16750,True,10.746608972549438,10.691146000000117
sparse,7,3007,amortized,gaussian,64,CL,3.0899959500258523,3.0,2.999865000861742,-163.3424932068299,2251.3238950749696,20000,True,38.4569091796875,36.21708400000034
sparse,7,3007,amortized,gaussian,64,V,30.822997497942904,30.0,2.7433249931430126,-163.3424932068299,2251.3238950749696,20000,True,38.4569091796875,36.21708400000034
sparse,7,3007,amortized,gaussian,64,ka,1.237025272265036,1.2,3.0854393554196613,-163.3424932068299,2251.3238950749696,20000,True,38.4569091796875,36.21708400000034
sparse,7,3007,amortized,gaussian,64,om_CL,0.2808760284632634,0.3,-6.374657178912187,-163.3424932068299,2251.3238950749696,20000,True,38.4569091796875,36.21708400000034
sparse,7,3007,amortized,gaussian,64,om_V,0.16012073132541457,0.2,-19.93963433729272,-163.3424932068299,2251.3238950749696,20000,True,38.4569091796875,36.21708400000034
sparse,7,3007,amortized,gaussian,64,om_ka,0.40590252171329555,0.4,1.475630428323882,-163.3424932068299,2251.3238950749696,20000,True,38.4569091796875,36.21708400000034
sparse,7,3007,amortized,gaussian,64,sigma,0.20432740969182042,0.2,2.163704845910205,-163.3424932068299,2251.3238950749696,20000,True,38.4569091796875,36.21708400000034
sparse,8,3008,free,gaussian,1,CL,3.0510494652283127,3.0,1.7016488409437553,-198.11935236695234,3725.4200992222786,23000,True,7.852826118469238,7.812117999999828
sparse,8,3008,free,gaussian,1,V,29.623042342956747,30.0,-1.256525523477509,-198.11935236695234,3725.4200992222786,23000,True,7.852826118469238,7.812117999999828
sparse,8,3008,free,gaussian,1,ka,1.0996734875519476,1.2,-8.360542704004363,-198.11935236695234,3725.4200992222786,23000,True,7.852826118469238,7.812117999999828
sparse,8,3008,free,gaussian,1,om_CL,0.321331555516805,0.3,7.1105185056016635,-198.11935236695234,3725.4200992222786,23000,True,7.852826118469238,7.812117999999828
sparse,8,3008,free,gaussian,1,om_V,0.01954604733812005,0.2,-90.22697633093998,-198.11935236695234,3725.4200992222786,23000,True,7.852826118469238,7.812117999999828
sparse,8,3008,free,gaussian,1,om_ka,0.37793560910388463,0.4,-5.516097724028848,-198.11935236695234,3725.4200992222786,23000,True,7.852826118469238,7.812117999999828
sparse,8,3008,free,gaussian,1,sigma,0.26577575809220005,0.2,32.88787904610002,-198.11935236695234,3725.4200992222786,23000,True,7.852826118469238,7.812117999999828
sparse,8,3008,free,gaussian,8,CL,3.038016691997659,3.0,1.2672230665886335,-189.8537030082201,2502.5154968526176,19500,True,8.869506120681763,8.817442999999912
sparse,8,3008,free,gaussian,8,V,30.223704069093788,30.0,0.7456802303126272,-189.8537030082201,2502.5154968526176,19500,True,8.869506120681763,8.817442999999912
sparse,8,3008,free,gaussian,8,ka,1.1222666070910294,1.2,-6.4777827424142105,-189.8537030082201,2502.5154968526176,19500,True,8.869506120681763,8.817442999999912
sparse,8,3008,free,gaussian,8,om_CL,0.31677828828219423,0.3,5.592762760731414,-189.8537030082201,2502.5154968526176,19500,True,8.869506120681763,8.817442999999912
sparse,8,3008,free,gaussian,8,om_V,0.16878574321691228,0.2,-15.607128391543865,-189.8537030082201,2502.5154968526176,19500,True,8.869506120681763,8.817442999999912
sparse,8,3008,free,gaussian,8,om_ka,0.23719421506172764,0.4,-40.701446234568095,-189.8537030082201,2502.5154968526176,19500,True,8.869506120681763,8.817442999999912
sparse,8,3008,free,gaussian,8,sigma,0.2311890703072108,0.2,15.594535153605399,-189.8537030082201,2502.5154968526176,19500,True,8.869506120681763,8.817442999999912
sparse,8,3008,free,gaussian,64,CL,3.0113511439493132,3.0,0.3783714649771082,-188.44191120861927,2306.7559864029017,14000,True,18.8069851398468,18.704649000000245
sparse,8,3008,free,gaussian,64,V,30.073606517869585,30.0,0.24535505956528425,-188.44191120861927,2306.7559864029017,14000,True,18.8069851398468,18.704649000000245
sparse,8,3008,free,gaussian,64,ka,1.1267554504819277,1.2,-6.103712459839354,-188.44191120861927,2306.7559864029017,14000,True,18.8069851398468,18.704649000000245
sparse,8,3008,free,gaussian,64,om_CL,0.3232924978767715,0.3,7.7641659589238365,-188.44191120861927,2306.7559864029017,14000,True,18.8069851398468,18.704649000000245
sparse,8,3008,free,gaussian,64,om_V,0.19019568643100115,0.2,-4.902156784499428,-188.44191120861927,2306.7559864029017,14000,True,18.8069851398468,18.704649000000245
sparse,8,3008,free,gaussian,64,om_ka,0.3216237460246538,0.4,-19.594063493836547,-188.44191120861927,2306.7559864029017,14000,True,18.8069851398468,18.704649000000245
sparse,8,3008,free,gaussian,64,sigma,0.2095356012389676,0.2,4.7678006194838,-188.44191120861927,2306.7559864029017,14000,True,18.8069851398468,18.704649000000245
sparse,8,3008,amortized,gaussian,1,CL,3.030710507621401,3.0,1.023683587380031,-198.49448433861323,3808.386982600036,25000,False,13.088539123535156,13.016737999999805
sparse,8,3008,amortized,gaussian,1,V,29.64820465996834,30.0,-1.172651133438869,-198.49448433861323,3808.386982600036,25000,False,13.088539123535156,13.016737999999805
sparse,8,3008,amortized,gaussian,1,ka,1.1089453928439874,1.2,-7.587883929667711,-198.49448433861323,3808.386982600036,25000,False,13.088539123535156,13.016737999999805
sparse,8,3008,amortized,gaussian,1,om_CL,0.31774724185966785,0.3,5.915747286555954,-198.49448433861323,3808.386982600036,25000,False,13.088539123535156,13.016737999999805
sparse,8,3008,amortized,gaussian,1,om_V,0.008667224412499678,0.2,-95.66638779375016,-198.49448433861323,3808.386982600036,25000,False,13.088539123535156,13.016737999999805
sparse,8,3008,amortized,gaussian,1,om_ka,0.36208507272046353,0.4,-9.478731819884123,-198.49448433861323,3808.386982600036,25000,False,13.088539123535156,13.016737999999805
sparse,8,3008,amortized,gaussian,1,sigma,0.26980154569252873,0.2,34.90077284626436,-198.49448433861323,3808.386982600036,25000,False,13.088539123535156,13.016737999999805
sparse,8,3008,amortized,gaussian,8,CL,3.0352267457707396,3.0,1.174224859024653,-189.49220422969177,2504.313645192394,13750,True,8.855264902114868,8.804435000000012
sparse,8,3008,amortized,gaussian,8,V,30.28881796475408,30.0,0.9627265491802698,-189.49220422969177,2504.313645192394,13750,True,8.855264902114868,8.804435000000012
sparse,8,3008,amortized,gaussian,8,ka,1.1397276078961456,1.2,-5.022699341987865,-189.49220422969177,2504.313645192394,13750,True,8.855264902114868,8.804435000000012
sparse,8,3008,amortized,gaussian,8,om_CL,0.3232041060930063,0.3,7.73470203100211,-189.49220422969177,2504.313645192394,13750,True,8.855264902114868,8.804435000000012
sparse,8,3008,amortized,gaussian,8,om_V,0.16899675888991877,0.2,-15.501620555040617,-189.49220422969177,2504.313645192394,13750,True,8.855264902114868,8.804435000000012
sparse,8,3008,amortized,gaussian,8,om_ka,0.2512531830239617,0.4,-37.186704244009576,-189.49220422969177,2504.313645192394,13750,True,8.855264902114868,8.804435000000012
sparse,8,3008,amortized,gaussian,8,sigma,0.23028035952954282,0.2,15.140179764771402,-189.49220422969177,2504.313645192394,13750,True,8.855264902114868,8.804435000000012
sparse,8,3008,amortized,gaussian,64,CL,2.992250540774302,3.0,-0.258315307523264,-188.49957576077645,2336.9973122792967,16250,True,25.763357162475586,25.624485999999706
sparse,8,3008,amortized,gaussian,64,V,30.160828245314523,30.0,0.5360941510484096,-188.49957576077645,2336.9973122792967,16250,True,25.763357162475586,25.624485999999706
sparse,8,3008,amortized,gaussian,64,ka,1.1422956697516693,1.2,-4.808694187360889,-188.49957576077645,2336.9973122792967,16250,True,25.763357162475586,25.624485999999706
sparse,8,3008,amortized,gaussian,64,om_CL,0.3220522800038674,0.3,7.350760001289129,-188.49957576077645,2336.9973122792967,16250,True,25.763357162475586,25.624485999999706
sparse,8,3008,amortized,gaussian,64,om_V,0.18318425328148247,0.2,-8.40787335925877,-188.49957576077645,2336.9973122792967,16250,True,25.763357162475586,25.624485999999706
sparse,8,3008,amortized,gaussian,64,om_ka,0.3247797881331661,0.4,-18.80505296670848,-188.49957576077645,2336.9973122792967,16250,True,25.763357162475586,25.624485999999706
sparse,8,3008,amortized,gaussian,64,sigma,0.21564675052525775,0.2,7.823375262628871,-188.49957576077645,2336.9973122792967,16250,True,25.763357162475586,25.624485999999706
sparse,9,3009,free,gaussian,1,CL,3.1678590737173007,3.0,5.595302457243356,-176.21439012989921,3751.832613316479,25000,False,8.561763048171997,8.522868000000017
sparse,9,3009,free,gaussian,1,V,29.146880126540417,30.0,-2.8437329115319443,-176.21439012989921,3751.832613316479,25000,False,8.561763048171997,8.522868000000017
sparse,9,3009,free,gaussian,1,ka,1.145454971009446,1.2,-4.545419082546169,-176.21439012989921,3751.832613316479,25000,False,8.561763048171997,8.522868000000017
sparse,9,3009,free,gaussian,1,om_CL,0.2646628857827193,0.3,-11.7790380724269,-176.21439012989921,3751.832613316479,25000,False,8.561763048171997,8.522868000000017
sparse,9,3009,free,gaussian,1,om_V,0.023002712930400508,0.2,-88.49864353479974,-176.21439012989921,3751.832613316479,25000,False,8.561763048171997,8.522868000000017
sparse,9,3009,free,gaussian,1,om_ka,0.3493330520823507,0.4,-12.666736979412327,-176.21439012989921,3751.832613316479,25000,False,8.561763048171997,8.522868000000017
sparse,9,3009,free,gaussian,1,sigma,0.26296928951908916,0.2,31.484644759544572,-176.21439012989921,3751.832613316479,25000,False,8.561763048171997,8.522868000000017
sparse,9,3009,free,gaussian,8,CL,3.1767270099050107,3.0,5.890900330167022,-162.13900534258272,2368.149466845674,18250,True,8.28731393814087,8.243222999999944
sparse,9,3009,free,gaussian,8,V,29.818324730626006,30.0,-0.6055842312466453,-162.13900534258272,2368.149466845674,18250,True,8.28731393814087,8.243222999999944
sparse,9,3009,free,gaussian,8,ka,1.1833349291683173,1.2,-1.3887559026402228,-162.13900534258272,2368.149466845674,18250,True,8.28731393814087,8.243222999999944
sparse,9,3009,free,gaussian,8,om_CL,0.2542032274916168,0.3,-15.265590836127737,-162.13900534258272,2368.149466845674,18250,True,8.28731393814087,8.243222999999944
sparse,9,3009,free,gaussian,8,om_V,0.19586525073731884,0.2,-2.0673746313405874,-162.13900534258272,2368.149466845674,18250,True,8.28731393814087,8.243222999999944
sparse,9,3009,free,gaussian,8,om_ka,0.15535600671769564,0.4,-61.16099832057609,-162.13900534258272,2368.149466845674,18250,True,8.28731393814087,8.243222999999944
sparse,9,3009,free,gaussian,8,sigma,0.2199859209858639,0.2,9.99296049293194,-162.13900534258272,2368.149466845674,18250,True,8.28731393814087,8.243222999999944
sparse,9,3009,free,gaussian,64,CL,3.129083763228952,3.0,4.302792107631737,-159.93647382707132,1911.7000968585442,12750,True,17.124223947525024,17.02994499999977
sparse,9,3009,free,gaussian,64,V,29.41866828486619,30.0,-1.9377723837793681,-159.93647382707132,1911.7000968585442,12750,True,17.124223947525024,17.02994499999977
sparse,9,3009,free,gaussian,64,ka,1.1858296638169405,1.2,-1.180861348588284,-159.93647382707132,1911.7000968585442,12750,True,17.124223947525024,17.02994499999977
sparse,9,3009,free,gaussian,64,om_CL,0.26476126583261805,0.3,-11.746244722460645,-159.93647382707132,1911.7000968585442,12750,True,17.124223947525024,17.02994499999977
sparse,9,3009,free,gaussian,64,om_V,0.20523797553547604,0.2,2.618987767738015,-159.93647382707132,1911.7000968585442,12750,True,17.124223947525024,17.02994499999977
sparse,9,3009,free,gaussian,64,om_ka,0.3151832766067311,0.4,-21.204180848317222,-159.93647382707132,1911.7000968585442,12750,True,17.124223947525024,17.02994499999977
sparse,9,3009,free,gaussian,64,sigma,0.19084826450506073,0.2,-4.575867747469639,-159.93647382707132,1911.7000968585442,12750,True,17.124223947525024,17.02994499999977
sparse,9,3009,amortized,gaussian,1,CL,3.194150424957408,3.0,6.471680831913599,-177.5405499314527,3410.8547327752226,25000,False,13.098724842071533,13.022289999999884
sparse,9,3009,amortized,gaussian,1,V,29.332173767045973,30.0,-2.2260874431800914,-177.5405499314527,3410.8547327752226,25000,False,13.098724842071533,13.022289999999884
sparse,9,3009,amortized,gaussian,1,ka,1.1362433406436103,1.2,-5.313054946365803,-177.5405499314527,3410.8547327752226,25000,False,13.098724842071533,13.022289999999884
sparse,9,3009,amortized,gaussian,1,om_CL,0.2576015347212788,0.3,-14.132821759573737,-177.5405499314527,3410.8547327752226,25000,False,13.098724842071533,13.022289999999884
sparse,9,3009,amortized,gaussian,1,om_V,0.04425913051379415,0.2,-77.87043474310292,-177.5405499314527,3410.8547327752226,25000,False,13.098724842071533,13.022289999999884
sparse,9,3009,amortized,gaussian,1,om_ka,0.20906127824472978,0.4,-47.73468043881756,-177.5405499314527,3410.8547327752226,25000,False,13.098724842071533,13.022289999999884
sparse,9,3009,amortized,gaussian,1,sigma,0.28136529872970334,0.2,40.682649364851656,-177.5405499314527,3410.8547327752226,25000,False,13.098724842071533,13.022289999999884
sparse,9,3009,amortized,gaussian,8,CL,3.2220407310449586,3.0,7.401357701498619,-163.94386667483138,2342.569164912294,24750,True,15.84598422050476,15.760267999999996
sparse,9,3009,amortized,gaussian,8,V,29.698959055381707,30.0,-1.0034698153943111,-163.94386667483138,2342.569164912294,24750,True,15.84598422050476,15.760267999999996
sparse,9,3009,amortized,gaussian,8,ka,1.1401698904319193,1.2,-4.985842464006722,-163.94386667483138,2342.569164912294,24750,True,15.84598422050476,15.760267999999996
sparse,9,3009,amortized,gaussian,8,om_CL,0.23942097610494473,0.3,-20.19300796501842,-163.94386667483138,2342.569164912294,24750,True,15.84598422050476,15.760267999999996
sparse,9,3009,amortized,gaussian,8,om_V,0.1851389317232018,0.2,-7.430534138399101,-163.94386667483138,2342.569164912294,24750,True,15.84598422050476,15.760267999999996
sparse,9,3009,amortized,gaussian,8,om_ka,0.07917517899291295,0.4,-80.20620525177176,-163.94386667483138,2342.569164912294,24750,True,15.84598422050476,15.760267999999996
sparse,9,3009,amortized,gaussian,8,sigma,0.23060875609082074,0.2,15.304378045410362,-163.94386667483138,2342.569164912294,24750,True,15.84598422050476,15.760267999999996
sparse,9,3009,amortized,gaussian,64,CL,3.090388174755138,3.0,3.012939158504594,-160.6520207717815,2053.310510395974,16250,True,25.932999849319458,25.760995000000094
sparse,9,3009,amortized,gaussian,64,V,29.675949429375827,30.0,-1.0801685687472447,-160.6520207717815,2053.310510395974,16250,True,25.932999849319458,25.760995000000094
sparse,9,3009,amortized,gaussian,64,ka,1.1912623000148206,1.2,-0.7281416654316142,-160.6520207717815,2053.310510395974,16250,True,25.932999849319458,25.760995000000094
sparse,9,3009,amortized,gaussian,64,om_CL,0.2598019186819103,0.3,-13.399360439363223,-160.6520207717815,2053.310510395974,16250,True,25.932999849319458,25.760995000000094
sparse,9,3009,amortized,gaussian,64,om_V,0.19759444602007192,0.2,-1.202776989964044,-160.6520207717815,2053.310510395974,16250,True,25.932999849319458,25.760995000000094
sparse,9,3009,amortized,gaussian,64,om_ka,0.32531313683014673,0.4,-18.67171579246332,-160.6520207717815,2053.310510395974,16250,True,25.932999849319458,25.760995000000094
sparse,9,3009,amortized,gaussian,64,sigma,0.19505399841106394,0.2,-2.4730007944680357,-160.6520207717815,2053.310510395974,16250,True,25.932999849319458,25.760995000000094
sparse,10,3010,free,gaussian,1,CL,3.04539454970537,3.0,1.5131516568456682,-195.75243617238527,3717.4096145482645,19000,True,6.553455829620361,6.515283000000181
sparse,10,3010,free,gaussian,1,V,30.897849478783186,30.0,2.9928315959439544,-195.75243617238527,3717.4096145482645,19000,True,6.553455829620361,6.515283000000181
sparse,10,3010,free,gaussian,1,ka,1.1130719514462069,1.2,-7.244004046149426,-195.75243617238527,3717.4096145482645,19000,True,6.553455829620361,6.515283000000181
sparse,10,3010,free,gaussian,1,om_CL,0.30541685508820543,0.3,1.8056183627351472,-195.75243617238527,3717.4096145482645,19000,True,6.553455829620361,6.515283000000181
sparse,10,3010,free,gaussian,1,om_V,0.021671838107505302,0.2,-89.16408094624735,-195.75243617238527,3717.4096145482645,19000,True,6.553455829620361,6.515283000000181
sparse,10,3010,free,gaussian,1,om_ka,0.3824562402689956,0.4,-4.3859399327511035,-195.75243617238527,3717.4096145482645,19000,True,6.553455829620361,6.515283000000181
sparse,10,3010,free,gaussian,1,sigma,0.2735128448136877,0.2,36.756422406843846,-195.75243617238527,3717.4096145482645,19000,True,6.553455829620361,6.515283000000181
sparse,10,3010,free,gaussian,8,CL,3.052697506343813,3.0,1.7565835447937623,-193.976680833491,3178.776391438633,25000,False,11.399307012557983,11.335113999999976
sparse,10,3010,free,gaussian,8,V,30.837852410448697,30.0,2.7928413681623234,-193.976680833491,3178.776391438633,25000,False,11.399307012557983,11.335113999999976
sparse,10,3010,free,gaussian,8,ka,1.092347035583125,1.2,-8.971080368072908,-193.976680833491,3178.776391438633,25000,False,11.399307012557983,11.335113999999976
sparse,10,3010,free,gaussian,8,om_CL,0.30331848181103144,0.3,1.1061606036771496,-193.976680833491,3178.776391438633,25000,False,11.399307012557983,11.335113999999976
sparse,10,3010,free,gaussian,8,om_V,0.07235260578954548,0.2,-63.823697105227254,-193.976680833491,3178.776391438633,25000,False,11.399307012557983,11.335113999999976
sparse,10,3010,free,gaussian,8,om_ka,0.3829048512837228,0.4,-4.273787179069302,-193.976680833491,3178.776391438633,25000,False,11.399307012557983,11.335113999999976
sparse,10,3010,free,gaussian,8,sigma,0.26337531204475984,0.2,31.687656022379908,-193.976680833491,3178.776391438633,25000,False,11.399307012557983,11.335113999999976
sparse,10,3010,free,gaussian,64,CL,3.04502453679245,3.0,1.500817893081674,-191.1054822111318,2577.5293847429693,7500,True,10.147032022476196,10.083778000000166
sparse,10,3010,free,gaussian,64,V,31.112573363698736,30.0,3.7085778789957877,-191.1054822111318,2577.5293847429693,7500,True,10.147032022476196,10.083778000000166
sparse,10,3010,free,gaussian,64,ka,1.145036217507422,1.2,-4.580315207714828,-191.1054822111318,2577.5293847429693,7500,True,10.147032022476196,10.083778000000166
sparse,10,3010,free,gaussian,64,om_CL,0.3063977612389579,0.3,2.132587079652637,-191.1054822111318,2577.5293847429693,7500,True,10.147032022476196,10.083778000000166
sparse,10,3010,free,gaussian,64,om_V,0.15257889247949166,0.2,-23.710553760254175,-191.1054822111318,2577.5293847429693,7500,True,10.147032022476196,10.083778000000166
sparse,10,3010,free,gaussian,64,om_ka,0.3928436192969531,0.4,-1.789095175761729,-191.1054822111318,2577.5293847429693,7500,True,10.147032022476196,10.083778000000166
sparse,10,3010,free,gaussian,64,sigma,0.2347345383216989,0.2,17.36726916084945,-191.1054822111318,2577.5293847429693,7500,True,10.147032022476196,10.083778000000166
sparse,10,3010,amortized,gaussian,1,CL,3.128140270786976,3.0,4.27134235956587,-195.98873924342578,3756.4668024610273,23500,True,12.396210193634033,12.319175000000087
sparse,10,3010,amortized,gaussian,1,V,30.54472558266961,30.0,1.8157519422320334,-195.98873924342578,3756.4668024610273,23500,True,12.396210193634033,12.319175000000087
sparse,10,3010,amortized,gaussian,1,ka,1.1027700686862352,1.2,-8.102494276147066,-195.98873924342578,3756.4668024610273,23500,True,12.396210193634033,12.319175000000087
sparse,10,3010,amortized,gaussian,1,om_CL,0.3012712698425108,0.3,0.42375661417026755,-195.98873924342578,3756.4668024610273,23500,True,12.396210193634033,12.319175000000087
sparse,10,3010,amortized,gaussian,1,om_V,0.019896014664283455,0.2,-90.05199266785827,-195.98873924342578,3756.4668024610273,23500,True,12.396210193634033,12.319175000000087
sparse,10,3010,amortized,gaussian,1,om_ka,0.3853973293957651,0.4,-3.650667651058731,-195.98873924342578,3756.4668024610273,23500,True,12.396210193634033,12.319175000000087
sparse,10,3010,amortized,gaussian,1,sigma,0.2759742023793427,0.2,37.98710118967135,-195.98873924342578,3756.4668024610273,23500,True,12.396210193634033,12.319175000000087
sparse,10,3010,amortized,gaussian,8,CL,3.045898517646651,3.0,1.529950588221703,-195.0097393789099,3634.098614745924,22250,True,15.147735118865967,14.906082999999853
sparse,10,3010,amortized,gaussian,8,V,30.409859939471318,30.0,1.3661997982377254,-195.0097393789099,3634.098614745924,22250,True,15.147735118865967,14.906082999999853
sparse,10,3010,amortized,gaussian,8,ka,1.1274660766200644,1.2,-6.044493614994632,-195.0097393789099,3634.098614745924,22250,True,15.147735118865967,14.906082999999853
sparse,10,3010,amortized,gaussian,8,om_CL,0.30350339845864377,0.3,1.1677994862145935,-195.0097393789099,3634.098614745924,22250,True,15.147735118865967,14.906082999999853
sparse,10,3010,amortized,gaussian,8,om_V,0.04053487748207832,0.2,-79.73256125896084,-195.0097393789099,3634.098614745924,22250,True,15.147735118865967,14.906082999999853
sparse,10,3010,amortized,gaussian,8,om_ka,0.4350933139878597,0.4,8.773328496964924,-195.0097393789099,3634.098614745924,22250,True,15.147735118865967,14.906082999999853
sparse,10,3010,amortized,gaussian,8,sigma,0.26265420626114655,0.2,31.32710313057327,-195.0097393789099,3634.098614745924,22250,True,15.147735118865967,14.906082999999853
sparse,10,3010,amortized,gaussian,64,CL,3.0522977027848177,3.0,1.7432567594939237,-191.4716875859821,2534.7677474326183,8250,True,13.61595606803894,13.497354000000087
sparse,10,3010,amortized,gaussian,64,V,30.569158455917965,30.0,1.897194853059882,-191.4716875859821,2534.7677474326183,8250,True,13.61595606803894,13.497354000000087
sparse,10,3010,amortized,gaussian,64,ka,1.1504608755688759,1.2,-4.12826036926034,-191.4716875859821,2534.7677474326183,8250,True,13.61595606803894,13.497354000000087
sparse,10,3010,amortized,gaussian,64,om_CL,0.2992315102129037,0.3,-0.2561632623654386,-191.4716875859821,2534.7677474326183,8250,True,13.61595606803894,13.497354000000087
sparse,10,3010,amortized,gaussian,64,om_V,0.14111615121951723,0.2,-29.44192439024139,-191.4716875859821,2534.7677474326183,8250,True,13.61595606803894,13.497354000000087
sparse,10,3010,amortized,gaussian,64,om_ka,0.4489869167676689,0.4,12.246729191917215,-191.4716875859821,2534.7677474326183,8250,True,13.61595606803894,13.497354000000087
sparse,10,3010,amortized,gaussian,64,sigma,0.23219244253174337,0.2,16.09622126587168,-191.4716875859821,2534.7677474326183,8250,True,13.61595606803894,13.497354000000087
sparse,11,3011,free,gaussian,1,CL,3.0988181813856355,3.0,3.2939393795211824,-199.17374841825495,3444.7401685414297,20750,True,7.425079107284546,7.264138999999886
sparse,11,3011,free,gaussian,1,V,30.000299289668035,30.0,0.0009976322267846172,-199.17374841825495,3444.7401685414297,20750,True,7.425079107284546,7.264138999999886
sparse,11,3011,free,gaussian,1,ka,1.2037603617865142,1.2,0.31336348220952404,-199.17374841825495,3444.7401685414297,20750,True,7.425079107284546,7.264138999999886
sparse,11,3011,free,gaussian,1,om_CL,0.30280358714669436,0.3,0.934529048898125,-199.17374841825495,3444.7401685414297,20750,True,7.425079107284546,7.264138999999886
sparse,11,3011,free,gaussian,1,om_V,0.02813749335447941,0.2,-85.93125332276031,-199.17374841825495,3444.7401685414297,20750,True,7.425079107284546,7.264138999999886
sparse,11,3011,free,gaussian,1,om_ka,0.4587822426604108,0.4,14.695560665102692,-199.17374841825495,3444.7401685414297,20750,True,7.425079107284546,7.264138999999886
sparse,11,3011,free,gaussian,1,sigma,0.27237705649016936,0.2,36.18852824508467,-199.17374841825495,3444.7401685414297,20750,True,7.425079107284546,7.264138999999886
sparse,11,3011,free,gaussian,8,CL,3.06274512826437,3.0,2.0915042754789948,-186.03813099124955,1965.3647023798474,18000,True,8.367444038391113,8.293470999999954
sparse,11,3011,free,gaussian,8,V,30.200701234654616,30.0,0.6690041155153873,-186.03813099124955,1965.3647023798474,18000,True,8.367444038391113,8.293470999999954
sparse,11,3011,free,gaussian,8,ka,1.2776181178612813,1.2,6.468176488440114,-186.03813099124955,1965.3647023798474,18000,True,8.367444038391113,8.293470999999954
sparse,11,3011,free,gaussian,8,om_CL,0.29766514366802715,0.3,-0.7782854439909448,-186.03813099124955,1965.3647023798474,18000,True,8.367444038391113,8.293470999999954
sparse,11,3011,free,gaussian,8,om_V,0.18676989386371565,0.2,-6.615053068142182,-186.03813099124955,1965.3647023798474,18000,True,8.367444038391113,8.293470999999954
sparse,11,3011,free,gaussian,8,om_ka,0.40181151181721503,0.4,0.45287795430375144,-186.03813099124955,1965.3647023798474,18000,True,8.367444038391113,8.293470999999954
sparse,11,3011,free,gaussian,8,sigma,0.207712397632939,0.2,3.8561988164694943,-186.03813099124955,1965.3647023798474,18000,True,8.367444038391113,8.293470999999954
sparse,11,3011,free,gaussian,64,CL,3.0457913914297046,3.0,1.5263797143234854,-185.83329753751633,1809.4685426076287,4250,True,5.825524806976318,5.782768000000033
sparse,11,3011,free,gaussian,64,V,31.090359110722,30.0,3.634530369073339,-185.83329753751633,1809.4685426076287,4250,True,5.825524806976318,5.782768000000033
sparse,11,3011,free,gaussian,64,ka,1.2702881750399309,1.2,5.8573479199942415,-185.83329753751633,1809.4685426076287,4250,True,5.825524806976318,5.782768000000033
sparse,11,3011,free,gaussian,64,om_CL,0.30082375487192686,0.3,0.274584957308958,-185.83329753751633,1809.4685426076287,4250,True,5.825524806976318,5.782768000000033
sparse,11,3011,free,gaussian,64,om_V,0.21292863566270276,0.2,6.464317831351374,-185.83329753751633,1809.4685426076287,4250,True,5.825524806976318,5.782768000000033
sparse,11,3011,free,gaussian,64,om_ka,0.47980496539210393,0.4,19.951241348025974,-185.83329753751633,1809.4685426076287,4250,True,5.825524806976318,5.782768000000033
sparse,11,3011,free,gaussian,64,sigma,0.1902162557881111,0.2,-4.8918721059444525,-185.83329753751633,1809.4685426076287,4250,True,5.825524806976318,5.782768000000033
sparse,11,3011,amortized,gaussian,1,CL,3.0719772734481716,3.0,2.3992424482723873,-200.91572671490042,3428.722657199634,25000,False,13.853711128234863,13.587989000000107
sparse,11,3011,amortized,gaussian,1,V,30.1683421825683,30.0,0.5611406085609971,-200.91572671490042,3428.722657199634,25000,False,13.853711128234863,13.587989000000107
sparse,11,3011,amortized,gaussian,1,ka,1.242926889915722,1.2,3.5772408263101685,-200.91572671490042,3428.722657199634,25000,False,13.853711128234863,13.587989000000107
sparse,11,3011,amortized,gaussian,1,om_CL,0.2908083992215169,0.3,-3.063866926161026,-200.91572671490042,3428.722657199634,25000,False,13.853711128234863,13.587989000000107
sparse,11,3011,amortized,gaussian,1,om_V,0.04785007643961726,0.2,-76.07496178019137,-200.91572671490042,3428.722657199634,25000,False,13.853711128234863,13.587989000000107
sparse,11,3011,amortized,gaussian,1,om_ka,0.3804947725145411,0.4,-4.876306871364727,-200.91572671490042,3428.722657199634,25000,False,13.853711128234863,13.587989000000107
sparse,11,3011,amortized,gaussian,1,sigma,0.2925428721411419,0.2,46.271436070570935,-200.91572671490042,3428.722657199634,25000,False,13.853711128234863,13.587989000000107
sparse,11,3011,amortized,gaussian,8,CL,3.1131411769894513,3.0,3.771372566315042,-187.2394078463641,2154.293224193221,10000,True,6.537121772766113,6.483016000000134
sparse,11,3011,amortized,gaussian,8,V,30.10451935526126,30.0,0.3483978508708674,-187.2394078463641,2154.293224193221,10000,True,6.537121772766113,6.483016000000134
sparse,11,3011,amortized,gaussian,8,ka,1.1974749804190192,1.2,-0.21041829841506043,-187.2394078463641,2154.293224193221,10000,True,6.537121772766113,6.483016000000134
sparse,11,3011,amortized,gaussian,8,om_CL,0.2794303420538624,0.3,-6.856552648712526,-187.2394078463641,2154.293224193221,10000,True,6.537121772766113,6.483016000000134
sparse,11,3011,amortized,gaussian,8,om_V,0.18017817769025027,0.2,-9.91091115487487,-187.2394078463641,2154.293224193221,10000,True,6.537121772766113,6.483016000000134
sparse,11,3011,amortized,gaussian,8,om_ka,0.38703383559351084,0.4,-3.2415411016222944,-187.2394078463641,2154.293224193221,10000,True,6.537121772766113,6.483016000000134
sparse,11,3011,amortized,gaussian,8,sigma,0.22500656294686558,0.2,12.503281473432782,-187.2394078463641,2154.293224193221,10000,True,6.537121772766113,6.483016000000134
sparse,11,3011,amortized,gaussian,64,CL,3.0464574175587766,3.0,1.5485805852925545,-185.0475563254999,1714.6897668141557,14000,True,22.3572838306427,22.192471999999725
sparse,11,3011,amortized,gaussian,64,V,30.343661696354854,30.0,1.1455389878495126,-185.0475563254999,1714.6897668141557,14000,True,22.3572838306427,22.192471999999725
sparse,11,3011,amortized,gaussian,64,ka,1.222573473334868,1.2,1.8811227779056787,-185.0475563254999,1714.6897668141557,14000,True,22.3572838306427,22.192471999999725
sparse,11,3011,amortized,gaussian,64,om_CL,0.2973148192081281,0.3,-0.8950602639573035,-185.0475563254999,1714.6897668141557,14000,True,22.3572838306427,22.192471999999725
sparse,11,3011,amortized,gaussian,64,om_V,0.21671752217025478,0.2,8.358761085127384,-185.0475563254999,1714.6897668141557,14000,True,22.3572838306427,22.192471999999725
sparse,11,3011,amortized,gaussian,64,om_ka,0.43671203583023815,0.4,9.178008957559532,-185.0475563254999,1714.6897668141557,14000,True,22.3572838306427,22.192471999999725
sparse,11,3011,amortized,gaussian,64,sigma,0.1915705436979103,0.2,-4.2147281510448575,-185.0475563254999,1714.6897668141557,14000,True,22.3572838306427,22.192471999999725
sparse,12,3012,free,gaussian,1,CL,3.007225174794318,3.0,0.24083915981060558,-172.1905434945316,3756.946190043859,22500,True,7.749040842056274,7.699959000000035
sparse,12,3012,free,gaussian,1,V,28.856718642281013,30.0,-3.8109378590632894,-172.1905434945316,3756.946190043859,22500,True,7.749040842056274,7.699959000000035
sparse,12,3012,free,gaussian,1,ka,1.1373180484837222,1.2,-5.223495959689814,-172.1905434945316,3756.946190043859,22500,True,7.749040842056274,7.699959000000035
sparse,12,3012,free,gaussian,1,om_CL,0.2920872606367229,0.3,-2.6375797877590257,-172.1905434945316,3756.946190043859,22500,True,7.749040842056274,7.699959000000035
sparse,12,3012,free,gaussian,1,om_V,0.01953059363722855,0.2,-90.23470318138573,-172.1905434945316,3756.946190043859,22500,True,7.749040842056274,7.699959000000035
sparse,12,3012,free,gaussian,1,om_ka,0.3597103948463459,0.4,-10.072401288413523,-172.1905434945316,3756.946190043859,22500,True,7.749040842056274,7.699959000000035
sparse,12,3012,free,gaussian,1,sigma,0.25027015528802454,0.2,25.135077644012263,-172.1905434945316,3756.946190043859,22500,True,7.749040842056274,7.699959000000035
sparse,12,3012,free,gaussian,8,CL,3.0269465600153436,3.0,0.8982186671781189,-163.78233859103028,2472.268960720513,18500,True,8.479739904403687,8.422339000000193
sparse,12,3012,free,gaussian,8,V,29.380220827849374,30.0,-2.0659305738354186,-163.78233859103028,2472.268960720513,18500,True,8.479739904403687,8.422339000000193
sparse,12,3012,free,gaussian,8,ka,1.144701797857918,1.2,-4.60818351184017,-163.78233859103028,2472.268960720513,18500,True,8.479739904403687,8.422339000000193
sparse,12,3012,free,gaussian,8,om_CL,0.2809917104486388,0.3,-6.336096517120397,-163.78233859103028,2472.268960720513,18500,True,8.479739904403687,8.422339000000193
sparse,12,3012,free,gaussian,8,om_V,0.13077134697344342,0.2,-34.61432651327829,-163.78233859103028,2472.268960720513,18500,True,8.479739904403687,8.422339000000193
sparse,12,3012,free,gaussian,8,om_ka,0.3370822118946654,0.4,-15.72944702633365,-163.78233859103028,2472.268960720513,18500,True,8.479739904403687,8.422339000000193
sparse,12,3012,free,gaussian,8,sigma,0.21396747005360697,0.2,6.9837350268034815,-163.78233859103028,2472.268960720513,18500,True,8.479739904403687,8.422339000000193
sparse,12,3012,free,gaussian,64,CL,3.0333213310945197,3.0,1.1107110364839912,-161.76134686070012,2078.176738949121,14750,True,19.847846269607544,19.722312999999758
sparse,12,3012,free,gaussian,64,V,29.04933899741056,30.0,-3.1688700086314725,-161.76134686070012,2078.176738949121,14750,True,19.847846269607544,19.722312999999758
sparse,12,3012,free,gaussian,64,ka,1.161278178597093,1.2,-3.2268184502422526,-161.76134686070012,2078.176738949121,14750,True,19.847846269607544,19.722312999999758
sparse,12,3012,free,gaussian,64,om_CL,0.28807212403686233,0.3,-3.975958654379219,-161.76134686070012,2078.176738949121,14750,True,19.847846269607544,19.722312999999758
sparse,12,3012,free,gaussian,64,om_V,0.1784085029044526,0.2,-10.795748547773709,-161.76134686070012,2078.176738949121,14750,True,19.847846269607544,19.722312999999758
sparse,12,3012,free,gaussian,64,om_ka,0.35466633444216955,0.4,-11.333416389457618,-161.76134686070012,2078.176738949121,14750,True,19.847846269607544,19.722312999999758
sparse,12,3012,free,gaussian,64,sigma,0.19150207357998242,0.2,-4.248963210008796,-161.76134686070012,2078.176738949121,14750,True,19.847846269607544,19.722312999999758
sparse,12,3012,amortized,gaussian,1,CL,3.01268840009053,3.0,0.4229466696843283,-173.40005553324733,3202.9653340350583,21500,True,11.29614520072937,11.227434999999787
sparse,12,3012,amortized,gaussian,1,V,29.168201178003166,30.0,-2.7726627399894475,-173.40005553324733,3202.9653340350583,21500,True,11.29614520072937,11.227434999999787
sparse,12,3012,amortized,gaussian,1,ka,1.1686944274227986,1.2,-2.608797714766779,-173.40005553324733,3202.9653340350583,21500,True,11.29614520072937,11.227434999999787
sparse,12,3012,amortized,gaussian,1,om_CL,0.28737514384485113,0.3,-4.208285385049619,-173.40005553324733,3202.9653340350583,21500,True,11.29614520072937,11.227434999999787
sparse,12,3012,amortized,gaussian,1,om_V,0.0389804090660005,0.2,-80.50979546699975,-173.40005553324733,3202.9653340350583,21500,True,11.29614520072937,11.227434999999787
sparse,12,3012,amortized,gaussian,1,om_ka,0.2664742442325327,0.4,-33.38143894186683,-173.40005553324733,3202.9653340350583,21500,True,11.29614520072937,11.227434999999787
sparse,12,3012,amortized,gaussian,1,sigma,0.26478804532323996,0.2,32.39402266161997,-173.40005553324733,3202.9653340350583,21500,True,11.29614520072937,11.227434999999787
sparse,12,3012,amortized,gaussian,8,CL,3.0063110660010586,3.0,0.21036886670195246,-162.65811049105173,2176.6188438122836,16750,True,10.805857181549072,10.737951000000066
sparse,12,3012,amortized,gaussian,8,V,28.945411970767342,30.0,-3.5152934307755266,-162.65811049105173,2176.6188438122836,16750,True,10.805857181549072,10.737951000000066
sparse,12,3012,amortized,gaussian,8,ka,1.1724379418185293,1.2,-2.296838181789218,-162.65811049105173,2176.6188438122836,16750,True,10.805857181549072,10.737951000000066
sparse,12,3012,amortized,gaussian,8,om_CL,0.28141937074883644,0.3,-6.193543083721184,-162.65811049105173,2176.6188438122836,16750,True,10.805857181549072,10.737951000000066
sparse,12,3012,amortized,gaussian,8,om_V,0.17097905796961346,0.2,-14.510471015193273,-162.65811049105173,2176.6188438122836,16750,True,10.805857181549072,10.737951000000066
sparse,12,3012,amortized,gaussian,8,om_ka,0.2628570527628636,0.4,-34.28573680928411,-162.65811049105173,2176.6188438122836,16750,True,10.805857181549072,10.737951000000066
sparse,12,3012,amortized,gaussian,8,sigma,0.21267946077574174,0.2,6.339730387870862,-162.65811049105173,2176.6188438122836,16750,True,10.805857181549072,10.737951000000066
sparse,12,3012,amortized,gaussian,64,CL,2.9902104283368116,3.0,-0.326319055439613,-161.90062411675325,2000.1076341906778,25000,False,40.09197497367859,39.71015299999999
sparse,12,3012,amortized,gaussian,64,V,28.82612281537831,30.0,-3.912923948738971,-161.90062411675325,2000.1076341906778,25000,False,40.09197497367859,39.71015299999999
sparse,12,3012,amortized,gaussian,64,ka,1.182972192647069,1.2,-1.4189839460775715,-161.90062411675325,2000.1076341906778,25000,False,40.09197497367859,39.71015299999999
sparse,12,3012,amortized,gaussian,64,om_CL,0.2817457187915803,0.3,-6.08476040280657,-161.90062411675325,2000.1076341906778,25000,False,40.09197497367859,39.71015299999999
sparse,12,3012,amortized,gaussian,64,om_V,0.17636565483965358,0.2,-11.817172580173215,-161.90062411675325,2000.1076341906778,25000,False,40.09197497367859,39.71015299999999
sparse,12,3012,amortized,gaussian,64,om_ka,0.37679540418012897,0.4,-5.801148954967763,-161.90062411675325,2000.1076341906778,25000,False,40.09197497367859,39.71015299999999
sparse,12,3012,amortized,gaussian,64,sigma,0.18830768122682132,0.2,-5.846159386589346,-161.90062411675325,2000.1076341906778,25000,False,40.09197497367859,39.71015299999999
sparse,13,3013,free,gaussian,1,CL,2.9768363502622033,3.0,-0.7721216579265574,-184.97975010728985,3505.5147153772705,21500,True,7.4136388301849365,7.361060999999609
sparse,13,3013,free,gaussian,1,V,29.92209989348862,30.0,-0.2596670217045964,-184.97975010728985,3505.5147153772705,21500,True,7.4136388301849365,7.361060999999609
sparse,13,3013,free,gaussian,1,ka,1.1494226803834824,1.2,-4.214776634709797,-184.97975010728985,3505.5147153772705,21500,True,7.4136388301849365,7.361060999999609
sparse,13,3013,free,gaussian,1,om_CL,0.31100918384970533,0.3,3.66972794990178,-184.97975010728985,3505.5147153772705,21500,True,7.4136388301849365,7.361060999999609
sparse,13,3013,free,gaussian,1,om_V,0.033786338722666516,0.2,-83.10683063866674,-184.97975010728985,3505.5147153772705,21500,True,7.4136388301849365,7.361060999999609
sparse,13,3013,free,gaussian,1,om_ka,0.3820989718148418,0.4,-4.475257046289552,-184.97975010728985,3505.5147153772705,21500,True,7.4136388301849365,7.361060999999609
sparse,13,3013,free,gaussian,1,sigma,0.26279276982685057,0.2,31.39638491342528,-184.97975010728985,3505.5147153772705,21500,True,7.4136388301849365,7.361060999999609
sparse,13,3013,free,gaussian,8,CL,2.96090989703586,3.0,-1.3030034321380057,-171.2120866058563,2398.93873359596,24000,True,11.03008222579956,10.91844600000013
sparse,13,3013,free,gaussian,8,V,31.03565177523673,30.0,3.4521725841224318,-171.2120866058563,2398.93873359596,24000,True,11.03008222579956,10.91844600000013
sparse,13,3013,free,gaussian,8,ka,1.1726224059355896,1.2,-2.281466172034193,-171.2120866058563,2398.93873359596,24000,True,11.03008222579956,10.91844600000013
sparse,13,3013,free,gaussian,8,om_CL,0.2977702488992277,0.3,-0.7432503669240939,-171.2120866058563,2398.93873359596,24000,True,11.03008222579956,10.91844600000013
sparse,13,3013,free,gaussian,8,om_V,0.20847085766850337,0.2,4.235428834251681,-171.2120866058563,2398.93873359596,24000,True,11.03008222579956,10.91844600000013
sparse,13,3013,free,gaussian,8,om_ka,0.17022727949796,0.4,-57.443180125510004,-171.2120866058563,2398.93873359596,24000,True,11.03008222579956,10.91844600000013
sparse,13,3013,free,gaussian,8,sigma,0.21891188585988566,0.2,9.455942929942825,-171.2120866058563,2398.93873359596,24000,True,11.03008222579956,10.91844600000013
sparse,13,3013,free,gaussian,64,CL,2.876898659456363,3.0,-4.103378018121233,-169.52512680447202,2276.167560838117,13500,True,18.262009143829346,18.14267000000018
sparse,13,3013,free,gaussian,64,V,30.85960843849497,30.0,2.8653614616498992,-169.52512680447202,2276.167560838117,13500,True,18.262009143829346,18.14267000000018
sparse,13,3013,free,gaussian,64,ka,1.2027201860513215,1.2,0.22668217094345966,-169.52512680447202,2276.167560838117,13500,True,18.262009143829346,18.14267000000018
sparse,13,3013,free,gaussian,64,om_CL,0.3040405994825776,0.3,1.346866494192541,-169.52512680447202,2276.167560838117,13500,True,18.262009143829346,18.14267000000018
sparse,13,3013,free,gaussian,64,om_V,0.20730976231822576,0.2,3.654881159112874,-169.52512680447202,2276.167560838117,13500,True,18.262009143829346,18.14267000000018
sparse,13,3013,free,gaussian,64,om_ka,0.30467967476389074,0.4,-23.830081309027317,-169.52512680447202,2276.167560838117,13500,True,18.262009143829346,18.14267000000018
sparse,13,3013,free,gaussian,64,sigma,0.1980369368346662,0.2,-0.9815315826669085,-169.52512680447202,2276.167560838117,13500,True,18.262009143829346,18.14267000000018
sparse,13,3013,amortized,gaussian,1,CL,3.0602947397603257,3.0,2.0098246586775246,-186.24754375350568,2722.463586553221,15500,True,8.21016001701355,8.144213000000036
sparse,13,3013,amortized,gaussian,1,V,31.250866491986283,30.0,4.16955497328761,-186.24754375350568,2722.463586553221,15500,True,8.21016001701355,8.144213000000036
sparse,13,3013,amortized,gaussian,1,ka,1.1650238290838215,1.2,-2.914680909681537,-186.24754375350568,2722.463586553221,15500,True,8.21016001701355,8.144213000000036
sparse,13,3013,amortized,gaussian,1,om_CL,0.3037354642293803,0.3,1.2451547431267715,-186.24754375350568,2722.463586553221,15500,True,8.21016001701355,8.144213000000036
sparse,13,3013,amortized,gaussian,1,om_V,0.08401570665527776,0.2,-57.99214667236112,-186.24754375350568,2722.463586553221,15500,True,8.21016001701355,8.144213000000036
sparse,13,3013,amortized,gaussian,1,om_ka,0.2686822048134105,0.4,-32.829448796647384,-186.24754375350568,2722.463586553221,15500,True,8.21016001701355,8.144213000000036
sparse,13,3013,amortized,gaussian,1,sigma,0.29255034701886706,0.2,46.27517350943352,-186.24754375350568,2722.463586553221,15500,True,8.21016001701355,8.144213000000036
sparse,13,3013,amortized,gaussian,8,CL,2.922310240906602,3.0,-2.5896586364465937,-169.68283794333075,2411.311306269124,20000,True,13.024698972702026,12.881852999999865
sparse,13,3013,amortized,gaussian,8,V,30.590954755842063,30.0,1.969849186140209,-169.68283794333075,2411.311306269124,20000,True,13.024698972702026,12.881852999999865
sparse,13,3013,amortized,gaussian,8,ka,1.1902357424626195,1.2,-0.8136881281150348,-169.68283794333075,2411.311306269124,20000,True,13.024698972702026,12.881852999999865
sparse,13,3013,amortized,gaussian,8,om_CL,0.30360971764395317,0.3,1.2032392146510604,-169.68283794333075,2411.311306269124,20000,True,13.024698972702026,12.881852999999865
sparse,13,3013,amortized,gaussian,8,om_V,0.1909062621927884,0.2,-4.5468689036058105,-169.68283794333075,2411.311306269124,20000,True,13.024698972702026,12.881852999999865
sparse,13,3013,amortized,gaussian,8,om_ka,0.255828470525922,0.4,-36.0428823685195,-169.68283794333075,2411.311306269124,20000,True,13.024698972702026,12.881852999999865
sparse,13,3013,amortized,gaussian,8,sigma,0.21093599726023354,0.2,5.467998630116766,-169.68283794333075,2411.311306269124,20000,True,13.024698972702026,12.881852999999865
sparse,13,3013,amortized,gaussian,64,CL,2.922566587250748,3.0,-2.5811137583084065,-169.07405016678524,2227.808012432091,5250,True,8.442001819610596,8.376586999999745
sparse,13,3013,amortized,gaussian,64,V,30.657173853124046,30.0,2.1905795104134875,-169.07405016678524,2227.808012432091,5250,True,8.442001819610596,8.376586999999745
sparse,13,3013,amortized,gaussian,64,ka,1.1884743024600506,1.2,-0.9604747949957804,-169.07405016678524,2227.808012432091,5250,True,8.442001819610596,8.376586999999745
sparse,13,3013,amortized,gaussian,64,om_CL,0.3044735479685894,0.3,1.4911826561964658,-169.07405016678524,2227.808012432091,5250,True,8.442001819610596,8.376586999999745
sparse,13,3013,amortized,gaussian,64,om_V,0.21024940149204738,0.2,5.124700746023683,-169.07405016678524,2227.808012432091,5250,True,8.442001819610596,8.376586999999745
sparse,13,3013,amortized,gaussian,64,om_ka,0.31263909045894117,0.4,-21.84022738526471,-169.07405016678524,2227.808012432091,5250,True,8.442001819610596,8.376586999999745
sparse,13,3013,amortized,gaussian,64,sigma,0.19756536969499477,0.2,-1.2173151525026182,-169.07405016678524,2227.808012432091,5250,True,8.442001819610596,8.376586999999745
sparse,14,3014,free,gaussian,1,CL,2.991885606897916,3.0,-0.2704797700694724,-184.6159562544064,3357.264669116167,12250,True,4.258826017379761,4.221223000000009
sparse,14,3014,free,gaussian,1,V,30.996244722130125,30.0,3.3208157404337513,-184.6159562544064,3357.264669116167,12250,True,4.258826017379761,4.221223000000009
sparse,14,3014,free,gaussian,1,ka,1.2131117662196338,1.2,1.0926471849694863,-184.6159562544064,3357.264669116167,12250,True,4.258826017379761,4.221223000000009
sparse,14,3014,free,gaussian,1,om_CL,0.3152937249892159,0.3,5.097908329738629,-184.6159562544064,3357.264669116167,12250,True,4.258826017379761,4.221223000000009
sparse,14,3014,free,gaussian,1,om_V,0.04037197807155907,0.2,-79.81401096422047,-184.6159562544064,3357.264669116167,12250,True,4.258826017379761,4.221223000000009
sparse,14,3014,free,gaussian,1,om_ka,0.3333268860732599,0.4,-16.668278481685032,-184.6159562544064,3357.264669116167,12250,True,4.258826017379761,4.221223000000009
sparse,14,3014,free,gaussian,1,sigma,0.269362585950074,0.2,34.681292975036996,-184.6159562544064,3357.264669116167,12250,True,4.258826017379761,4.221223000000009
sparse,14,3014,free,gaussian,8,CL,2.961947387133852,3.0,-1.268420428871601,-172.38714202592064,2387.8517601970493,15250,True,6.9341957569122314,6.894784000000072
sparse,14,3014,free,gaussian,8,V,31.300866227460595,30.0,4.336220758201985,-172.38714202592064,2387.8517601970493,15250,True,6.9341957569122314,6.894784000000072
sparse,14,3014,free,gaussian,8,ka,1.2416278620902252,1.2,3.468988507518774,-172.38714202592064,2387.8517601970493,15250,True,6.9341957569122314,6.894784000000072
sparse,14,3014,free,gaussian,8,om_CL,0.3026585871464985,0.3,0.8861957154995086,-172.38714202592064,2387.8517601970493,15250,True,6.9341957569122314,6.894784000000072
sparse,14,3014,free,gaussian,8,om_V,0.17913415450008152,0.2,-10.432922749959243,-172.38714202592064,2387.8517601970493,15250,True,6.9341957569122314,6.894784000000072
sparse,14,3014,free,gaussian,8,om_ka,0.27028051792988383,0.4,-32.42987051752904,-172.38714202592064,2387.8517601970493,15250,True,6.9341957569122314,6.894784000000072
sparse,14,3014,free,gaussian,8,sigma,0.21837858051759507,0.2,9.189290258797527,-172.38714202592064,2387.8517601970493,15250,True,6.9341957569122314,6.894784000000072
sparse,14,3014,free,gaussian,64,CL,2.9655260928742564,3.0,-1.149130237524787,-170.0533222921684,2080.767850243018,12750,True,17.091310262680054,17.002804000000197
sparse,14,3014,free,gaussian,64,V,31.05738480560107,30.0,3.524616018670237,-170.0533222921684,2080.767850243018,12750,True,17.091310262680054,17.002804000000197
sparse,14,3014,free,gaussian,64,ka,1.2518080599196206,1.2,4.317338326635056,-170.0533222921684,2080.767850243018,12750,True,17.091310262680054,17.002804000000197
sparse,14,3014,free,gaussian,64,om_CL,0.3102230193832412,0.3,3.4076731277470724,-170.0533222921684,2080.767850243018,12750,True,17.091310262680054,17.002804000000197
sparse,14,3014,free,gaussian,64,om_V,0.1982343513210615,0.2,-0.8828243394692487,-170.0533222921684,2080.767850243018,12750,True,17.091310262680054,17.002804000000197
sparse,14,3014,free,gaussian,64,om_ka,0.3895772766972789,0.4,-2.605680825680287,-170.0533222921684,2080.767850243018,12750,True,17.091310262680054,17.002804000000197
sparse,14,3014,free,gaussian,64,sigma,0.191947551987136,0.2,-4.0262240064320025,-170.0533222921684,2080.767850243018,12750,True,17.091310262680054,17.002804000000197
sparse,14,3014,amortized,gaussian,1,CL,3.000773497397904,3.0,0.02578324659679628,-185.31530336964653,3075.866734128651,20500,True,10.751564025878906,10.694250000000011
sparse,14,3014,amortized,gaussian,1,V,31.263112557157356,30.0,4.210375190524521,-185.31530336964653,3075.866734128651,20500,True,10.751564025878906,10.694250000000011
sparse,14,3014,amortized,gaussian,1,ka,1.2315240310281548,1.2,2.6270025856795685,-185.31530336964653,3075.866734128651,20500,True,10.751564025878906,10.694250000000011
sparse,14,3014,amortized,gaussian,1,om_CL,0.2946923796990595,0.3,-1.7692067669801692,-185.31530336964653,3075.866734128651,20500,True,10.751564025878906,10.694250000000011
sparse,14,3014,amortized,gaussian,1,om_V,0.06360029292193285,0.2,-68.19985353903357,-185.31530336964653,3075.866734128651,20500,True,10.751564025878906,10.694250000000011
sparse,14,3014,amortized,gaussian,1,om_ka,0.24595532694970054,0.4,-38.51116826257487,-185.31530336964653,3075.866734128651,20500,True,10.751564025878906,10.694250000000011
sparse,14,3014,amortized,gaussian,1,sigma,0.2857431984344323,0.2,42.87159921721614,-185.31530336964653,3075.866734128651,20500,True,10.751564025878906,10.694250000000011
sparse,14,3014,amortized,gaussian,8,CL,2.976236020236275,3.0,-0.7921326587908339,-171.26668710259375,2021.6225578845037,19000,True,12.200157880783081,12.135038999999779
sparse,14,3014,amortized,gaussian,8,V,30.800295541024923,30.0,2.6676518034164096,-171.26668710259375,2021.6225578845037,19000,True,12.200157880783081,12.135038999999779
sparse,14,3014,amortized,gaussian,8,ka,1.1850195332649407,1.2,-1.2483722279216052,-171.26668710259375,2021.6225578845037,19000,True,12.200157880783081,12.135038999999779
sparse,14,3014,amortized,gaussian,8,om_CL,0.30494239646340654,0.3,1.6474654878021837,-171.26668710259375,2021.6225578845037,19000,True,12.200157880783081,12.135038999999779
sparse,14,3014,amortized,gaussian,8,om_V,0.1829085364337261,0.2,-8.545731783136958,-171.26668710259375,2021.6225578845037,19000,True,12.200157880783081,12.135038999999779
sparse,14,3014,amortized,gaussian,8,om_ka,0.312320502031146,0.4,-21.919874492213513,-171.26668710259375,2021.6225578845037,19000,True,12.200157880783081,12.135038999999779
sparse,14,3014,amortized,gaussian,8,sigma,0.20628331772050426,0.2,3.1416588602521247,-171.26668710259375,2021.6225578845037,19000,True,12.200157880783081,12.135038999999779
sparse,14,3014,amortized,gaussian,64,CL,3.013477224569225,3.0,0.4492408189741652,-170.92025658117643,2165.7729230721484,25000,True,39.43233299255371,39.22939399999996
sparse,14,3014,amortized,gaussian,64,V,31.159985825182098,30.0,3.8666194172736588,-170.92025658117643,2165.7729230721484,25000,True,39.43233299255371,39.22939399999996
sparse,14,3014,amortized,gaussian,64,ka,1.2407632319395658,1.2,3.3969359949638234,-170.92025658117643,2165.7729230721484,25000,True,39.43233299255371,39.22939399999996
sparse,14,3014,amortized,gaussian,64,om_CL,0.3035610713056807,0.3,1.1870237685602434,-170.92025658117643,2165.7729230721484,25000,True,39.43233299255371,39.22939399999996
sparse,14,3014,amortized,gaussian,64,om_V,0.19199085862330267,0.2,-4.004570688348668,-170.92025658117643,2165.7729230721484,25000,True,39.43233299255371,39.22939399999996
sparse,14,3014,amortized,gaussian,64,om_ka,0.40895996999537576,0.4,2.2399924988439346,-170.92025658117643,2165.7729230721484,25000,True,39.43233299255371,39.22939399999996
sparse,14,3014,amortized,gaussian,64,sigma,0.1989773129129244,0.2,-0.5113435435378094,-170.92025658117643,2165.7729230721484,25000,True,39.43233299255371,39.22939399999996
sparse,15,3015,free,gaussian,1,CL,3.02688563855423,3.0,0.8961879518076662,-199.15557878472174,3170.6967382051566,17500,True,5.996039152145386,5.963915999999699
sparse,15,3015,free,gaussian,1,V,30.28667115857421,30.0,0.9555705285807056,-199.15557878472174,3170.6967382051566,17500,True,5.996039152145386,5.963915999999699
sparse,15,3015,free,gaussian,1,ka,1.2398473337101903,1.2,3.3206111425158613,-199.15557878472174,3170.6967382051566,17500,True,5.996039152145386,5.963915999999699
sparse,15,3015,free,gaussian,1,om_CL,0.33612198505292606,0.3,12.040661684308692,-199.15557878472174,3170.6967382051566,17500,True,5.996039152145386,5.963915999999699
sparse,15,3015,free,gaussian,1,om_V,0.021918414318615246,0.2,-89.04079284069238,-199.15557878472174,3170.6967382051566,17500,True,5.996039152145386,5.963915999999699
sparse,15,3015,free,gaussian,1,om_ka,0.5771189553671199,0.4,44.27973884177996,-199.15557878472174,3170.6967382051566,17500,True,5.996039152145386,5.963915999999699
sparse,15,3015,free,gaussian,1,sigma,0.23930146027444105,0.2,19.650730137220517,-199.15557878472174,3170.6967382051566,17500,True,5.996039152145386,5.963915999999699
sparse,15,3015,free,gaussian,8,CL,3.066486846900731,3.0,2.2162282300243716,-189.48091633836245,1965.9716753074347,14250,True,6.489740610122681,6.4557959999997365
sparse,15,3015,free,gaussian,8,V,30.515448868433545,30.0,1.7181628947784826,-189.48091633836245,1965.9716753074347,14250,True,6.489740610122681,6.4557959999997365
sparse,15,3015,free,gaussian,8,ka,1.2936893596133574,1.2,7.807446634446453,-189.48091633836245,1965.9716753074347,14250,True,6.489740610122681,6.4557959999997365
sparse,15,3015,free,gaussian,8,om_CL,0.3381208742617974,0.3,12.706958087265797,-189.48091633836245,1965.9716753074347,14250,True,6.489740610122681,6.4557959999997365
sparse,15,3015,free,gaussian,8,om_V,0.15419236976926223,0.2,-22.903815115368886,-189.48091633836245,1965.9716753074347,14250,True,6.489740610122681,6.4557959999997365
sparse,15,3015,free,gaussian,8,om_ka,0.5451449943561885,0.4,36.28624858904711,-189.48091633836245,1965.9716753074347,14250,True,6.489740610122681,6.4557959999997365
sparse,15,3015,free,gaussian,8,sigma,0.19005604635724252,0.2,-4.971976821378745,-189.48091633836245,1965.9716753074347,14250,True,6.489740610122681,6.4557959999997365
sparse,15,3015,free,gaussian,64,CL,3.084216516129039,3.0,2.8072172043013044,-186.75210052076034,1649.6974018961243,9500,True,12.762787103652954,12.699123000000327
sparse,15,3015,free,gaussian,64,V,30.424110889774617,30.0,1.413702965915391,-186.75210052076034,1649.6974018961243,9500,True,12.762787103652954,12.699123000000327
sparse,15,3015,free,gaussian,64,ka,1.3345924497477835,1.2,11.21603747898196,-186.75210052076034,1649.6974018961243,9500,True,12.762787103652954,12.699123000000327
sparse,15,3015,free,gaussian,64,om_CL,0.32950990437809824,0.3,9.836634792699417,-186.75210052076034,1649.6974018961243,9500,True,12.762787103652954,12.699123000000327
sparse,15,3015,free,gaussian,64,om_V,0.19437468603103128,0.2,-2.8126569844843656,-186.75210052076034,1649.6974018961243,9500,True,12.762787103652954,12.699123000000327
sparse,15,3015,free,gaussian,64,om_ka,0.5825100800128031,0.4,45.62752000320078,-186.75210052076034,1649.6974018961243,9500,True,12.762787103652954,12.699123000000327
sparse,15,3015,free,gaussian,64,sigma,0.17080223008451004,0.2,-14.598884957744986,-186.75210052076034,1649.6974018961243,9500,True,12.762787103652954,12.699123000000327
sparse,15,3015,amortized,gaussian,1,CL,3.0562294125301563,3.0,1.8743137510052115,-199.75998068489562,3504.0349526195746,18750,True,9.841881036758423,9.78567299999986
sparse,15,3015,amortized,gaussian,1,V,30.185281004890925,30.0,0.617603349636416,-199.75998068489562,3504.0349526195746,18750,True,9.841881036758423,9.78567299999986
sparse,15,3015,amortized,gaussian,1,ka,1.2500461723911083,1.2,4.170514365925693,-199.75998068489562,3504.0349526195746,18750,True,9.841881036758423,9.78567299999986
sparse,15,3015,amortized,gaussian,1,om_CL,0.3400109620386708,0.3,13.33698734622361,-199.75998068489562,3504.0349526195746,18750,True,9.841881036758423,9.78567299999986
sparse,15,3015,amortized,gaussian,1,om_V,0.011407762804836326,0.2,-94.29611859758184,-199.75998068489562,3504.0349526195746,18750,True,9.841881036758423,9.78567299999986
sparse,15,3015,amortized,gaussian,1,om_ka,0.5675607873596217,0.4,41.890196839905414,-199.75998068489562,3504.0349526195746,18750,True,9.841881036758423,9.78567299999986
sparse,15,3015,amortized,gaussian,1,sigma,0.2408511988603765,0.2,20.42559943018825,-199.75998068489562,3504.0349526195746,18750,True,9.841881036758423,9.78567299999986
sparse,15,3015,amortized,gaussian,8,CL,3.0363192316947893,3.0,1.2106410564929782,-189.16201549627,2026.6917858693275,12000,True,7.897892951965332,7.835348999999951
sparse,15,3015,amortized,gaussian,8,V,30.411892216433102,30.0,1.3729740547770082,-189.16201549627,2026.6917858693275,12000,True,7.897892951965332,7.835348999999951
sparse,15,3015,amortized,gaussian,8,ka,1.2790110926389104,1.2,6.584257719909207,-189.16201549627,2026.6917858693275,12000,True,7.897892951965332,7.835348999999951
sparse,15,3015,amortized,gaussian,8,om_CL,0.3307266652617712,0.3,10.242221753923735,-189.16201549627,2026.6917858693275,12000,True,7.897892951965332,7.835348999999951
sparse,15,3015,amortized,gaussian,8,om_V,0.15257827100744104,0.2,-23.710864496279484,-189.16201549627,2026.6917858693275,12000,True,7.897892951965332,7.835348999999951
sparse,15,3015,amortized,gaussian,8,om_ka,0.5307812310642782,0.4,32.69530776606955,-189.16201549627,2026.6917858693275,12000,True,7.897892951965332,7.835348999999951
sparse,15,3015,amortized,gaussian,8,sigma,0.1967956305828859,0.2,-1.6021847085570529,-189.16201549627,2026.6917858693275,12000,True,7.897892951965332,7.835348999999951
sparse,15,3015,amortized,gaussian,64,CL,3.0443078914014206,3.0,1.4769297133806851,-186.7977369625541,1717.1624684500844,8250,True,13.399217128753662,13.292386000000079
sparse,15,3015,amortized,gaussian,64,V,30.858830377510742,30.0,2.8627679250358065,-186.7977369625541,1717.1624684500844,8250,True,13.399217128753662,13.292386000000079
sparse,15,3015,amortized,gaussian,64,ka,1.330645963199099,1.2,10.887163599924921,-186.7977369625541,1717.1624684500844,8250,True,13.399217128753662,13.292386000000079
sparse,15,3015,amortized,gaussian,64,om_CL,0.3341154594943382,0.3,11.371819831446066,-186.7977369625541,1717.1624684500844,8250,True,13.399217128753662,13.292386000000079
sparse,15,3015,amortized,gaussian,64,om_V,0.19360464537738376,0.2,-3.197677311308128,-186.7977369625541,1717.1624684500844,8250,True,13.399217128753662,13.292386000000079
sparse,15,3015,amortized,gaussian,64,om_ka,0.5778395910678815,0.4,44.45989776697037,-186.7977369625541,1717.1624684500844,8250,True,13.399217128753662,13.292386000000079
sparse,15,3015,amortized,gaussian,64,sigma,0.16763447263356043,0.2,-16.18276368321979,-186.7977369625541,1717.1624684500844,8250,True,13.399217128753662,13.292386000000079
sparse,16,3016,free,gaussian,1,CL,2.911114219706846,3.0,-2.962859343105132,-195.75831159396674,3692.69255425466,22000,True,7.543976068496704,7.503353000000061
sparse,16,3016,free,gaussian,1,V,30.012244765953675,30.0,0.04081588651224877,-195.75831159396674,3692.69255425466,22000,True,7.543976068496704,7.503353000000061
sparse,16,3016,free,gaussian,1,ka,1.2820458453772323,1.2,6.8371537814360295,-195.75831159396674,3692.69255425466,22000,True,7.543976068496704,7.503353000000061
sparse,16,3016,free,gaussian,1,om_CL,0.3134842188826996,0.3,4.494739627566543,-195.75831159396674,3692.69255425466,22000,True,7.543976068496704,7.503353000000061
sparse,16,3016,free,gaussian,1,om_V,0.026854005531203238,0.2,-86.57299723439839,-195.75831159396674,3692.69255425466,22000,True,7.543976068496704,7.503353000000061
sparse,16,3016,free,gaussian,1,om_ka,0.3914151315785794,0.4,-2.1462171053551606,-195.75831159396674,3692.69255425466,22000,True,7.543976068496704,7.503353000000061
sparse,16,3016,free,gaussian,1,sigma,0.2765907574429051,0.2,38.29537872145256,-195.75831159396674,3692.69255425466,22000,True,7.543976068496704,7.503353000000061
sparse,16,3016,free,gaussian,8,CL,2.900215777992513,3.0,-3.326140733582905,-178.59959568794068,2182.6587812055245,19000,True,8.615672826766968,8.572581999999784
sparse,16,3016,free,gaussian,8,V,30.446064595470716,30.0,1.4868819849023869,-178.59959568794068,2182.6587812055245,19000,True,8.615672826766968,8.572581999999784
sparse,16,3016,free,gaussian,8,ka,1.3126112594196113,1.2,9.384271618300948,-178.59959568794068,2182.6587812055245,19000,True,8.615672826766968,8.572581999999784
sparse,16,3016,free,gaussian,8,om_CL,0.3001715858490837,0.3,0.057195283027907294,-178.59959568794068,2182.6587812055245,19000,True,8.615672826766968,8.572581999999784
sparse,16,3016,free,gaussian,8,om_V,0.20050874000070135,0.2,0.2543700003506677,-178.59959568794068,2182.6587812055245,19000,True,8.615672826766968,8.572581999999784
sparse,16,3016,free,gaussian,8,om_ka,0.3374817045669235,0.4,-15.62957385826913,-178.59959568794068,2182.6587812055245,19000,True,8.615672826766968,8.572581999999784
sparse,16,3016,free,gaussian,8,sigma,0.2060156902256451,0.2,3.007845112822538,-178.59959568794068,2182.6587812055245,19000,True,8.615672826766968,8.572581999999784
sparse,16,3016,free,gaussian,64,CL,2.849402020567299,3.0,-5.0199326477567014,-177.17007253186682,2082.223112376341,9250,True,12.45471477508545,12.377349000000322
sparse,16,3016,free,gaussian,64,V,30.456698011281215,30.0,1.5223267042707178,-177.17007253186682,2082.223112376341,9250,True,12.45471477508545,12.377349000000322
sparse,16,3016,free,gaussian,64,ka,1.31240699588209,1.2,9.367249656840844,-177.17007253186682,2082.223112376341,9250,True,12.45471477508545,12.377349000000322
sparse,16,3016,free,gaussian,64,om_CL,0.2896524046041021,0.3,-3.4491984652993044,-177.17007253186682,2082.223112376341,9250,True,12.45471477508545,12.377349000000322
sparse,16,3016,free,gaussian,64,om_V,0.2186454038387825,0.2,9.322701919391246,-177.17007253186682,2082.223112376341,9250,True,12.45471477508545,12.377349000000322
sparse,16,3016,free,gaussian,64,om_ka,0.3879008023883488,0.4,-3.0247994029128087,-177.17007253186682,2082.223112376341,9250,True,12.45471477508545,12.377349000000322
sparse,16,3016,free,gaussian,64,sigma,0.20124119364688425,0.2,0.6205968234421211,-177.17007253186682,2082.223112376341,9250,True,12.45471477508545,12.377349000000322
sparse,16,3016,amortized,gaussian,1,CL,2.841663441218689,3.0,-5.27788529271036,-196.21162979417585,3389.0837122348507,13500,True,7.081792116165161,7.046106000000236
sparse,16,3016,amortized,gaussian,1,V,30.64769126125399,30.0,2.1589708708466304,-196.21162979417585,3389.0837122348507,13500,True,7.081792116165161,7.046106000000236
sparse,16,3016,amortized,gaussian,1,ka,1.346976175755369,1.2,12.248014646280762,-196.21162979417585,3389.0837122348507,13500,True,7.081792116165161,7.046106000000236
sparse,16,3016,amortized,gaussian,1,om_CL,0.31991881684041307,0.3,6.639605613471026,-196.21162979417585,3389.0837122348507,13500,True,7.081792116165161,7.046106000000236
sparse,16,3016,amortized,gaussian,1,om_V,0.06644406581795882,0.2,-66.7779670910206,-196.21162979417585,3389.0837122348507,13500,True,7.081792116165161,7.046106000000236
sparse,16,3016,amortized,gaussian,1,om_ka,0.20483730906467035,0.4,-48.79067273383242,-196.21162979417585,3389.0837122348507,13500,True,7.081792116165161,7.046106000000236
sparse,16,3016,amortized,gaussian,1,sigma,0.29626785289461355,0.2,48.13392644730677,-196.21162979417585,3389.0837122348507,13500,True,7.081792116165161,7.046106000000236
sparse,16,3016,amortized,gaussian,8,CL,2.870664425815952,3.0,-4.311185806134936,-178.90190971352916,2246.7472191112583,17750,True,11.37509822845459,11.317216000000371
sparse,16,3016,amortized,gaussian,8,V,30.49197110245364,30.0,1.6399036748454658,-178.90190971352916,2246.7472191112583,17750,True,11.37509822845459,11.317216000000371
sparse,16,3016,amortized,gaussian,8,ka,1.3270018560221404,1.2,10.583488001845035,-178.90190971352916,2246.7472191112583,17750,True,11.37509822845459,11.317216000000371
sparse,16,3016,amortized,gaussian,8,om_CL,0.29231053114943173,0.3,-2.5631562835227535,-178.90190971352916,2246.7472191112583,17750,True,11.37509822845459,11.317216000000371
sparse,16,3016,amortized,gaussian,8,om_V,0.1903668404234447,0.2,-4.816579788277653,-178.90190971352916,2246.7472191112583,17750,True,11.37509822845459,11.317216000000371
sparse,16,3016,amortized,gaussian,8,om_ka,0.33598210582559795,0.4,-16.004473543600515,-178.90190971352916,2246.7472191112583,17750,True,11.37509822845459,11.317216000000371
sparse,16,3016,amortized,gaussian,8,sigma,0.21719459716855707,0.2,8.597298584278532,-178.90190971352916,2246.7472191112583,17750,True,11.37509822845459,11.317216000000371
sparse,16,3016,amortized,gaussian,64,CL,2.8258690230164296,3.0,-5.804365899452346,-177.78490424113733,1999.4185093755516,23500,True,37.1727180480957,36.97089499999993
sparse,16,3016,amortized,gaussian,64,V,29.505646197250343,30.0,-1.647846009165524,-177.78490424113733,1999.4185093755516,23500,True,37.1727180480957,36.97089499999993
sparse,16,3016,amortized,gaussian,64,ka,1.380017054770413,1.2,15.001421230867749,-177.78490424113733,1999.4185093755516,23500,True,37.1727180480957,36.97089499999993
sparse,16,3016,amortized,gaussian,64,om_CL,0.2928877675060726,0.3,-2.370744164642465,-177.78490424113733,1999.4185093755516,23500,True,37.1727180480957,36.97089499999993
sparse,16,3016,amortized,gaussian,64,om_V,0.21327215524062748,0.2,6.636077620313735,-177.78490424113733,1999.4185093755516,23500,True,37.1727180480957,36.97089499999993
sparse,16,3016,amortized,gaussian,64,om_ka,0.4240314382830642,0.4,6.007859570766049,-177.78490424113733,1999.4185093755516,23500,True,37.1727180480957,36.97089499999993
sparse,16,3016,amortized,gaussian,64,sigma,0.19771306581118803,0.2,-1.1434670944059921,-177.78490424113733,1999.4185093755516,23500,True,37.1727180480957,36.97089499999993
sparse,17,3017,free,gaussian,1,CL,3.2046711790034768,3.0,6.822372633449224,-202.91039318706333,3848.159355827939,24250,True,8.265507936477661,8.227210000000014
sparse,17,3017,free,gaussian,1,V,28.80926783137737,30.0,-3.9691072287421036,-202.91039318706333,3848.159355827939,24250,True,8.265507936477661,8.227210000000014
sparse,17,3017,free,gaussian,1,ka,1.1111968176421478,1.2,-7.400265196487676,-202.91039318706333,3848.159355827939,24250,True,8.265507936477661,8.227210000000014
sparse,17,3017,free,gaussian,1,om_CL,0.30692735870597665,0.3,2.309119568658887,-202.91039318706333,3848.159355827939,24250,True,8.265507936477661,8.227210000000014
sparse,17,3017,free,gaussian,1,om_V,0.02046069273520336,0.2,-89.76965363239832,-202.91039318706333,3848.159355827939,24250,True,8.265507936477661,8.227210000000014
sparse,17,3017,free,gaussian,1,om_ka,0.10307997058360978,0.4,-74.23000735409755,-202.91039318706333,3848.159355827939,24250,True,8.265507936477661,8.227210000000014
sparse,17,3017,free,gaussian,1,sigma,0.2960076704189403,0.2,48.003835209470154,-202.91039318706333,3848.159355827939,24250,True,8.265507936477661,8.227210000000014
sparse,17,3017,free,gaussian,8,CL,3.1669137651768593,3.0,5.5637921725619774,-188.71251383147816,2500.9119348239824,20250,True,9.199645042419434,9.151299999999992
sparse,17,3017,free,gaussian,8,V,28.692435118928586,30.0,-4.35854960357138,-188.71251383147816,2500.9119348239824,20250,True,9.199645042419434,9.151299999999992
sparse,17,3017,free,gaussian,8,ka,1.1171894027367106,1.2,-6.900883105274111,-188.71251383147816,2500.9119348239824,20250,True,9.199645042419434,9.151299999999992
sparse,17,3017,free,gaussian,8,om_CL,0.29620937710507284,0.3,-1.2635409649757179,-188.71251383147816,2500.9119348239824,20250,True,9.199645042419434,9.151299999999992
sparse,17,3017,free,gaussian,8,om_V,0.17972268917949982,0.2,-10.138655410250093,-188.71251383147816,2500.9119348239824,20250,True,9.199645042419434,9.151299999999992
sparse,17,3017,free,gaussian,8,om_ka,0.018131326202911698,0.4,-95.46716844927208,-188.71251383147816,2500.9119348239824,20250,True,9.199645042419434,9.151299999999992
sparse,17,3017,free,gaussian,8,sigma,0.23746858889347905,0.2,18.73429444673952,-188.71251383147816,2500.9119348239824,20250,True,9.199645042419434,9.151299999999992
sparse,17,3017,free,gaussian,64,CL,3.154253609164745,3.0,5.141786972158169,-187.8044279332023,2313.4359013322555,16250,True,21.85291290283203,21.727736000000277
sparse,17,3017,free,gaussian,64,V,28.826281794625846,30.0,-3.912394017913847,-187.8044279332023,2313.4359013322555,16250,True,21.85291290283203,21.727736000000277
sparse,17,3017,free,gaussian,64,ka,1.1424584581568646,1.2,-4.795128486927943,-187.8044279332023,2313.4359013322555,16250,True,21.85291290283203,21.727736000000277
sparse,17,3017,free,gaussian,64,om_CL,0.30292678845275633,0.3,0.975596150918782,-187.8044279332023,2313.4359013322555,16250,True,21.85291290283203,21.727736000000277
sparse,17,3017,free,gaussian,64,om_V,0.19437472961204774,0.2,-2.8126351939761345,-187.8044279332023,2313.4359013322555,16250,True,21.85291290283203,21.727736000000277
sparse,17,3017,free,gaussian,64,om_ka,0.18277330676938433,0.4,-54.306673307653924,-187.8044279332023,2313.4359013322555,16250,True,21.85291290283203,21.727736000000277
sparse,17,3017,free,gaussian,64,sigma,0.22185876810614535,0.2,10.92938405307267,-187.8044279332023,2313.4359013322555,16250,True,21.85291290283203,21.727736000000277
sparse,17,3017,amortized,gaussian,1,CL,3.1657383151814527,3.0,5.524610506048422,-201.18647085645307,3151.7758221784275,25000,False,13.115819931030273,13.031800000000203
sparse,17,3017,amortized,gaussian,1,V,29.044647107781298,30.0,-3.1845096407290066,-201.18647085645307,3151.7758221784275,25000,False,13.115819931030273,13.031800000000203
sparse,17,3017,amortized,gaussian,1,ka,1.1660326019895964,1.2,-2.830616500866967,-201.18647085645307,3151.7758221784275,25000,False,13.115819931030273,13.031800000000203
sparse,17,3017,amortized,gaussian,1,om_CL,0.2907360659550185,0.3,-3.0879780149938307,-201.18647085645307,3151.7758221784275,25000,False,13.115819931030273,13.031800000000203
sparse,17,3017,amortized,gaussian,1,om_V,0.06662565598208746,0.2,-66.68717200895627,-201.18647085645307,3151.7758221784275,25000,False,13.115819931030273,13.031800000000203
sparse,17,3017,amortized,gaussian,1,om_ka,0.23607677268507307,0.4,-40.98080682873173,-201.18647085645307,3151.7758221784275,25000,False,13.115819931030273,13.031800000000203
sparse,17,3017,amortized,gaussian,1,sigma,0.2981942825961609,0.2,49.09714129808043,-201.18647085645307,3151.7758221784275,25000,False,13.115819931030273,13.031800000000203
sparse,17,3017,amortized,gaussian,8,CL,3.262790590194232,3.0,8.759686339807734,-189.359315829216,2189.6080656575555,25000,False,16.0405912399292,15.950640000000021
sparse,17,3017,amortized,gaussian,8,V,28.684892584446747,30.0,-4.383691385177512,-189.359315829216,2189.6080656575555,25000,False,16.0405912399292,15.950640000000021
sparse,17,3017,amortized,gaussian,8,ka,1.1339175711979612,1.2,-5.506869066836562,-189.359315829216,2189.6080656575555,25000,False,16.0405912399292,15.950640000000021
sparse,17,3017,amortized,gaussian,8,om_CL,0.2974710944733098,0.3,-0.8429685088967206,-189.359315829216,2189.6080656575555,25000,False,16.0405912399292,15.950640000000021
sparse,17,3017,amortized,gaussian,8,om_V,0.20336292255945576,0.2,1.681461279727875,-189.359315829216,2189.6080656575555,25000,False,16.0405912399292,15.950640000000021
sparse,17,3017,amortized,gaussian,8,om_ka,0.0635083485104233,0.4,-84.12291287239417,-189.359315829216,2189.6080656575555,25000,False,16.0405912399292,15.950640000000021
sparse,17,3017,amortized,gaussian,8,sigma,0.2229802935822324,0.2,11.490146791116192,-189.359315829216,2189.6080656575555,25000,False,16.0405912399292,15.950640000000021
sparse,17,3017,amortized,gaussian,64,CL,3.1841380465994287,3.0,6.137934886647623,-187.87880563139066,2305.928347213585,19000,True,29.995229959487915,29.845772000000125
sparse,17,3017,amortized,gaussian,64,V,28.849405364680344,30.0,-3.835315451065521,-187.87880563139066,2305.928347213585,19000,True,29.995229959487915,29.845772000000125
sparse,17,3017,amortized,gaussian,64,ka,1.1130782825673264,1.2,-7.243476452722794,-187.87880563139066,2305.928347213585,19000,True,29.995229959487915,29.845772000000125
sparse,17,3017,amortized,gaussian,64,om_CL,0.3019240586632139,0.3,0.6413528877379782,-187.87880563139066,2305.928347213585,19000,True,29.995229959487915,29.845772000000125
sparse,17,3017,amortized,gaussian,64,om_V,0.20163677679595857,0.2,0.8183883979792778,-187.87880563139066,2305.928347213585,19000,True,29.995229959487915,29.845772000000125
sparse,17,3017,amortized,gaussian,64,om_ka,0.14222385724426556,0.4,-64.44403568893361,-187.87880563139066,2305.928347213585,19000,True,29.995229959487915,29.845772000000125
sparse,17,3017,amortized,gaussian,64,sigma,0.22670255986600452,0.2,13.351279933002251,-187.87880563139066,2305.928347213585,19000,True,29.995229959487915,29.845772000000125
sparse,18,3018,free,gaussian,1,CL,2.909931096429225,3.0,-3.0022967856925042,-159.42658143202553,3307.742302137701,14500,True,4.966763019561768,4.942035000000033
sparse,18,3018,free,gaussian,1,V,29.395329925019222,30.0,-2.0155669166025922,-159.42658143202553,3307.742302137701,14500,True,4.966763019561768,4.942035000000033
sparse,18,3018,free,gaussian,1,ka,1.1005605171116368,1.2,-8.286623574030262,-159.42658143202553,3307.742302137701,14500,True,4.966763019561768,4.942035000000033
sparse,18,3018,free,gaussian,1,om_CL,0.2691973162635297,0.3,-10.267561245490091,-159.42658143202553,3307.742302137701,14500,True,4.966763019561768,4.942035000000033
sparse,18,3018,free,gaussian,1,om_V,0.038216115816272885,0.2,-80.89194209186356,-159.42658143202553,3307.742302137701,14500,True,4.966763019561768,4.942035000000033
sparse,18,3018,free,gaussian,1,om_ka,0.42286247916794734,0.4,5.7156197919868275,-159.42658143202553,3307.742302137701,14500,True,4.966763019561768,4.942035000000033
sparse,18,3018,free,gaussian,1,sigma,0.24319180204409518,0.2,21.595901022047585,-159.42658143202553,3307.742302137701,14500,True,4.966763019561768,4.942035000000033
sparse,18,3018,free,gaussian,8,CL,2.911075144873538,3.0,-2.9641618375487364,-153.99290769272972,2598.8332160240466,12500,True,5.678420066833496,5.650748000000021
sparse,18,3018,free,gaussian,8,V,29.485917809483457,30.0,-1.7136073017218105,-153.99290769272972,2598.8332160240466,12500,True,5.678420066833496,5.650748000000021
sparse,18,3018,free,gaussian,8,ka,1.1060908216190877,1.2,-7.825764865076024,-153.99290769272972,2598.8332160240466,12500,True,5.678420066833496,5.650748000000021
sparse,18,3018,free,gaussian,8,om_CL,0.26759083674985074,0.3,-10.803054416716419,-153.99290769272972,2598.8332160240466,12500,True,5.678420066833496,5.650748000000021
sparse,18,3018,free,gaussian,8,om_V,0.12115754052508963,0.2,-39.421229737455185,-153.99290769272972,2598.8332160240466,12500,True,5.678420066833496,5.650748000000021
sparse,18,3018,free,gaussian,8,om_ka,0.38939683673269393,0.4,-2.650790816826523,-153.99290769272972,2598.8332160240466,12500,True,5.678420066833496,5.650748000000021
sparse,18,3018,free,gaussian,8,sigma,0.2054357648750073,0.2,2.717882437503649,-153.99290769272972,2598.8332160240466,12500,True,5.678420066833496,5.650748000000021
sparse,18,3018,free,gaussian,64,CL,2.9644337814554467,3.0,-1.1855406181517776,-152.45009723917153,2058.936307679137,2500,True,3.394373893737793,3.3760229999998046
sparse,18,3018,free,gaussian,64,V,29.18701437795086,30.0,-2.709952073497135,-152.45009723917153,2058.936307679137,2500,True,3.394373893737793,3.3760229999998046
sparse,18,3018,free,gaussian,64,ka,1.128506039478136,1.2,-5.957830043488655,-152.45009723917153,2058.936307679137,2500,True,3.394373893737793,3.3760229999998046
sparse,18,3018,free,gaussian,64,om_CL,0.27617184255662774,0.3,-7.942719147790749,-152.45009723917153,2058.936307679137,2500,True,3.394373893737793,3.3760229999998046
sparse,18,3018,free,gaussian,64,om_V,0.171579767817867,0.2,-14.210116091066508,-152.45009723917153,2058.936307679137,2500,True,3.394373893737793,3.3760229999998046
sparse,18,3018,free,gaussian,64,om_ka,0.3824358544599835,0.4,-4.391036385004126,-152.45009723917153,2058.936307679137,2500,True,3.394373893737793,3.3760229999998046
sparse,18,3018,free,gaussian,64,sigma,0.18988312822692158,0.2,-5.0584358865392165,-152.45009723917153,2058.936307679137,2500,True,3.394373893737793,3.3760229999998046
sparse,18,3018,amortized,gaussian,1,CL,2.941318471448987,3.0,-1.9560509517004387,-159.96460508170395,3723.7692415900488,25000,True,13.124204874038696,13.05042800000001
sparse,18,3018,amortized,gaussian,1,V,29.353864954936164,30.0,-2.153783483546121,-159.96460508170395,3723.7692415900488,25000,True,13.124204874038696,13.05042800000001
sparse,18,3018,amortized,gaussian,1,ka,1.0649440899752922,1.2,-11.254659168725645,-159.96460508170395,3723.7692415900488,25000,True,13.124204874038696,13.05042800000001
sparse,18,3018,amortized,gaussian,1,om_CL,0.2628979999793136,0.3,-12.367333340228788,-159.96460508170395,3723.7692415900488,25000,True,13.124204874038696,13.05042800000001
sparse,18,3018,amortized,gaussian,1,om_V,0.007378083290822078,0.2,-96.31095835458896,-159.96460508170395,3723.7692415900488,25000,True,13.124204874038696,13.05042800000001
sparse,18,3018,amortized,gaussian,1,om_ka,0.4147917111374932,0.4,3.697927784373292,-159.96460508170395,3723.7692415900488,25000,True,13.124204874038696,13.05042800000001
sparse,18,3018,amortized,gaussian,1,sigma,0.2420518158440458,0.2,21.025907922022895,-159.96460508170395,3723.7692415900488,25000,True,13.124204874038696,13.05042800000001
sparse,18,3018,amortized,gaussian,8,CL,2.955197177188027,3.0,-1.493427427065767,-154.1766389794758,2513.2457315551924,11750,True,7.563215017318726,7.52319099999977
sparse,18,3018,amortized,gaussian,8,V,29.751533761137317,30.0,-0.8282207962089435,-154.1766389794758,2513.2457315551924,11750,True,7.563215017318726,7.52319099999977
sparse,18,3018,amortized,gaussian,8,ka,1.1008253419630163,1.2,-8.264554836415305,-154.1766389794758,2513.2457315551924,11750,True,7.563215017318726,7.52319099999977
sparse,18,3018,amortized,gaussian,8,om_CL,0.27048125550326974,0.3,-9.839581498910084,-154.1766389794758,2513.2457315551924,11750,True,7.563215017318726,7.52319099999977
sparse,18,3018,amortized,gaussian,8,om_V,0.1200617836315248,0.2,-39.969108184237605,-154.1766389794758,2513.2457315551924,11750,True,7.563215017318726,7.52319099999977
sparse,18,3018,amortized,gaussian,8,om_ka,0.35907044707706587,0.4,-10.232388230733537,-154.1766389794758,2513.2457315551924,11750,True,7.563215017318726,7.52319099999977
sparse,18,3018,amortized,gaussian,8,sigma,0.21996260390156294,0.2,9.981301950781464,-154.1766389794758,2513.2457315551924,11750,True,7.563215017318726,7.52319099999977
sparse,18,3018,amortized,gaussian,64,CL,2.9247568250353533,3.0,-2.508105832154891,-152.03335237859613,2193.356524163586,5750,True,9.141818046569824,9.091926000000058
sparse,18,3018,amortized,gaussian,64,V,29.5288633439431,30.0,-1.5704555201896635,-152.03335237859613,2193.356524163586,5750,True,9.141818046569824,9.091926000000058
sparse,18,3018,amortized,gaussian,64,ka,1.1232801535911003,1.2,-6.393320534074968,-152.03335237859613,2193.356524163586,5750,True,9.141818046569824,9.091926000000058
sparse,18,3018,amortized,gaussian,64,om_CL,0.2754840084974603,0.3,-8.171997167513231,-152.03335237859613,2193.356524163586,5750,True,9.141818046569824,9.091926000000058
sparse,18,3018,amortized,gaussian,64,om_V,0.1683033888818397,0.2,-15.84830555908015,-152.03335237859613,2193.356524163586,5750,True,9.141818046569824,9.091926000000058
sparse,18,3018,amortized,gaussian,64,om_ka,0.36847678352605134,0.4,-7.88080411848717,-152.03335237859613,2193.356524163586,5750,True,9.141818046569824,9.091926000000058
sparse,18,3018,amortized,gaussian,64,sigma,0.1925154550220991,0.2,-3.742272488950454,-152.03335237859613,2193.356524163586,5750,True,9.141818046569824,9.091926000000058
sparse,19,3019,free,gaussian,1,CL,3.0204310405360006,3.0,0.6810346845333548,-188.70642343248278,3560.9412586748417,19250,True,6.625958204269409,6.585139000000254
sparse,19,3019,free,gaussian,1,V,28.516621985037567,30.0,-4.944593383208111,-188.70642343248278,3560.9412586748417,19250,True,6.625958204269409,6.585139000000254
sparse,19,3019,free,gaussian,1,ka,1.150283104226234,1.2,-4.143074647813827,-188.70642343248278,3560.9412586748417,19250,True,6.625958204269409,6.585139000000254
sparse,19,3019,free,gaussian,1,om_CL,0.2954477710496332,0.3,-1.517409650122259,-188.70642343248278,3560.9412586748417,19250,True,6.625958204269409,6.585139000000254
sparse,19,3019,free,gaussian,1,om_V,0.02814979634315815,0.2,-85.92510182842092,-188.70642343248278,3560.9412586748417,19250,True,6.625958204269409,6.585139000000254
sparse,19,3019,free,gaussian,1,om_ka,0.4020325463477501,0.4,0.5081365869375187,-188.70642343248278,3560.9412586748417,19250,True,6.625958204269409,6.585139000000254
sparse,19,3019,free,gaussian,1,sigma,0.26112535394210556,0.2,30.562676971052774,-188.70642343248278,3560.9412586748417,19250,True,6.625958204269409,6.585139000000254
sparse,19,3019,free,gaussian,8,CL,2.965401180019735,3.0,-1.1532939993421643,-175.47792110930627,1930.1698511426061,12000,True,5.4592530727386475,5.432256000000052
sparse,19,3019,free,gaussian,8,V,28.825259826988134,30.0,-3.91580057670622,-175.47792110930627,1930.1698511426061,12000,True,5.4592530727386475,5.432256000000052
sparse,19,3019,free,gaussian,8,ka,1.2044813855584922,1.2,0.3734487965410168,-175.47792110930627,1930.1698511426061,12000,True,5.4592530727386475,5.432256000000052
sparse,19,3019,free,gaussian,8,om_CL,0.2823529471450274,0.3,-5.88235095165753,-175.47792110930627,1930.1698511426061,12000,True,5.4592530727386475,5.432256000000052
sparse,19,3019,free,gaussian,8,om_V,0.18014256818447316,0.2,-9.928715907763424,-175.47792110930627,1930.1698511426061,12000,True,5.4592530727386475,5.432256000000052
sparse,19,3019,free,gaussian,8,om_ka,0.37806368897254544,0.4,-5.484077756863646,-175.47792110930627,1930.1698511426061,12000,True,5.4592530727386475,5.432256000000052
sparse,19,3019,free,gaussian,8,sigma,0.20304956233692417,0.2,1.5247811684620804,-175.47792110930627,1930.1698511426061,12000,True,5.4592530727386475,5.432256000000052
sparse,19,3019,free,gaussian,64,CL,3.0068795522628546,3.0,0.22931840876182127,-174.4604922304947,1776.0618824367905,4750,True,6.3919899463653564,6.3606479999998555
sparse,19,3019,free,gaussian,64,V,28.535677011228646,30.0,-4.881076629237847,-174.4604922304947,1776.0618824367905,4750,True,6.3919899463653564,6.3606479999998555
sparse,19,3019,free,gaussian,64,ka,1.222833724353991,1.2,1.902810362832593,-174.4604922304947,1776.0618824367905,4750,True,6.3919899463653564,6.3606479999998555
sparse,19,3019,free,gaussian,64,om_CL,0.28654527476246455,0.3,-4.484908412511812,-174.4604922304947,1776.0618824367905,4750,True,6.3919899463653564,6.3606479999998555
sparse,19,3019,free,gaussian,64,om_V,0.19268978367872952,0.2,-3.6551081606352454,-174.4604922304947,1776.0618824367905,4750,True,6.3919899463653564,6.3606479999998555
sparse,19,3019,free,gaussian,64,om_ka,0.45468420211741156,0.4,13.671050529352886,-174.4604922304947,1776.0618824367905,4750,True,6.3919899463653564,6.3606479999998555
sparse,19,3019,free,gaussian,64,sigma,0.18975400727330896,0.2,-5.122996363345524,-174.4604922304947,1776.0618824367905,4750,True,6.3919899463653564,6.3606479999998555
sparse,19,3019,amortized,gaussian,1,CL,3.0310557804916325,3.0,1.0351926830544163,-189.02428304817124,3641.942125775697,10750,True,5.663537263870239,5.633952000000136
sparse,19,3019,amortized,gaussian,1,V,28.432060348130896,30.0,-5.226465506230345,-189.02428304817124,3641.942125775697,10750,True,5.663537263870239,5.633952000000136
sparse,19,3019,amortized,gaussian,1,ka,1.1497034245926328,1.2,-4.191381283947267,-189.02428304817124,3641.942125775697,10750,True,5.663537263870239,5.633952000000136
sparse,19,3019,amortized,gaussian,1,om_CL,0.30364283507999457,0.3,1.2142783599981926,-189.02428304817124,3641.942125775697,10750,True,5.663537263870239,5.633952000000136
sparse,19,3019,amortized,gaussian,1,om_V,0.021157122242320518,0.2,-89.42143887883974,-189.02428304817124,3641.942125775697,10750,True,5.663537263870239,5.633952000000136
sparse,19,3019,amortized,gaussian,1,om_ka,0.3939286652953501,0.4,-1.5178336761624833,-189.02428304817124,3641.942125775697,10750,True,5.663537263870239,5.633952000000136
sparse,19,3019,amortized,gaussian,1,sigma,0.2599218802760646,0.2,29.9609401380323,-189.02428304817124,3641.942125775697,10750,True,5.663537263870239,5.633952000000136
sparse,19,3019,amortized,gaussian,8,CL,2.887253983064409,3.0,-3.7582005645197056,-176.5205527384224,1784.306825548826,15250,True,9.801079988479614,9.752508000000034
sparse,19,3019,amortized,gaussian,8,V,28.315566797225117,30.0,-5.614777342582944,-176.5205527384224,1784.306825548826,15250,True,9.801079988479614,9.752508000000034
sparse,19,3019,amortized,gaussian,8,ka,1.2616032940691073,1.2,5.133607839092281,-176.5205527384224,1784.306825548826,15250,True,9.801079988479614,9.752508000000034
sparse,19,3019,amortized,gaussian,8,om_CL,0.27908289776387973,0.3,-6.972367412040086,-176.5205527384224,1784.306825548826,15250,True,9.801079988479614,9.752508000000034
sparse,19,3019,amortized,gaussian,8,om_V,0.17795175952836945,0.2,-11.024120235815282,-176.5205527384224,1784.306825548826,15250,True,9.801079988479614,9.752508000000034
sparse,19,3019,amortized,gaussian,8,om_ka,0.4030685143781377,0.4,0.7671285945344136,-176.5205527384224,1784.306825548826,15250,True,9.801079988479614,9.752508000000034
sparse,19,3019,amortized,gaussian,8,sigma,0.21212054866870342,0.2,6.0602743343517025,-176.5205527384224,1784.306825548826,15250,True,9.801079988479614,9.752508000000034
sparse,19,3019,amortized,gaussian,64,CL,2.961695465136641,3.0,-1.2768178287786351,-174.87872820755382,1731.6621655908477,19250,True,30.416516065597534,30.260616000000027
sparse,19,3019,amortized,gaussian,64,V,28.462246805956422,30.0,-5.12584398014526,-174.87872820755382,1731.6621655908477,19250,True,30.416516065597534,30.260616000000027
sparse,19,3019,amortized,gaussian,64,ka,1.2473026412067996,1.2,3.941886767233301,-174.87872820755382,1731.6621655908477,19250,True,30.416516065597534,30.260616000000027
sparse,19,3019,amortized,gaussian,64,om_CL,0.28290686350009353,0.3,-5.697712166635486,-174.87872820755382,1731.6621655908477,19250,True,30.416516065597534,30.260616000000027
sparse,19,3019,amortized,gaussian,64,om_V,0.19771701011368814,0.2,-1.1414949431559351,-174.87872820755382,1731.6621655908477,19250,True,30.416516065597534,30.260616000000027
sparse,19,3019,amortized,gaussian,64,om_ka,0.42904540241397554,0.4,7.261350603493879,-174.87872820755382,1731.6621655908477,19250,True,30.416516065597534,30.260616000000027
sparse,19,3019,amortized,gaussian,64,sigma,0.19316861638393346,0.2,-3.4156918080332774,-174.87872820755382,1731.6621655908477,19250,True,30.416516065597534,30.260616000000027
sparse,20,3020,free,gaussian,1,CL,3.0580643185781478,3.0,1.9354772859382585,-170.15011711783018,3021.7465906384145,7500,True,2.5931262969970703,2.5806170000000748
sparse,20,3020,free,gaussian,1,V,31.167271884527644,30.0,3.8909062817588116,-170.15011711783018,3021.7465906384145,7500,True,2.5931262969970703,2.5806170000000748
sparse,20,3020,free,gaussian,1,ka,1.2993931510840147,1.2,8.282762590334558,-170.15011711783018,3021.7465906384145,7500,True,2.5931262969970703,2.5806170000000748
sparse,20,3020,free,gaussian,1,om_CL,0.2721587942476266,0.3,-9.28040191745779,-170.15011711783018,3021.7465906384145,7500,True,2.5931262969970703,2.5806170000000748
sparse,20,3020,free,gaussian,1,om_V,0.0713668432407268,0.2,-64.31657837963661,-170.15011711783018,3021.7465906384145,7500,True,2.5931262969970703,2.5806170000000748
sparse,20,3020,free,gaussian,1,om_ka,0.30184395262823915,0.4,-24.53901184294022,-170.15011711783018,3021.7465906384145,7500,True,2.5931262969970703,2.5806170000000748
sparse,20,3020,free,gaussian,1,sigma,0.2768153058784932,0.2,38.40765293924658,-170.15011711783018,3021.7465906384145,7500,True,2.5931262969970703,2.5806170000000748
sparse,20,3020,free,gaussian,8,CL,3.055671903563866,3.0,1.85573011879554,-158.60750019816714,2133.4039960128384,5750,True,2.63476300239563,2.6217430000001514
sparse,20,3020,free,gaussian,8,V,30.51045066982755,30.0,1.7015022327584954,-158.60750019816714,2133.4039960128384,5750,True,2.63476300239563,2.6217430000001514
sparse,20,3020,free,gaussian,8,ka,1.3542412895908462,1.2,12.85344079923719,-158.60750019816714,2133.4039960128384,5750,True,2.63476300239563,2.6217430000001514
sparse,20,3020,free,gaussian,8,om_CL,0.2634455316163552,0.3,-12.184822794548262,-158.60750019816714,2133.4039960128384,5750,True,2.63476300239563,2.6217430000001514
sparse,20,3020,free,gaussian,8,om_V,0.19073393290845195,0.2,-4.6330335457740315,-158.60750019816714,2133.4039960128384,5750,True,2.63476300239563,2.6217430000001514
sparse,20,3020,free,gaussian,8,om_ka,0.30847826683214846,0.4,-22.880433291962888,-158.60750019816714,2133.4039960128384,5750,True,2.63476300239563,2.6217430000001514
sparse,20,3020,free,gaussian,8,sigma,0.20343317529989502,0.2,1.7165876499475041,-158.60750019816714,2133.4039960128384,5750,True,2.63476300239563,2.6217430000001514
sparse,20,3020,free,gaussian,64,CL,3.0187604225643927,3.0,0.62534741881309,-157.3119171161241,2031.1798876396147,15500,True,20.82906198501587,20.71740499999987
sparse,20,3020,free,gaussian,64,V,30.874507204697,30.0,2.9150240156566674,-157.3119171161241,2031.1798876396147,15500,True,20.82906198501587,20.71740499999987
sparse,20,3020,free,gaussian,64,ka,1.3150956721528526,1.2,9.591306012737721,-157.3119171161241,2031.1798876396147,15500,True,20.82906198501587,20.71740499999987
sparse,20,3020,free,gaussian,64,om_CL,0.2714140006564657,0.3,-9.528666447844762,-157.3119171161241,2031.1798876396147,15500,True,20.82906198501587,20.71740499999987
sparse,20,3020,free,gaussian,64,om_V,0.2004453775224265,0.2,0.22268876121324388,-157.3119171161241,2031.1798876396147,15500,True,20.82906198501587,20.71740499999987
sparse,20,3020,free,gaussian,64,om_ka,0.38299611866848365,0.4,-4.250970332879092,-157.3119171161241,2031.1798876396147,15500,True,20.82906198501587,20.71740499999987
sparse,20,3020,free,gaussian,64,sigma,0.19167041206151192,0.2,-4.164793969244045,-157.3119171161241,2031.1798876396147,15500,True,20.82906198501587,20.71740499999987
sparse,20,3020,amortized,gaussian,1,CL,3.0488129032986477,3.0,1.6270967766215911,-169.17371376894187,2989.233869972728,25000,False,13.108112812042236,13.030631999999969
sparse,20,3020,amortized,gaussian,1,V,31.022196662490003,30.0,3.407322208300011,-169.17371376894187,2989.233869972728,25000,False,13.108112812042236,13.030631999999969
sparse,20,3020,amortized,gaussian,1,ka,1.3019647098012734,1.2,8.497059150106123,-169.17371376894187,2989.233869972728,25000,False,13.108112812042236,13.030631999999969
sparse,20,3020,amortized,gaussian,1,om_CL,0.2658109885277964,0.3,-11.396337157401202,-169.17371376894187,2989.233869972728,25000,False,13.108112812042236,13.030631999999969
sparse,20,3020,amortized,gaussian,1,om_V,0.06690857673377279,0.2,-66.5457116331136,-169.17371376894187,2989.233869972728,25000,False,13.108112812042236,13.030631999999969
sparse,20,3020,amortized,gaussian,1,om_ka,0.3513069237091213,0.4,-12.173269072719677,-169.17371376894187,2989.233869972728,25000,False,13.108112812042236,13.030631999999969
sparse,20,3020,amortized,gaussian,1,sigma,0.2697351987117392,0.2,34.86759935586958,-169.17371376894187,2989.233869972728,25000,False,13.108112812042236,13.030631999999969
sparse,20,3020,amortized,gaussian,8,CL,2.911864569094568,3.0,-2.937847696847736,-159.64003130942078,2319.6953223331293,25000,False,16.036900997161865,15.944417000000158
sparse,20,3020,amortized,gaussian,8,V,31.096112596136447,30.0,3.6537086537881556,-159.64003130942078,2319.6953223331293,25000,False,16.036900997161865,15.944417000000158
sparse,20,3020,amortized,gaussian,8,ka,1.3375552178721841,1.2,11.462934822682014,-159.64003130942078,2319.6953223331293,25000,False,16.036900997161865,15.944417000000158
sparse,20,3020,amortized,gaussian,8,om_CL,0.2772202935509487,0.3,-7.593235483017104,-159.64003130942078,2319.6953223331293,25000,False,16.036900997161865,15.944417000000158
sparse,20,3020,amortized,gaussian,8,om_V,0.17262630460423295,0.2,-13.68684769788353,-159.64003130942078,2319.6953223331293,25000,False,16.036900997161865,15.944417000000158
sparse,20,3020,amortized,gaussian,8,om_ka,0.3028601949765434,0.4,-24.28495125586416,-159.64003130942078,2319.6953223331293,25000,False,16.036900997161865,15.944417000000158
sparse,20,3020,amortized,gaussian,8,sigma,0.20811540059998326,0.2,4.057700299991626,-159.64003130942078,2319.6953223331293,25000,False,16.036900997161865,15.944417000000158
sparse,20,3020,amortized,gaussian,64,CL,2.9895056394138035,3.0,-0.349812019539882,-157.07209142325965,1853.38662236402,18750,True,29.6721510887146,29.505792999999812
sparse,20,3020,amortized,gaussian,64,V,30.941401506193422,30.0,3.1380050206447407,-157.07209142325965,1853.38662236402,18750,True,29.6721510887146,29.505792999999812
sparse,20,3020,amortized,gaussian,64,ka,1.3320144698892393,1.2,11.001205824103282,-157.07209142325965,1853.38662236402,18750,True,29.6721510887146,29.505792999999812
sparse,20,3020,amortized,gaussian,64,om_CL,0.27545770606766323,0.3,-8.180764644112253,-157.07209142325965,1853.38662236402,18750,True,29.6721510887146,29.505792999999812
sparse,20,3020,amortized,gaussian,64,om_V,0.1971618467719046,0.2,-1.4190766140477067,-157.07209142325965,1853.38662236402,18750,True,29.6721510887146,29.505792999999812
sparse,20,3020,amortized,gaussian,64,om_ka,0.3908157331468121,0.4,-2.2960667132969763,-157.07209142325965,1853.38662236402,18750,True,29.6721510887146,29.505792999999812
sparse,20,3020,amortized,gaussian,64,sigma,0.19478342085751832,0.2,-2.608289571240846,-157.07209142325965,1853.38662236402,18750,True,29.6721510887146,29.505792999999812
sparse,21,3021,free,gaussian,1,CL,2.9604001283301913,3.0,-1.3199957223269572,-184.28561243170594,3645.0644855809387,16750,True,5.745434999465942,5.713447999999971
sparse,21,3021,free,gaussian,1,V,28.95601865885417,30.0,-3.479937803819434,-184.28561243170594,3645.0644855809387,16750,True,5.745434999465942,5.713447999999971
sparse,21,3021,free,gaussian,1,ka,1.0884586566057726,1.2,-9.295111949518951,-184.28561243170594,3645.0644855809387,16750,True,5.745434999465942,5.713447999999971
sparse,21,3021,free,gaussian,1,om_CL,0.281425326972527,0.3,-6.1915576758243365,-184.28561243170594,3645.0644855809387,16750,True,5.745434999465942,5.713447999999971
sparse,21,3021,free,gaussian,1,om_V,0.024867276052766767,0.2,-87.56636197361662,-184.28561243170594,3645.0644855809387,16750,True,5.745434999465942,5.713447999999971
sparse,21,3021,free,gaussian,1,om_ka,0.3660691778247991,0.4,-8.482705543800234,-184.28561243170594,3645.0644855809387,16750,True,5.745434999465942,5.713447999999971
sparse,21,3021,free,gaussian,1,sigma,0.26758398887438645,0.2,33.79199443719321,-184.28561243170594,3645.0644855809387,16750,True,5.745434999465942,5.713447999999971
sparse,21,3021,free,gaussian,8,CL,2.9815093187580097,3.0,-0.6163560413996757,-175.22466782741333,2543.937483377846,18500,True,8.42517614364624,8.378974000000198
sparse,21,3021,free,gaussian,8,V,29.224666599743664,30.0,-2.584444667521121,-175.22466782741333,2543.937483377846,18500,True,8.42517614364624,8.378974000000198
sparse,21,3021,free,gaussian,8,ka,1.10633821529692,1.2,-7.805148725256673,-175.22466782741333,2543.937483377846,18500,True,8.42517614364624,8.378974000000198
sparse,21,3021,free,gaussian,8,om_CL,0.27132383471784993,0.3,-9.558721760716686,-175.22466782741333,2543.937483377846,18500,True,8.42517614364624,8.378974000000198
sparse,21,3021,free,gaussian,8,om_V,0.14880126609150474,0.2,-25.599366954247635,-175.22466782741333,2543.937483377846,18500,True,8.42517614364624,8.378974000000198
sparse,21,3021,free,gaussian,8,om_ka,0.3237206110661648,0.4,-19.06984723345881,-175.22466782741333,2543.937483377846,18500,True,8.42517614364624,8.378974000000198
sparse,21,3021,free,gaussian,8,sigma,0.23105799365359386,0.2,15.528996826796925,-175.22466782741333,2543.937483377846,18500,True,8.42517614364624,8.378974000000198
sparse,21,3021,free,gaussian,64,CL,2.9362215877953513,3.0,-2.1259470734882915,-174.45631987368296,2133.180451268215,2000,True,2.728203058242798,2.7120130000002973
sparse,21,3021,free,gaussian,64,V,29.546088089690386,30.0,-1.5130397010320469,-174.45631987368296,2133.180451268215,2000,True,2.728203058242798,2.7120130000002973
sparse,21,3021,free,gaussian,64,ka,1.1380181721524603,1.2,-5.165152320628308,-174.45631987368296,2133.180451268215,2000,True,2.728203058242798,2.7120130000002973
sparse,21,3021,free,gaussian,64,om_CL,0.27215452841183524,0.3,-9.281823862721584,-174.45631987368296,2133.180451268215,2000,True,2.728203058242798,2.7120130000002973
sparse,21,3021,free,gaussian,64,om_V,0.17888742162794108,0.2,-10.556289186029465,-174.45631987368296,2133.180451268215,2000,True,2.728203058242798,2.7120130000002973
sparse,21,3021,free,gaussian,64,om_ka,0.3705210833323907,0.4,-7.36972916690233,-174.45631987368296,2133.180451268215,2000,True,2.728203058242798,2.7120130000002973
sparse,21,3021,free,gaussian,64,sigma,0.20685006647895293,0.2,3.4250332394764604,-174.45631987368296,2133.180451268215,2000,True,2.728203058242798,2.7120130000002973
sparse,21,3021,amortized,gaussian,1,CL,2.9975257594867237,3.0,-0.0824746837758757,-184.3965748929836,3804.1921805551856,25000,False,13.158594131469727,13.079866000000038
sparse,21,3021,amortized,gaussian,1,V,28.867410905691933,30.0,-3.7752969810268886,-184.3965748929836,3804.1921805551856,25000,False,13.158594131469727,13.079866000000038
sparse,21,3021,amortized,gaussian,1,ka,1.0710613397098165,1.2,-10.744888357515284,-184.3965748929836,3804.1921805551856,25000,False,13.158594131469727,13.079866000000038
sparse,21,3021,amortized,gaussian,1,om_CL,0.2832645203574969,0.3,-5.578493214167701,-184.3965748929836,3804.1921805551856,25000,False,13.158594131469727,13.079866000000038
sparse,21,3021,amortized,gaussian,1,om_V,0.010012858357314759,0.2,-94.99357082134263,-184.3965748929836,3804.1921805551856,25000,False,13.158594131469727,13.079866000000038
sparse,21,3021,amortized,gaussian,1,om_ka,0.37465154610090606,0.4,-6.33711347477349,-184.3965748929836,3804.1921805551856,25000,False,13.158594131469727,13.079866000000038
sparse,21,3021,amortized,gaussian,1,sigma,0.26513819816019957,0.2,32.569099080099775,-184.3965748929836,3804.1921805551856,25000,False,13.158594131469727,13.079866000000038
sparse,21,3021,amortized,gaussian,8,CL,2.9406000221418043,3.0,-1.9799992619398576,-174.8097506785371,2424.639861417748,21000,True,13.519398927688599,13.435264000000188
sparse,21,3021,amortized,gaussian,8,V,29.451996463390266,30.0,-1.82667845536578,-174.8097506785371,2424.639861417748,21000,True,13.519398927688599,13.435264000000188
sparse,21,3021,amortized,gaussian,8,ka,1.1028435476578615,1.2,-8.096371028511536,-174.8097506785371,2424.639861417748,21000,True,13.519398927688599,13.435264000000188
sparse,21,3021,amortized,gaussian,8,om_CL,0.2706564498565195,0.3,-9.781183381160167,-174.8097506785371,2424.639861417748,21000,True,13.519398927688599,13.435264000000188
sparse,21,3021,amortized,gaussian,8,om_V,0.16393682314209618,0.2,-18.031588428951917,-174.8097506785371,2424.639861417748,21000,True,13.519398927688599,13.435264000000188
sparse,21,3021,amortized,gaussian,8,om_ka,0.310041476187764,0.4,-22.489630953059002,-174.8097506785371,2424.639861417748,21000,True,13.519398927688599,13.435264000000188
sparse,21,3021,amortized,gaussian,8,sigma,0.22707074320799386,0.2,13.535371603996925,-174.8097506785371,2424.639861417748,21000,True,13.519398927688599,13.435264000000188
sparse,21,3021,amortized,gaussian,64,CL,2.9579132441272553,3.0,-1.4028918624248228,-173.9472883818218,2098.2221399510363,14750,True,23.50083303451538,23.33373299999994
sparse,21,3021,amortized,gaussian,64,V,29.396250845380198,30.0,-2.0124971820660065,-173.9472883818218,2098.2221399510363,14750,True,23.50083303451538,23.33373299999994
sparse,21,3021,amortized,gaussian,64,ka,1.10999615044371,1.2,-7.500320796357504,-173.9472883818218,2098.2221399510363,14750,True,23.50083303451538,23.33373299999994
sparse,21,3021,amortized,gaussian,64,om_CL,0.2775384460267534,0.3,-7.4871846577488546,-173.9472883818218,2098.2221399510363,14750,True,23.50083303451538,23.33373299999994
sparse,21,3021,amortized,gaussian,64,om_V,0.18184664265394426,0.2,-9.076678673027873,-173.9472883818218,2098.2221399510363,14750,True,23.50083303451538,23.33373299999994
sparse,21,3021,amortized,gaussian,64,om_ka,0.36410193833982907,0.4,-8.974515415042738,-173.9472883818218,2098.2221399510363,14750,True,23.50083303451538,23.33373299999994
sparse,21,3021,amortized,gaussian,64,sigma,0.20805787188825292,0.2,4.028935944126455,-173.9472883818218,2098.2221399510363,14750,True,23.50083303451538,23.33373299999994
sparse,22,3022,free,gaussian,1,CL,3.150280440853708,3.0,5.009348028456939,-204.47237227667023,3425.3429721852503,11500,True,3.96779203414917,3.9454170000003614
sparse,22,3022,free,gaussian,1,V,29.482190682010692,30.0,-1.7260310599643585,-204.47237227667023,3425.3429721852503,11500,True,3.96779203414917,3.9454170000003614
sparse,22,3022,free,gaussian,1,ka,1.0322241538799133,1.2,-13.981320510007222,-204.47237227667023,3425.3429721852503,11500,True,3.96779203414917,3.9454170000003614
sparse,22,3022,free,gaussian,1,om_CL,0.2984182416583021,0.3,-0.5272527805659604,-204.47237227667023,3425.3429721852503,11500,True,3.96779203414917,3.9454170000003614
sparse,22,3022,free,gaussian,1,om_V,0.04406277427637001,0.2,-77.96861286181499,-204.47237227667023,3425.3429721852503,11500,True,3.96779203414917,3.9454170000003614
sparse,22,3022,free,gaussian,1,om_ka,0.24435092527392896,0.4,-38.912268681517766,-204.47237227667023,3425.3429721852503,11500,True,3.96779203414917,3.9454170000003614
sparse,22,3022,free,gaussian,1,sigma,0.29863715252670314,0.2,49.31857626335157,-204.47237227667023,3425.3429721852503,11500,True,3.96779203414917,3.9454170000003614
sparse,22,3022,free,gaussian,8,CL,3.101094739887042,3.0,3.369824662901403,-195.25626226149427,2591.261198600137,19750,True,8.995661973953247,8.945596999999907
sparse,22,3022,free,gaussian,8,V,29.630599813596746,30.0,-1.2313339546775144,-195.25626226149427,2591.261198600137,19750,True,8.995661973953247,8.945596999999907
sparse,22,3022,free,gaussian,8,ka,1.0811212284752194,1.2,-9.906564293731712,-195.25626226149427,2591.261198600137,19750,True,8.995661973953247,8.945596999999907
sparse,22,3022,free,gaussian,8,om_CL,0.2906068366300414,0.3,-3.1310544566528673,-195.25626226149427,2591.261198600137,19750,True,8.995661973953247,8.945596999999907
sparse,22,3022,free,gaussian,8,om_V,0.18050476435339471,0.2,-9.747617823302647,-195.25626226149427,2591.261198600137,19750,True,8.995661973953247,8.945596999999907
sparse,22,3022,free,gaussian,8,om_ka,0.09691343821237544,0.4,-75.77164044690615,-195.25626226149427,2591.261198600137,19750,True,8.995661973953247,8.945596999999907
sparse,22,3022,free,gaussian,8,sigma,0.2558055002330373,0.2,27.902750116518632,-195.25626226149427,2591.261198600137,19750,True,8.995661973953247,8.945596999999907
sparse,22,3022,free,gaussian,64,CL,3.1157709607245496,3.0,3.859032024151654,-194.02684582527473,2469.0038128302394,17500,True,23.521378993988037,23.394310000000132
sparse,22,3022,free,gaussian,64,V,29.50783950516921,30.0,-1.6405349827693054,-194.02684582527473,2469.0038128302394,17500,True,23.521378993988037,23.394310000000132
sparse,22,3022,free,gaussian,64,ka,1.0577699940361829,1.2,-11.852500496984756,-194.02684582527473,2469.0038128302394,17500,True,23.521378993988037,23.394310000000132
sparse,22,3022,free,gaussian,64,om_CL,0.2890317535682594,0.3,-3.6560821439135345,-194.02684582527473,2469.0038128302394,17500,True,23.521378993988037,23.394310000000132
sparse,22,3022,free,gaussian,64,om_V,0.19393734863985707,0.2,-3.0313256800714727,-194.02684582527473,2469.0038128302394,17500,True,23.521378993988037,23.394310000000132
sparse,22,3022,free,gaussian,64,om_ka,0.2280654022403886,0.4,-42.98364943990285,-194.02684582527473,2469.0038128302394,17500,True,23.521378993988037,23.394310000000132
sparse,22,3022,free,gaussian,64,sigma,0.23937215536719306,0.2,19.686077683596523,-194.02684582527473,2469.0038128302394,17500,True,23.521378993988037,23.394310000000132
sparse,22,3022,amortized,gaussian,1,CL,3.183027369058126,3.0,6.100912301937529,-204.52245584781366,2830.8850583529784,25000,False,13.069138050079346,13.003173999999944
sparse,22,3022,amortized,gaussian,1,V,29.618015839738007,30.0,-1.2732805342066438,-204.52245584781366,2830.8850583529784,25000,False,13.069138050079346,13.003173999999944
sparse,22,3022,amortized,gaussian,1,ka,1.0728965755612916,1.2,-10.59195203655903,-204.52245584781366,2830.8850583529784,25000,False,13.069138050079346,13.003173999999944
sparse,22,3022,amortized,gaussian,1,om_CL,0.2848327387805218,0.3,-5.055753739826067,-204.52245584781366,2830.8850583529784,25000,False,13.069138050079346,13.003173999999944
sparse,22,3022,amortized,gaussian,1,om_V,0.05800129468892206,0.2,-70.99935265553897,-204.52245584781366,2830.8850583529784,25000,False,13.069138050079346,13.003173999999944
sparse,22,3022,amortized,gaussian,1,om_ka,0.11406943977071762,0.4,-71.4826400573206,-204.52245584781366,2830.8850583529784,25000,False,13.069138050079346,13.003173999999944
sparse,22,3022,amortized,gaussian,1,sigma,0.29915531555743635,0.2,49.57765777871817,-204.52245584781366,2830.8850583529784,25000,False,13.069138050079346,13.003173999999944
sparse,22,3022,amortized,gaussian,8,CL,3.081468002067826,3.0,2.7156000689275337,-194.9939793590866,2651.3589637094005,16750,True,10.79522705078125,10.735137000000122
sparse,22,3022,amortized,gaussian,8,V,29.512418862736272,30.0,-1.62527045754576,-194.9939793590866,2651.3589637094005,16750,True,10.79522705078125,10.735137000000122
sparse,22,3022,amortized,gaussian,8,ka,1.07520066887287,1.2,-10.39994426059417,-194.9939793590866,2651.3589637094005,16750,True,10.79522705078125,10.735137000000122
sparse,22,3022,amortized,gaussian,8,om_CL,0.2891148363604228,0.3,-3.628387879859067,-194.9939793590866,2651.3589637094005,16750,True,10.79522705078125,10.735137000000122
sparse,22,3022,amortized,gaussian,8,om_V,0.16738497419549367,0.2,-16.30751290225317,-194.9939793590866,2651.3589637094005,16750,True,10.79522705078125,10.735137000000122
sparse,22,3022,amortized,gaussian,8,om_ka,0.2116361486689237,0.4,-47.09096283276908,-194.9939793590866,2651.3589637094005,16750,True,10.79522705078125,10.735137000000122
sparse,22,3022,amortized,gaussian,8,sigma,0.2520487758817853,0.2,26.02438794089265,-194.9939793590866,2651.3589637094005,16750,True,10.79522705078125,10.735137000000122
sparse,22,3022,amortized,gaussian,64,CL,3.13217794849916,3.0,4.40593161663867,-194.05611081349906,2469.9751887966295,20000,True,31.590682983398438,31.434275999999954
sparse,22,3022,amortized,gaussian,64,V,29.39638142247641,30.0,-2.0120619250786356,-194.05611081349906,2469.9751887966295,20000,True,31.590682983398438,31.434275999999954
sparse,22,3022,amortized,gaussian,64,ka,1.063952308528957,1.2,-11.337307622586907,-194.05611081349906,2469.9751887966295,20000,True,31.590682983398438,31.434275999999954
sparse,22,3022,amortized,gaussian,64,om_CL,0.28652738250871257,0.3,-4.490872497095807,-194.05611081349906,2469.9751887966295,20000,True,31.590682983398438,31.434275999999954
sparse,22,3022,amortized,gaussian,64,om_V,0.192010879396743,0.2,-3.994560301628508,-194.05611081349906,2469.9751887966295,20000,True,31.590682983398438,31.434275999999954
sparse,22,3022,amortized,gaussian,64,om_ka,0.22925227364034492,0.4,-42.68693158991377,-194.05611081349906,2469.9751887966295,20000,True,31.590682983398438,31.434275999999954
sparse,22,3022,amortized,gaussian,64,sigma,0.2409031165804697,0.2,20.451558290234843,-194.05611081349906,2469.9751887966295,20000,True,31.590682983398438,31.434275999999954
sparse,23,3023,free,gaussian,1,CL,2.9143833162925254,3.0,-2.853889456915818,-222.1825033287633,3574.4106754374175,22750,True,7.799163818359375,7.75367899999992
sparse,23,3023,free,gaussian,1,V,28.850610402410418,30.0,-3.8312986586319417,-222.1825033287633,3574.4106754374175,22750,True,7.799163818359375,7.75367899999992
sparse,23,3023,free,gaussian,1,ka,1.0606664329184812,1.2,-11.611130590126566,-222.1825033287633,3574.4106754374175,22750,True,7.799163818359375,7.75367899999992
sparse,23,3023,free,gaussian,1,om_CL,0.3087640860399138,0.3,2.9213620133046,-222.1825033287633,3574.4106754374175,22750,True,7.799163818359375,7.75367899999992
sparse,23,3023,free,gaussian,1,om_V,0.020307577840376175,0.2,-89.84621107981191,-222.1825033287633,3574.4106754374175,22750,True,7.799163818359375,7.75367899999992
sparse,23,3023,free,gaussian,1,om_ka,0.5008660549117353,0.4,25.216513727933823,-222.1825033287633,3574.4106754374175,22750,True,7.799163818359375,7.75367899999992
sparse,23,3023,free,gaussian,1,sigma,0.28491729691763806,0.2,42.45864845881902,-222.1825033287633,3574.4106754374175,22750,True,7.799163818359375,7.75367899999992
sparse,23,3023,free,gaussian,8,CL,2.942899793426598,3.0,-1.903340219113403,-207.49512994404174,2066.7427396817648,21000,True,9.552283763885498,9.499389000000065
sparse,23,3023,free,gaussian,8,V,29.936675055411094,30.0,-0.21108314862968788,-207.49512994404174,2066.7427396817648,21000,True,9.552283763885498,9.499389000000065
sparse,23,3023,free,gaussian,8,ka,1.1275610437762755,1.2,-6.036579685310369,-207.49512994404174,2066.7427396817648,21000,True,9.552283763885498,9.499389000000065
sparse,23,3023,free,gaussian,8,om_CL,0.3021881763589762,0.3,0.7293921196587413,-207.49512994404174,2066.7427396817648,21000,True,9.552283763885498,9.499389000000065
sparse,23,3023,free,gaussian,8,om_V,0.22068797836559223,0.2,10.34398918279611,-207.49512994404174,2066.7427396817648,21000,True,9.552283763885498,9.499389000000065
sparse,23,3023,free,gaussian,8,om_ka,0.34609551089179524,0.4,-13.476122277051195,-207.49512994404174,2066.7427396817648,21000,True,9.552283763885498,9.499389000000065
sparse,23,3023,free,gaussian,8,sigma,0.22934765537917265,0.2,14.673827689586318,-207.49512994404174,2066.7427396817648,21000,True,9.552283763885498,9.499389000000065
sparse,23,3023,free,gaussian,64,CL,2.9104125682605453,3.0,-2.9862477246484906,-206.32818966286794,1897.1903454940034,5250,True,7.070424795150757,7.037587000000258
sparse,23,3023,free,gaussian,64,V,29.376971605394008,30.0,-2.076761315353307,-206.32818966286794,1897.1903454940034,5250,True,7.070424795150757,7.037587000000258
sparse,23,3023,free,gaussian,64,ka,1.156523925814049,1.2,-3.6230061821625843,-206.32818966286794,1897.1903454940034,5250,True,7.070424795150757,7.037587000000258
sparse,23,3023,free,gaussian,64,om_CL,0.30375140244147647,0.3,1.2504674804921605,-206.32818966286794,1897.1903454940034,5250,True,7.070424795150757,7.037587000000258
sparse,23,3023,free,gaussian,64,om_V,0.23624231118418468,0.2,18.121155592092332,-206.32818966286794,1897.1903454940034,5250,True,7.070424795150757,7.037587000000258
sparse,23,3023,free,gaussian,64,om_ka,0.43925837096029213,0.4,9.814592740073026,-206.32818966286794,1897.1903454940034,5250,True,7.070424795150757,7.037587000000258
sparse,23,3023,free,gaussian,64,sigma,0.21253378508574183,0.2,6.26689254287091,-206.32818966286794,1897.1903454940034,5250,True,7.070424795150757,7.037587000000258
sparse,23,3023,amortized,gaussian,1,CL,2.8941005104809348,3.0,-3.5299829839688415,-222.89491592816495,3539.6690741923035,19250,True,10.126136064529419,10.06128200000012
sparse,23,3023,amortized,gaussian,1,V,28.70360082420515,30.0,-4.321330585982833,-222.89491592816495,3539.6690741923035,19250,True,10.126136064529419,10.06128200000012
sparse,23,3023,amortized,gaussian,1,ka,1.0724954519430483,1.2,-10.625379004745973,-222.89491592816495,3539.6690741923035,19250,True,10.126136064529419,10.06128200000012
sparse,23,3023,amortized,gaussian,1,om_CL,0.30949784515924256,0.3,3.1659483864141897,-222.89491592816495,3539.6690741923035,19250,True,10.126136064529419,10.06128200000012
sparse,23,3023,amortized,gaussian,1,om_V,0.01352725862202656,0.2,-93.23637068898672,-222.89491592816495,3539.6690741923035,19250,True,10.126136064529419,10.06128200000012
sparse,23,3023,amortized,gaussian,1,om_ka,0.47476129336683515,0.4,18.69032334170878,-222.89491592816495,3539.6690741923035,19250,True,10.126136064529419,10.06128200000012
sparse,23,3023,amortized,gaussian,1,sigma,0.28696773600444403,0.2,43.48386800222201,-222.89491592816495,3539.6690741923035,19250,True,10.126136064529419,10.06128200000012
sparse,23,3023,amortized,gaussian,8,CL,3.0284636134195346,3.0,0.9487871139844876,-209.2992741164672,2263.829513933918,14250,True,9.140709161758423,9.09650099999999
sparse,23,3023,amortized,gaussian,8,V,30.00581886020221,30.0,0.0193962006740378,-209.2992741164672,2263.829513933918,14250,True,9.140709161758423,9.09650099999999
sparse,23,3023,amortized,gaussian,8,ka,1.0992426379213185,1.2,-8.396446839890123,-209.2992741164672,2263.829513933918,14250,True,9.140709161758423,9.09650099999999
sparse,23,3023,amortized,gaussian,8,om_CL,0.30327640050847127,0.3,1.0921335028237593,-209.2992741164672,2263.829513933918,14250,True,9.140709161758423,9.09650099999999
sparse,23,3023,amortized,gaussian,8,om_V,0.22147190230521635,0.2,10.73595115260817,-209.2992741164672,2263.829513933918,14250,True,9.140709161758423,9.09650099999999
sparse,23,3023,amortized,gaussian,8,om_ka,0.30132553068935763,0.4,-24.668617327660595,-209.2992741164672,2263.829513933918,14250,True,9.140709161758423,9.09650099999999
sparse,23,3023,amortized,gaussian,8,sigma,0.24777523198006532,0.2,23.887615990032653,-209.2992741164672,2263.829513933918,14250,True,9.140709161758423,9.09650099999999
sparse,23,3023,amortized,gaussian,64,CL,2.898064839891357,3.0,-3.3978386702880967,-206.66060241759413,1824.3724316675582,15750,True,24.881697177886963,24.75450499999988
sparse,23,3023,amortized,gaussian,64,V,30.37330329601004,30.0,1.2443443200334652,-206.66060241759413,1824.3724316675582,15750,True,24.881697177886963,24.75450499999988
sparse,23,3023,amortized,gaussian,64,ka,1.1291345878457844,1.2,-5.905451012851301,-206.66060241759413,1824.3724316675582,15750,True,24.881697177886963,24.75450499999988
sparse,23,3023,amortized,gaussian,64,om_CL,0.3098911860547792,0.3,3.2970620182597443,-206.66060241759413,1824.3724316675582,15750,True,24.881697177886963,24.75450499999988
sparse,23,3023,amortized,gaussian,64,om_V,0.23778438543490277,0.2,18.892192717451376,-206.66060241759413,1824.3724316675582,15750,True,24.881697177886963,24.75450499999988
sparse,23,3023,amortized,gaussian,64,om_ka,0.4460196777691713,0.4,11.504919442292815,-206.66060241759413,1824.3724316675582,15750,True,24.881697177886963,24.75450499999988
sparse,23,3023,amortized,gaussian,64,sigma,0.20689700118693816,0.2,3.4485005934690727,-206.66060241759413,1824.3724316675582,15750,True,24.881697177886963,24.75450499999988
sparse,24,3024,free,gaussian,1,CL,2.9965879919951472,3.0,-0.11373360016175837,-194.4625938132097,3560.6487964464536,18500,True,6.32834529876709,6.298124000000371
sparse,24,3024,free,gaussian,1,V,30.908941772723516,30.0,3.029805909078386,-194.4625938132097,3560.6487964464536,18500,True,6.32834529876709,6.298124000000371
sparse,24,3024,free,gaussian,1,ka,1.1336901327827513,1.2,-5.5258222681040525,-194.4625938132097,3560.6487964464536,18500,True,6.32834529876709,6.298124000000371
sparse,24,3024,free,gaussian,1,om_CL,0.31633022114833304,0.3,5.443407049444349,-194.4625938132097,3560.6487964464536,18500,True,6.32834529876709,6.298124000000371
sparse,24,3024,free,gaussian,1,om_V,0.02243331526787508,0.2,-88.78334236606247,-194.4625938132097,3560.6487964464536,18500,True,6.32834529876709,6.298124000000371
sparse,24,3024,free,gaussian,1,om_ka,0.4805603928366206,0.4,20.14009820915515,-194.4625938132097,3560.6487964464536,18500,True,6.32834529876709,6.298124000000371
sparse,24,3024,free,gaussian,1,sigma,0.25540363861638515,0.2,27.701819308192572,-194.4625938132097,3560.6487964464536,18500,True,6.32834529876709,6.298124000000371
sparse,24,3024,free,gaussian,8,CL,3.005568765227305,3.0,0.18562550757682908,-181.11275541283533,1970.8230571805693,17750,True,8.083730220794678,8.02893099999983
sparse,24,3024,free,gaussian,8,V,32.06368243394392,30.0,6.8789414464797245,-181.11275541283533,1970.8230571805693,17750,True,8.083730220794678,8.02893099999983
sparse,24,3024,free,gaussian,8,ka,1.1795756487314975,1.2,-1.7020292723752088,-181.11275541283533,1970.8230571805693,17750,True,8.083730220794678,8.02893099999983
sparse,24,3024,free,gaussian,8,om_CL,0.32321696465676136,0.3,7.738988218920459,-181.11275541283533,1970.8230571805693,17750,True,8.083730220794678,8.02893099999983
sparse,24,3024,free,gaussian,8,om_V,0.20877495385822228,0.2,4.387476929111136,-181.11275541283533,1970.8230571805693,17750,True,8.083730220794678,8.02893099999983
sparse,24,3024,free,gaussian,8,om_ka,0.3257426670526157,0.4,-18.564333236846085,-181.11275541283533,1970.8230571805693,17750,True,8.083730220794678,8.02893099999983
sparse,24,3024,free,gaussian,8,sigma,0.19782712833143573,0.2,-1.08643583428214,-181.11275541283533,1970.8230571805693,17750,True,8.083730220794678,8.02893099999983
sparse,24,3024,free,gaussian,64,CL,2.9466012197634996,3.0,-1.7799593412166785,-180.66332752437464,1923.6430577846832,8250,True,11.088011026382446,11.031205999999656
sparse,24,3024,free,gaussian,64,V,32.008298517828905,30.0,6.694328392763016,-180.66332752437464,1923.6430577846832,8250,True,11.088011026382446,11.031205999999656
sparse,24,3024,free,gaussian,64,ka,1.2000388435012215,1.2,0.0032369584351266134,-180.66332752437464,1923.6430577846832,8250,True,11.088011026382446,11.031205999999656
sparse,24,3024,free,gaussian,64,om_CL,0.32737393024605693,0.3,9.124643415352315,-180.66332752437464,1923.6430577846832,8250,True,11.088011026382446,11.031205999999656
sparse,24,3024,free,gaussian,64,om_V,0.21265074893252484,0.2,6.325374466262412,-180.66332752437464,1923.6430577846832,8250,True,11.088011026382446,11.031205999999656
sparse,24,3024,free,gaussian,64,om_ka,0.41806943096032184,0.4,4.517357740080454,-180.66332752437464,1923.6430577846832,8250,True,11.088011026382446,11.031205999999656
sparse,24,3024,free,gaussian,64,sigma,0.1874824813976823,0.2,-6.25875930115885,-180.66332752437464,1923.6430577846832,8250,True,11.088011026382446,11.031205999999656
sparse,24,3024,amortized,gaussian,1,CL,3.057045534756542,3.0,1.9015178252180724,-194.54157324260842,3465.2721485876555,22500,True,11.832393884658813,11.754628999999568
sparse,24,3024,amortized,gaussian,1,V,30.647881891661733,30.0,2.1596063055391093,-194.54157324260842,3465.2721485876555,22500,True,11.832393884658813,11.754628999999568
sparse,24,3024,amortized,gaussian,1,ka,1.1393369731110086,1.2,-5.055252240749283,-194.54157324260842,3465.2721485876555,22500,True,11.832393884658813,11.754628999999568
sparse,24,3024,amortized,gaussian,1,om_CL,0.3098516047504581,0.3,3.2838682501526995,-194.54157324260842,3465.2721485876555,22500,True,11.832393884658813,11.754628999999568
sparse,24,3024,amortized,gaussian,1,om_V,0.030805604056395687,0.2,-84.59719797180216,-194.54157324260842,3465.2721485876555,22500,True,11.832393884658813,11.754628999999568
sparse,24,3024,amortized,gaussian,1,om_ka,0.4613200169664423,0.4,15.330004241610572,-194.54157324260842,3465.2721485876555,22500,True,11.832393884658813,11.754628999999568
sparse,24,3024,amortized,gaussian,1,sigma,0.25991318498878824,0.2,29.956592494394112,-194.54157324260842,3465.2721485876555,22500,True,11.832393884658813,11.754628999999568
sparse,24,3024,amortized,gaussian,8,CL,2.938828659118513,3.0,-2.0390446960495634,-182.63128142631018,2293.2325359792535,15250,True,9.772531986236572,9.723864000000049
sparse,24,3024,amortized,gaussian,8,V,31.68478977976054,30.0,5.61596593253513,-182.63128142631018,2293.2325359792535,15250,True,9.772531986236572,9.723864000000049
sparse,24,3024,amortized,gaussian,8,ka,1.203308645700928,1.2,0.27572047507734565,-182.63128142631018,2293.2325359792535,15250,True,9.772531986236572,9.723864000000049
sparse,24,3024,amortized,gaussian,8,om_CL,0.32163865475363307,0.3,7.212884917877695,-182.63128142631018,2293.2325359792535,15250,True,9.772531986236572,9.723864000000049
sparse,24,3024,amortized,gaussian,8,om_V,0.19983092881039058,0.2,-0.08453559480471606,-182.63128142631018,2293.2325359792535,15250,True,9.772531986236572,9.723864000000049
sparse,24,3024,amortized,gaussian,8,om_ka,0.2839168861292874,0.4,-29.020778467678156,-182.63128142631018,2293.2325359792535,15250,True,9.772531986236572,9.723864000000049
sparse,24,3024,amortized,gaussian,8,sigma,0.21539327875853104,0.2,7.696639379265513,-182.63128142631018,2293.2325359792535,15250,True,9.772531986236572,9.723864000000049
sparse,24,3024,amortized,gaussian,64,CL,2.996160683048489,3.0,-0.1279772317170321,-180.1488350982749,1916.3958901142332,22500,True,35.556641817092896,35.35961300000008
sparse,24,3024,amortized,gaussian,64,V,32.13848312035374,30.0,7.128277067845801,-180.1488350982749,1916.3958901142332,22500,True,35.556641817092896,35.35961300000008
sparse,24,3024,amortized,gaussian,64,ka,1.2038573525262453,1.2,0.3214460438537755,-180.1488350982749,1916.3958901142332,22500,True,35.556641817092896,35.35961300000008
sparse,24,3024,amortized,gaussian,64,om_CL,0.3242632181244063,0.3,8.087739374802098,-180.1488350982749,1916.3958901142332,22500,True,35.556641817092896,35.35961300000008
sparse,24,3024,amortized,gaussian,64,om_V,0.21372919533841403,0.2,6.864597669207009,-180.1488350982749,1916.3958901142332,22500,True,35.556641817092896,35.35961300000008
sparse,24,3024,amortized,gaussian,64,om_ka,0.39040999944289834,0.4,-2.3975001392754214,-180.1488350982749,1916.3958901142332,22500,True,35.556641817092896,35.35961300000008
sparse,24,3024,amortized,gaussian,64,sigma,0.18509777125231364,0.2,-7.451114373843187,-180.1488350982749,1916.3958901142332,22500,True,35.556641817092896,35.35961300000008
sparse,25,3025,free,gaussian,1,CL,2.978340138286241,3.0,-0.721995390458637,-199.7620422489033,3795.235931579745,24000,True,8.215137958526611,8.172536000000036
sparse,25,3025,free,gaussian,1,V,29.14231066816327,30.0,-2.8589644394557703,-199.7620422489033,3795.235931579745,24000,True,8.215137958526611,8.172536000000036
sparse,25,3025,free,gaussian,1,ka,1.0785700823062538,1.2,-10.119159807812176,-199.7620422489033,3795.235931579745,24000,True,8.215137958526611,8.172536000000036
sparse,25,3025,free,gaussian,1,om_CL,0.28567987326206606,0.3,-4.773375579311309,-199.7620422489033,3795.235931579745,24000,True,8.215137958526611,8.172536000000036
sparse,25,3025,free,gaussian,1,om_V,0.02364912296469262,0.2,-88.17543851765369,-199.7620422489033,3795.235931579745,24000,True,8.215137958526611,8.172536000000036
sparse,25,3025,free,gaussian,1,om_ka,0.3050074948698727,0.4,-23.748126282531825,-199.7620422489033,3795.235931579745,24000,True,8.215137958526611,8.172536000000036
sparse,25,3025,free,gaussian,1,sigma,0.2945582239936625,0.2,47.27911199683124,-199.7620422489033,3795.235931579745,24000,True,8.215137958526611,8.172536000000036
sparse,25,3025,free,gaussian,8,CL,2.9413884112806583,3.0,-1.9537196239780563,-187.598394719037,2581.675279328313,21750,True,9.886735916137695,9.83010699999977
sparse,25,3025,free,gaussian,8,V,29.679164137202314,30.0,-1.0694528759922879,-187.598394719037,2581.675279328313,21750,True,9.886735916137695,9.83010699999977
sparse,25,3025,free,gaussian,8,ka,1.0966498717172044,1.2,-8.612510690232964,-187.598394719037,2581.675279328313,21750,True,9.886735916137695,9.83010699999977
sparse,25,3025,free,gaussian,8,om_CL,0.2768135654427581,0.3,-7.728811519080633,-187.598394719037,2581.675279328313,21750,True,9.886735916137695,9.83010699999977
sparse,25,3025,free,gaussian,8,om_V,0.19347887215511056,0.2,-3.260563922444726,-187.598394719037,2581.675279328313,21750,True,9.886735916137695,9.83010699999977
sparse,25,3025,free,gaussian,8,om_ka,0.183062362200512,0.4,-54.234409449872004,-187.598394719037,2581.675279328313,21750,True,9.886735916137695,9.83010699999977
sparse,25,3025,free,gaussian,8,sigma,0.24692840418758058,0.2,23.464202093790284,-187.598394719037,2581.675279328313,21750,True,9.886735916137695,9.83010699999977
sparse,25,3025,free,gaussian,64,CL,2.9415780827800644,3.0,-1.9473972406645206,-186.54722011310298,2280.837421031892,15750,True,21.24600100517273,21.09848199999942
sparse,25,3025,free,gaussian,64,V,29.474944565748363,30.0,-1.7501847808387911,-186.54722011310298,2280.837421031892,15750,True,21.24600100517273,21.09848199999942
sparse,25,3025,free,gaussian,64,ka,1.1034503571407293,1.2,-8.045803571605893,-186.54722011310298,2280.837421031892,15750,True,21.24600100517273,21.09848199999942
sparse,25,3025,free,gaussian,64,om_CL,0.28346768682789053,0.3,-5.51077105736982,-186.54722011310298,2280.837421031892,15750,True,21.24600100517273,21.09848199999942
sparse,25,3025,free,gaussian,64,om_V,0.21075006881019967,0.2,5.3750344050998295,-186.54722011310298,2280.837421031892,15750,True,21.24600100517273,21.09848199999942
sparse,25,3025,free,gaussian,64,om_ka,0.3004872508233295,0.4,-24.87818729416763,-186.54722011310298,2280.837421031892,15750,True,21.24600100517273,21.09848199999942
sparse,25,3025,free,gaussian,64,sigma,0.22114960258605676,0.2,10.574801293028372,-186.54722011310298,2280.837421031892,15750,True,21.24600100517273,21.09848199999942
sparse,25,3025,amortized,gaussian,1,CL,2.9306901616102072,3.0,-2.3103279463264257,-200.09140738242493,3803.193028801258,23750,True,12.431756973266602,12.35613100000046
sparse,25,3025,amortized,gaussian,1,V,28.615339613901522,30.0,-4.615534620328259,-200.09140738242493,3803.193028801258,23750,True,12.431756973266602,12.35613100000046
sparse,25,3025,amortized,gaussian,1,ka,1.090790872409641,1.2,-9.100760632529921,-200.09140738242493,3803.193028801258,23750,True,12.431756973266602,12.35613100000046
sparse,25,3025,amortized,gaussian,1,om_CL,0.2845014099302986,0.3,-5.166196689900463,-200.09140738242493,3803.193028801258,23750,True,12.431756973266602,12.35613100000046
sparse,25,3025,amortized,gaussian,1,om_V,0.01585272980546148,0.2,-92.07363509726926,-200.09140738242493,3803.193028801258,23750,True,12.431756973266602,12.35613100000046
sparse,25,3025,amortized,gaussian,1,om_ka,0.33994857154456,0.4,-15.01285711386001,-200.09140738242493,3803.193028801258,23750,True,12.431756973266602,12.35613100000046
sparse,25,3025,amortized,gaussian,1,sigma,0.29286103691440635,0.2,46.43051845720316,-200.09140738242493,3803.193028801258,23750,True,12.431756973266602,12.35613100000046
sparse,25,3025,amortized,gaussian,8,CL,2.9364763398659566,3.0,-2.1174553378014473,-188.70036270568545,2659.71418576465,17500,True,11.232300996780396,11.167662000000746
sparse,25,3025,amortized,gaussian,8,V,29.369229176217484,30.0,-2.102569412608387,-188.70036270568545,2659.71418576465,17500,True,11.232300996780396,11.167662000000746
sparse,25,3025,amortized,gaussian,8,ka,1.132488797072005,1.2,-5.625933577332913,-188.70036270568545,2659.71418576465,17500,True,11.232300996780396,11.167662000000746
sparse,25,3025,amortized,gaussian,8,om_CL,0.2720896630578923,0.3,-9.303445647369236,-188.70036270568545,2659.71418576465,17500,True,11.232300996780396,11.167662000000746
sparse,25,3025,amortized,gaussian,8,om_V,0.1809237465544768,0.2,-9.538126722761607,-188.70036270568545,2659.71418576465,17500,True,11.232300996780396,11.167662000000746
sparse,25,3025,amortized,gaussian,8,om_ka,0.16412030944323214,0.4,-58.969922639191964,-188.70036270568545,2659.71418576465,17500,True,11.232300996780396,11.167662000000746
sparse,25,3025,amortized,gaussian,8,sigma,0.2575690006440247,0.2,28.784500322012352,-188.70036270568545,2659.71418576465,17500,True,11.232300996780396,11.167662000000746
sparse,25,3025,amortized,gaussian,64,CL,2.9132759389793774,3.0,-2.8908020340207528,-186.13809962378167,2263.9389179852046,17500,True,27.740293979644775,27.574281000000155
sparse,25,3025,amortized,gaussian,64,V,29.513333568062983,30.0,-1.6222214397900576,-186.13809962378167,2263.9389179852046,17500,True,27.740293979644775,27.574281000000155
sparse,25,3025,amortized,gaussian,64,ka,1.1172981566062778,1.2,-6.891820282810176,-186.13809962378167,2263.9389179852046,17500,True,27.740293979644775,27.574281000000155
sparse,25,3025,amortized,gaussian,64,om_CL,0.28704045838859377,0.3,-4.319847203802074,-186.13809962378167,2263.9389179852046,17500,True,27.740293979644775,27.574281000000155
sparse,25,3025,amortized,gaussian,64,om_V,0.21482435039379483,0.2,7.412175196897408,-186.13809962378167,2263.9389179852046,17500,True,27.740293979644775,27.574281000000155
sparse,25,3025,amortized,gaussian,64,om_ka,0.3020300555402914,0.4,-24.492486114927157,-186.13809962378167,2263.9389179852046,17500,True,27.740293979644775,27.574281000000155
sparse,25,3025,amortized,gaussian,64,sigma,0.2217283212564159,0.2,10.86416062820794,-186.13809962378167,2263.9389179852046,17500,True,27.740293979644775,27.574281000000155
sparse,26,3026,free,gaussian,1,CL,2.991211769685124,3.0,-0.29294101049586924,-185.37909166251748,3613.624833266899,18250,True,6.358108282089233,6.275548999999955
sparse,26,3026,free,gaussian,1,V,28.08412999140807,30.0,-6.386233361973102,-185.37909166251748,3613.624833266899,18250,True,6.358108282089233,6.275548999999955
sparse,26,3026,free,gaussian,1,ka,1.1829378788045037,1.2,-1.421843432958018,-185.37909166251748,3613.624833266899,18250,True,6.358108282089233,6.275548999999955
sparse,26,3026,free,gaussian,1,om_CL,0.2975138401694911,0.3,-0.8287199435029573,-185.37909166251748,3613.624833266899,18250,True,6.358108282089233,6.275548999999955
sparse,26,3026,free,gaussian,1,om_V,0.021751101566932645,0.2,-89.12444921653369,-185.37909166251748,3613.624833266899,18250,True,6.358108282089233,6.275548999999955
sparse,26,3026,free,gaussian,1,om_ka,0.40535926333462124,0.4,1.3398158336553057,-185.37909166251748,3613.624833266899,18250,True,6.358108282089233,6.275548999999955
sparse,26,3026,free,gaussian,1,sigma,0.25712650577103563,0.2,28.563252885517805,-185.37909166251748,3613.624833266899,18250,True,6.358108282089233,6.275548999999955
sparse,26,3026,free,gaussian,8,CL,2.962238061798815,3.0,-1.25873127337283,-177.435055455611,2286.616654570282,18500,True,8.411890983581543,8.364840000000186
sparse,26,3026,free,gaussian,8,V,27.844966384692874,30.0,-7.183445384357086,-177.435055455611,2286.616654570282,18500,True,8.411890983581543,8.364840000000186
sparse,26,3026,free,gaussian,8,ka,1.1931214448142857,1.2,-0.5732129321428525,-177.435055455611,2286.616654570282,18500,True,8.411890983581543,8.364840000000186
sparse,26,3026,free,gaussian,8,om_CL,0.2861045721309328,0.3,-4.631809289689056,-177.435055455611,2286.616654570282,18500,True,8.411890983581543,8.364840000000186
sparse,26,3026,free,gaussian,8,om_V,0.14891585066928276,0.2,-25.542074665358626,-177.435055455611,2286.616654570282,18500,True,8.411890983581543,8.364840000000186
sparse,26,3026,free,gaussian,8,om_ka,0.3502645337975397,0.4,-12.433866550615083,-177.435055455611,2286.616654570282,18500,True,8.411890983581543,8.364840000000186
sparse,26,3026,free,gaussian,8,sigma,0.22228789515015326,0.2,11.143947575076627,-177.435055455611,2286.616654570282,18500,True,8.411890983581543,8.364840000000186
sparse,26,3026,free,gaussian,64,CL,2.9191762619009385,3.0,-2.6941246033020505,-175.56466878101642,2170.183102819642,9750,True,13.137731075286865,13.061725999999908
sparse,26,3026,free,gaussian,64,V,28.38017403692541,30.0,-5.399419876915299,-175.56466878101642,2170.183102819642,9750,True,13.137731075286865,13.061725999999908
sparse,26,3026,free,gaussian,64,ka,1.2163438139359881,1.2,1.36198449466568,-175.56466878101642,2170.183102819642,9750,True,13.137731075286865,13.061725999999908
sparse,26,3026,free,gaussian,64,om_CL,0.2820060864155249,0.3,-5.997971194825036,-175.56466878101642,2170.183102819642,9750,True,13.137731075286865,13.061725999999908
sparse,26,3026,free,gaussian,64,om_V,0.17704499345650132,0.2,-11.477503271749345,-175.56466878101642,2170.183102819642,9750,True,13.137731075286865,13.061725999999908
sparse,26,3026,free,gaussian,64,om_ka,0.3829067600183882,0.4,-4.273309995402957,-175.56466878101642,2170.183102819642,9750,True,13.137731075286865,13.061725999999908
sparse,26,3026,free,gaussian,64,sigma,0.21161907165918653,0.2,5.809535829593259,-175.56466878101642,2170.183102819642,9750,True,13.137731075286865,13.061725999999908
sparse,26,3026,amortized,gaussian,1,CL,3.035790676927193,3.0,1.1930225642397652,-189.60770759204956,2049.7782487267814,24500,True,12.857932806015015,12.760031000000708
sparse,26,3026,amortized,gaussian,1,V,29.353326578970158,30.0,-2.155578070099473,-189.60770759204956,2049.7782487267814,24500,True,12.857932806015015,12.760031000000708
sparse,26,3026,amortized,gaussian,1,ka,1.155299419886851,1.2,-3.72504834276242,-189.60770759204956,2049.7782487267814,24500,True,12.857932806015015,12.760031000000708
sparse,26,3026,amortized,gaussian,1,om_CL,0.2826634629233201,0.3,-5.778845692226623,-189.60770759204956,2049.7782487267814,24500,True,12.857932806015015,12.760031000000708
sparse,26,3026,amortized,gaussian,1,om_V,0.04807858216798831,0.2,-75.96070891600584,-189.60770759204956,2049.7782487267814,24500,True,12.857932806015015,12.760031000000708
sparse,26,3026,amortized,gaussian,1,om_ka,0.24206638103176592,0.4,-39.48340474205852,-189.60770759204956,2049.7782487267814,24500,True,12.857932806015015,12.760031000000708
sparse,26,3026,amortized,gaussian,1,sigma,0.29664427010911926,0.2,48.322135054559624,-189.60770759204956,2049.7782487267814,24500,True,12.857932806015015,12.760031000000708
sparse,26,3026,amortized,gaussian,8,CL,2.938193373310156,3.0,-2.0602208896614607,-177.73119658616272,2361.318844715859,17500,True,11.257739067077637,11.192340999999942
sparse,26,3026,amortized,gaussian,8,V,28.35492028396428,30.0,-5.483599053452402,-177.73119658616272,2361.318844715859,17500,True,11.257739067077637,11.192340999999942
sparse,26,3026,amortized,gaussian,8,ka,1.2297272885475152,1.2,2.477274045626273,-177.73119658616272,2361.318844715859,17500,True,11.257739067077637,11.192340999999942
sparse,26,3026,amortized,gaussian,8,om_CL,0.28394646722347877,0.3,-5.351177592173739,-177.73119658616272,2361.318844715859,17500,True,11.257739067077637,11.192340999999942
sparse,26,3026,amortized,gaussian,8,om_V,0.1333980453143783,0.2,-33.30097734281086,-177.73119658616272,2361.318844715859,17500,True,11.257739067077637,11.192340999999942
sparse,26,3026,amortized,gaussian,8,om_ka,0.41161820941763183,0.4,2.904552354407952,-177.73119658616272,2361.318844715859,17500,True,11.257739067077637,11.192340999999942
sparse,26,3026,amortized,gaussian,8,sigma,0.22325550095900923,0.2,11.627750479504607,-177.73119658616272,2361.318844715859,17500,True,11.257739067077637,11.192340999999942
sparse,26,3026,amortized,gaussian,64,CL,2.9803260023646256,3.0,-0.6557999211791454,-175.58371121040892,2004.5708220529543,15500,True,24.757802963256836,24.580810999999812
sparse,26,3026,amortized,gaussian,64,V,28.24227750819254,30.0,-5.859074972691532,-175.58371121040892,2004.5708220529543,15500,True,24.757802963256836,24.580810999999812
sparse,26,3026,amortized,gaussian,64,ka,1.2230732707974978,1.2,1.9227725664581568,-175.58371121040892,2004.5708220529543,15500,True,24.757802963256836,24.580810999999812
sparse,26,3026,amortized,gaussian,64,om_CL,0.28060793399336376,0.3,-6.464022002212078,-175.58371121040892,2004.5708220529543,15500,True,24.757802963256836,24.580810999999812
sparse,26,3026,amortized,gaussian,64,om_V,0.17701789846799462,0.2,-11.491050766002694,-175.58371121040892,2004.5708220529543,15500,True,24.757802963256836,24.580810999999812
sparse,26,3026,amortized,gaussian,64,om_ka,0.41205837218751634,0.4,3.01459304687908,-175.58371121040892,2004.5708220529543,15500,True,24.757802963256836,24.580810999999812
sparse,26,3026,amortized,gaussian,64,sigma,0.2060837068549964,0.2,3.0418534274982005,-175.58371121040892,2004.5708220529543,15500,True,24.757802963256836,24.580810999999812
sparse,27,3027,free,gaussian,1,CL,3.105493994164902,3.0,3.5164664721634007,-209.51898424387284,3405.05406399015,23750,True,8.110610008239746,8.068427999999585
sparse,27,3027,free,gaussian,1,V,28.780631878147517,30.0,-4.064560406174944,-209.51898424387284,3405.05406399015,23750,True,8.110610008239746,8.068427999999585
sparse,27,3027,free,gaussian,1,ka,1.2039380878150854,1.2,0.3281739845904519,-209.51898424387284,3405.05406399015,23750,True,8.110610008239746,8.068427999999585
sparse,27,3027,free,gaussian,1,om_CL,0.2803248480925454,0.3,-6.558383969151538,-209.51898424387284,3405.05406399015,23750,True,8.110610008239746,8.068427999999585
sparse,27,3027,free,gaussian,1,om_V,0.03081503969213259,0.2,-84.5924801539337,-209.51898424387284,3405.05406399015,23750,True,8.110610008239746,8.068427999999585
sparse,27,3027,free,gaussian,1,om_ka,0.4688715355516834,0.4,17.21788388792085,-209.51898424387284,3405.05406399015,23750,True,8.110610008239746,8.068427999999585
sparse,27,3027,free,gaussian,1,sigma,0.284751071197837,0.2,42.37553559891848,-209.51898424387284,3405.05406399015,23750,True,8.110610008239746,8.068427999999585
sparse,27,3027,free,gaussian,8,CL,3.136386506615809,3.0,4.54621688719364,-203.71337316588563,2671.5557912475706,24000,True,10.876121997833252,10.809761999999864
sparse,27,3027,free,gaussian,8,V,28.803858002888756,30.0,-3.987139990370814,-203.71337316588563,2671.5557912475706,24000,True,10.876121997833252,10.809761999999864
sparse,27,3027,free,gaussian,8,ka,1.2454048147427295,1.2,3.7837345618941254,-203.71337316588563,2671.5557912475706,24000,True,10.876121997833252,10.809761999999864
sparse,27,3027,free,gaussian,8,om_CL,0.27474895981303815,0.3,-8.417013395653948,-203.71337316588563,2671.5557912475706,24000,True,10.876121997833252,10.809761999999864
sparse,27,3027,free,gaussian,8,om_V,0.1126419155210707,0.2,-43.67904223946466,-203.71337316588563,2671.5557912475706,24000,True,10.876121997833252,10.809761999999864
sparse,27,3027,free,gaussian,8,om_ka,0.5133761564003326,0.4,28.344039100083148,-203.71337316588563,2671.5557912475706,24000,True,10.876121997833252,10.809761999999864
sparse,27,3027,free,gaussian,8,sigma,0.24787501833514067,0.2,23.937509167570326,-203.71337316588563,2671.5557912475706,24000,True,10.876121997833252,10.809761999999864
sparse,27,3027,free,gaussian,64,CL,3.097006050437676,3.0,3.233535014589206,-200.2426554027918,2067.6620556222033,14750,True,19.772214889526367,19.65131199999996
sparse,27,3027,free,gaussian,64,V,29.370869132595004,30.0,-2.097102891349986,-200.2426554027918,2067.6620556222033,14750,True,19.772214889526367,19.65131199999996
sparse,27,3027,free,gaussian,64,ka,1.3033764309786917,1.2,8.614702581557648,-200.2426554027918,2067.6620556222033,14750,True,19.772214889526367,19.65131199999996
sparse,27,3027,free,gaussian,64,om_CL,0.28357096607196114,0.3,-5.476344642679617,-200.2426554027918,2067.6620556222033,14750,True,19.772214889526367,19.65131199999996
sparse,27,3027,free,gaussian,64,om_V,0.17557131429316694,0.2,-12.214342853416534,-200.2426554027918,2067.6620556222033,14750,True,19.772214889526367,19.65131199999996
sparse,27,3027,free,gaussian,64,om_ka,0.5021976179327827,0.4,25.549404483195673,-200.2426554027918,2067.6620556222033,14750,True,19.772214889526367,19.65131199999996
sparse,27,3027,free,gaussian,64,sigma,0.22670128065511735,0.2,13.35064032755867,-200.2426554027918,2067.6620556222033,14750,True,19.772214889526367,19.65131199999996
sparse,27,3027,amortized,gaussian,1,CL,3.1514875202450194,3.0,5.049584008167314,-210.82691912828784,3419.589065104281,15500,True,8.116915941238403,8.056555999999546
sparse,27,3027,amortized,gaussian,1,V,29.211255688843607,30.0,-2.629147703854642,-210.82691912828784,3419.589065104281,15500,True,8.116915941238403,8.056555999999546
sparse,27,3027,amortized,gaussian,1,ka,1.2092067309233634,1.2,0.7672275769469532,-210.82691912828784,3419.589065104281,15500,True,8.116915941238403,8.056555999999546
sparse,27,3027,amortized,gaussian,1,om_CL,0.2744572175453481,0.3,-8.514260818217306,-210.82691912828784,3419.589065104281,15500,True,8.116915941238403,8.056555999999546
sparse,27,3027,amortized,gaussian,1,om_V,0.03573755171399492,0.2,-82.13122414300254,-210.82691912828784,3419.589065104281,15500,True,8.116915941238403,8.056555999999546
sparse,27,3027,amortized,gaussian,1,om_ka,0.3971059361351596,0.4,-0.7235159662101059,-210.82691912828784,3419.589065104281,15500,True,8.116915941238403,8.056555999999546
sparse,27,3027,amortized,gaussian,1,sigma,0.29278531608183467,0.2,46.392658040917325,-210.82691912828784,3419.589065104281,15500,True,8.116915941238403,8.056555999999546
sparse,27,3027,amortized,gaussian,8,CL,3.1406409962783006,3.0,4.688033209276687,-203.90609121870818,2743.4686600476757,17250,True,11.028325080871582,10.954617999999755
sparse,27,3027,amortized,gaussian,8,V,28.460803430682034,30.0,-5.130655231059886,-203.90609121870818,2743.4686600476757,17250,True,11.028325080871582,10.954617999999755
sparse,27,3027,amortized,gaussian,8,ka,1.2463425258592322,1.2,3.861877154936022,-203.90609121870818,2743.4686600476757,17250,True,11.028325080871582,10.954617999999755
sparse,27,3027,amortized,gaussian,8,om_CL,0.27564043487109136,0.3,-8.119855042969544,-203.90609121870818,2743.4686600476757,17250,True,11.028325080871582,10.954617999999755
sparse,27,3027,amortized,gaussian,8,om_V,0.11481477216501641,0.2,-42.592613917491796,-203.90609121870818,2743.4686600476757,17250,True,11.028325080871582,10.954617999999755
sparse,27,3027,amortized,gaussian,8,om_ka,0.5233957659881574,0.4,30.84894149703934,-203.90609121870818,2743.4686600476757,17250,True,11.028325080871582,10.954617999999755
sparse,27,3027,amortized,gaussian,8,sigma,0.24549879175829534,0.2,22.749395879147663,-203.90609121870818,2743.4686600476757,17250,True,11.028325080871582,10.954617999999755
sparse,27,3027,amortized,gaussian,64,CL,3.1717283772689253,3.0,5.72427924229751,-200.3460246511692,1963.4010347642445,3250,True,5.248032093048096,5.174559999999474
sparse,27,3027,amortized,gaussian,64,V,28.69096468222467,30.0,-4.363451059251097,-200.3460246511692,1963.4010347642445,3250,True,5.248032093048096,5.174559999999474
sparse,27,3027,amortized,gaussian,64,ka,1.281136965073274,1.2,6.761413756106172,-200.3460246511692,1963.4010347642445,3250,True,5.248032093048096,5.174559999999474
sparse,27,3027,amortized,gaussian,64,om_CL,0.2788745114320909,0.3,-7.04182952263636,-200.3460246511692,1963.4010347642445,3250,True,5.248032093048096,5.174559999999474
sparse,27,3027,amortized,gaussian,64,om_V,0.18799474801019897,0.2,-6.002625994900521,-200.3460246511692,1963.4010347642445,3250,True,5.248032093048096,5.174559999999474
sparse,27,3027,amortized,gaussian,64,om_ka,0.5027940768213377,0.4,25.698519205334417,-200.3460246511692,1963.4010347642445,3250,True,5.248032093048096,5.174559999999474
sparse,27,3027,amortized,gaussian,64,sigma,0.2177892371822462,0.2,8.894618591123088,-200.3460246511692,1963.4010347642445,3250,True,5.248032093048096,5.174559999999474
sparse,28,3028,free,gaussian,1,CL,3.0745726579839143,3.0,2.4857552661304774,-184.48485707278272,3774.619030122895,21750,True,7.39308500289917,7.3582779999997
sparse,28,3028,free,gaussian,1,V,29.350150952188958,30.0,-2.166163492703473,-184.48485707278272,3774.619030122895,21750,True,7.39308500289917,7.3582779999997
sparse,28,3028,free,gaussian,1,ka,1.174287324223056,1.2,-2.142722981411993,-184.48485707278272,3774.619030122895,21750,True,7.39308500289917,7.3582779999997
sparse,28,3028,free,gaussian,1,om_CL,0.3103735983343105,0.3,3.457866111436836,-184.48485707278272,3774.619030122895,21750,True,7.39308500289917,7.3582779999997
sparse,28,3028,free,gaussian,1,om_V,0.019493241582231348,0.2,-90.25337920888434,-184.48485707278272,3774.619030122895,21750,True,7.39308500289917,7.3582779999997
sparse,28,3028,free,gaussian,1,om_ka,0.2998935739523505,0.4,-25.026606511912377,-184.48485707278272,3774.619030122895,21750,True,7.39308500289917,7.3582779999997
sparse,28,3028,free,gaussian,1,sigma,0.2619741839827008,0.2,30.987091991350386,-184.48485707278272,3774.619030122895,21750,True,7.39308500289917,7.3582779999997
sparse,28,3028,free,gaussian,8,CL,3.0914117606629077,3.0,3.0470586887635895,-170.90412889129277,2365.5973373607585,17500,True,7.921449184417725,7.8841700000002675
sparse,28,3028,free,gaussian,8,V,29.5948720773979,30.0,-1.3504264086736721,-170.90412889129277,2365.5973373607585,17500,True,7.921449184417725,7.8841700000002675
sparse,28,3028,free,gaussian,8,ka,1.1987480640297088,1.2,-0.10432799752426355,-170.90412889129277,2365.5973373607585,17500,True,7.921449184417725,7.8841700000002675
sparse,28,3028,free,gaussian,8,om_CL,0.31343279242176647,0.3,4.4775974739221605,-170.90412889129277,2365.5973373607585,17500,True,7.921449184417725,7.8841700000002675
sparse,28,3028,free,gaussian,8,om_V,0.18331778101058094,0.2,-8.341109494709537,-170.90412889129277,2365.5973373607585,17500,True,7.921449184417725,7.8841700000002675
sparse,28,3028,free,gaussian,8,om_ka,0.16874326535873424,0.4,-57.814183660316445,-170.90412889129277,2365.5973373607585,17500,True,7.921449184417725,7.8841700000002675
sparse,28,3028,free,gaussian,8,sigma,0.207873710663221,0.2,3.936855331610492,-170.90412889129277,2365.5973373607585,17500,True,7.921449184417725,7.8841700000002675
sparse,28,3028,free,gaussian,64,CL,3.0229696912085497,3.0,0.765656373618325,-170.2116054253845,2012.0756191206058,10000,True,13.42295503616333,13.356413999999859
sparse,28,3028,free,gaussian,64,V,29.449339229829366,30.0,-1.8355359005687788,-170.2116054253845,2012.0756191206058,10000,True,13.42295503616333,13.356413999999859
sparse,28,3028,free,gaussian,64,ka,1.2182918258844482,1.2,1.5243188237040184,-170.2116054253845,2012.0756191206058,10000,True,13.42295503616333,13.356413999999859
sparse,28,3028,free,gaussian,64,om_CL,0.31983799185685413,0.3,6.612663952284715,-170.2116054253845,2012.0756191206058,10000,True,13.42295503616333,13.356413999999859
sparse,28,3028,free,gaussian,64,om_V,0.19766286560466237,0.2,-1.168567197668821,-170.2116054253845,2012.0756191206058,10000,True,13.42295503616333,13.356413999999859
sparse,28,3028,free,gaussian,64,om_ka,0.3009349576500683,0.4,-24.766260587482936,-170.2116054253845,2012.0756191206058,10000,True,13.42295503616333,13.356413999999859
sparse,28,3028,free,gaussian,64,sigma,0.18470247453973213,0.2,-7.648762730133942,-170.2116054253845,2012.0756191206058,10000,True,13.42295503616333,13.356413999999859
sparse,28,3028,amortized,gaussian,1,CL,3.098417267922846,3.0,3.2805755974282036,-184.52719491348273,3839.069796705253,21000,True,10.988291025161743,10.930100999999922
sparse,28,3028,amortized,gaussian,1,V,29.282754999258167,30.0,-2.390816669139445,-184.52719491348273,3839.069796705253,21000,True,10.988291025161743,10.930100999999922
sparse,28,3028,amortized,gaussian,1,ka,1.17197112953122,1.2,-2.3357392057316573,-184.52719491348273,3839.069796705253,21000,True,10.988291025161743,10.930100999999922
sparse,28,3028,amortized,gaussian,1,om_CL,0.316481384740369,0.3,5.493794913456344,-184.52719491348273,3839.069796705253,21000,True,10.988291025161743,10.930100999999922
sparse,28,3028,amortized,gaussian,1,om_V,0.006708474104294946,0.2,-96.64576294785252,-184.52719491348273,3839.069796705253,21000,True,10.988291025161743,10.930100999999922
sparse,28,3028,amortized,gaussian,1,om_ka,0.31596516555583304,0.4,-21.008708611041744,-184.52719491348273,3839.069796705253,21000,True,10.988291025161743,10.930100999999922
sparse,28,3028,amortized,gaussian,1,sigma,0.2606235422132795,0.2,30.31177110663974,-184.52719491348273,3839.069796705253,21000,True,10.988291025161743,10.930100999999922
sparse,28,3028,amortized,gaussian,8,CL,3.109330963631349,3.0,3.6443654543782955,-171.63680332190214,2212.2225799768935,17750,True,11.431497812271118,11.368983000000298
sparse,28,3028,amortized,gaussian,8,V,30.112161720597484,30.0,0.37387240199161437,-171.63680332190214,2212.2225799768935,17750,True,11.431497812271118,11.368983000000298
sparse,28,3028,amortized,gaussian,8,ka,1.1854943538991152,1.2,-1.2088038417403988,-171.63680332190214,2212.2225799768935,17750,True,11.431497812271118,11.368983000000298
sparse,28,3028,amortized,gaussian,8,om_CL,0.3092241775997103,0.3,3.0747258665701125,-171.63680332190214,2212.2225799768935,17750,True,11.431497812271118,11.368983000000298
sparse,28,3028,amortized,gaussian,8,om_V,0.18787813753895957,0.2,-6.060931230520219,-171.63680332190214,2212.2225799768935,17750,True,11.431497812271118,11.368983000000298
sparse,28,3028,amortized,gaussian,8,om_ka,0.12581427975332118,0.4,-68.54643006166971,-171.63680332190214,2212.2225799768935,17750,True,11.431497812271118,11.368983000000298
sparse,28,3028,amortized,gaussian,8,sigma,0.2147546158759614,0.2,7.377307937980692,-171.63680332190214,2212.2225799768935,17750,True,11.431497812271118,11.368983000000298
sparse,28,3028,amortized,gaussian,64,CL,3.087367123481095,3.0,2.9122374493698366,-170.3674950214771,2017.4742541768655,24000,True,38.097468852996826,37.844866999999795
sparse,28,3028,amortized,gaussian,64,V,29.45032212348275,30.0,-1.832259588390836,-170.3674950214771,2017.4742541768655,24000,True,38.097468852996826,37.844866999999795
sparse,28,3028,amortized,gaussian,64,ka,1.1895731079492602,1.2,-0.8689076708949806,-170.3674950214771,2017.4742541768655,24000,True,38.097468852996826,37.844866999999795
sparse,28,3028,amortized,gaussian,64,om_CL,0.31628646350648365,0.3,5.428821168827888,-170.3674950214771,2017.4742541768655,24000,True,38.097468852996826,37.844866999999795
sparse,28,3028,amortized,gaussian,64,om_V,0.19832271740805743,0.2,-0.8386412959712902,-170.3674950214771,2017.4742541768655,24000,True,38.097468852996826,37.844866999999795
sparse,28,3028,amortized,gaussian,64,om_ka,0.29669266674051215,0.4,-25.82683331487197,-170.3674950214771,2017.4742541768655,24000,True,38.097468852996826,37.844866999999795
sparse,28,3028,amortized,gaussian,64,sigma,0.19153375854333932,0.2,-4.233120728330347,-170.3674950214771,2017.4742541768655,24000,True,38.097468852996826,37.844866999999795
sparse,29,3029,free,gaussian,1,CL,3.1636610174782196,3.0,5.455367249273986,-194.06930819332538,3616.2601855527514,17000,True,5.902121067047119,5.818267999999989
sparse,29,3029,free,gaussian,1,V,30.218795127999037,30.0,0.7293170933301241,-194.06930819332538,3616.2601855527514,17000,True,5.902121067047119,5.818267999999989
sparse,29,3029,free,gaussian,1,ka,1.2157152729135972,1.2,1.3096060761331,-194.06930819332538,3616.2601855527514,17000,True,5.902121067047119,5.818267999999989
sparse,29,3029,free,gaussian,1,om_CL,0.27760219039060074,0.3,-7.465936536466415,-194.06930819332538,3616.2601855527514,17000,True,5.902121067047119,5.818267999999989
sparse,29,3029,free,gaussian,1,om_V,0.03612490701259241,0.2,-81.93754649370379,-194.06930819332538,3616.2601855527514,17000,True,5.902121067047119,5.818267999999989
sparse,29,3029,free,gaussian,1,om_ka,0.3467120530203728,0.4,-13.32198674490681,-194.06930819332538,3616.2601855527514,17000,True,5.902121067047119,5.818267999999989
sparse,29,3029,free,gaussian,1,sigma,0.2821617237949417,0.2,41.08086189747084,-194.06930819332538,3616.2601855527514,17000,True,5.902121067047119,5.818267999999989
sparse,29,3029,free,gaussian,8,CL,3.150416387674907,3.0,5.013879589163572,-181.66483300444307,2212.1321468452834,12250,True,5.287394046783447,5.282503000000361
sparse,29,3029,free,gaussian,8,V,30.91901420784509,30.0,3.0633806928169705,-181.66483300444307,2212.1321468452834,12250,True,5.287394046783447,5.282503000000361
sparse,29,3029,free,gaussian,8,ka,1.2422658477563953,1.2,3.522153979699609,-181.66483300444307,2212.1321468452834,12250,True,5.287394046783447,5.282503000000361
sparse,29,3029,free,gaussian,8,om_CL,0.27400790138573794,0.3,-8.664032871420684,-181.66483300444307,2212.1321468452834,12250,True,5.287394046783447,5.282503000000361
sparse,29,3029,free,gaussian,8,om_V,0.19680751024916793,0.2,-1.5962448754160419,-181.66483300444307,2212.1321468452834,12250,True,5.287394046783447,5.282503000000361
sparse,29,3029,free,gaussian,8,om_ka,0.26175149888690946,0.4,-34.56212527827264,-181.66483300444307,2212.1321468452834,12250,True,5.287394046783447,5.282503000000361
sparse,29,3029,free,gaussian,8,sigma,0.23489152774705782,0.2,17.445763873528904,-181.66483300444307,2212.1321468452834,12250,True,5.287394046783447,5.282503000000361
sparse,29,3029,free,gaussian,64,CL,3.115378396813013,3.0,3.8459465604337626,-181.5231372186329,2206.0552484263894,12000,True,15.187824010848999,15.185293999999885
sparse,29,3029,free,gaussian,64,V,30.403986922808116,30.0,1.346623076027053,-181.5231372186329,2206.0552484263894,12000,True,15.187824010848999,15.185293999999885
sparse,29,3029,free,gaussian,64,ka,1.2558350424040656,1.2,4.652920200338806,-181.5231372186329,2206.0552484263894,12000,True,15.187824010848999,15.185293999999885
sparse,29,3029,free,gaussian,64,om_CL,0.28756237693716064,0.3,-4.145874354279785,-181.5231372186329,2206.0552484263894,12000,True,15.187824010848999,15.185293999999885
sparse,29,3029,free,gaussian,64,om_V,0.2088571721971891,0.2,4.428586098594547,-181.5231372186329,2206.0552484263894,12000,True,15.187824010848999,15.185293999999885
sparse,29,3029,free,gaussian,64,om_ka,0.30820672400535615,0.4,-22.94831899866097,-181.5231372186329,2206.0552484263894,12000,True,15.187824010848999,15.185293999999885
sparse,29,3029,free,gaussian,64,sigma,0.2100428142006011,0.2,5.021407100300551,-181.5231372186329,2206.0552484263894,12000,True,15.187824010848999,15.185293999999885
sparse,29,3029,amortized,gaussian,1,CL,3.1746957374590075,3.0,5.823191248633582,-193.93044860840382,3678.329662033949,25000,False,12.384395837783813,12.383108999999422
sparse,29,3029,amortized,gaussian,1,V,30.175014464500187,30.0,0.5833815483339558,-193.93044860840382,3678.329662033949,25000,False,12.384395837783813,12.383108999999422
sparse,29,3029,amortized,gaussian,1,ka,1.2022250415864542,1.2,0.1854201322045168,-193.93044860840382,3678.329662033949,25000,False,12.384395837783813,12.383108999999422
sparse,29,3029,amortized,gaussian,1,om_CL,0.275665036059565,0.3,-8.111654646811665,-193.93044860840382,3678.329662033949,25000,False,12.384395837783813,12.383108999999422
sparse,29,3029,amortized,gaussian,1,om_V,0.0371120643218982,0.2,-81.4439678390509,-193.93044860840382,3678.329662033949,25000,False,12.384395837783813,12.383108999999422
sparse,29,3029,amortized,gaussian,1,om_ka,0.3541265212473611,0.4,-11.46836968815973,-193.93044860840382,3678.329662033949,25000,False,12.384395837783813,12.383108999999422
sparse,29,3029,amortized,gaussian,1,sigma,0.2841743416143888,0.2,42.0871708071944,-193.93044860840382,3678.329662033949,25000,False,12.384395837783813,12.383108999999422
sparse,29,3029,amortized,gaussian,8,CL,3.083760155676549,3.0,2.792005189218294,-183.73323824059923,2494.5423288456846,18750,True,11.379606008529663,11.378580000000511
sparse,29,3029,amortized,gaussian,8,V,31.588106047242405,30.0,5.293686824141351,-183.73323824059923,2494.5423288456846,18750,True,11.379606008529663,11.378580000000511
sparse,29,3029,amortized,gaussian,8,ka,1.2254446228958282,1.2,2.1203852413190227,-183.73323824059923,2494.5423288456846,18750,True,11.379606008529663,11.378580000000511
sparse,29,3029,amortized,gaussian,8,om_CL,0.2822802788855999,0.3,-5.906573704800023,-183.73323824059923,2494.5423288456846,18750,True,11.379606008529663,11.378580000000511
sparse,29,3029,amortized,gaussian,8,om_V,0.176781609061028,0.2,-11.609195469486009,-183.73323824059923,2494.5423288456846,18750,True,11.379606008529663,11.378580000000511
sparse,29,3029,amortized,gaussian,8,om_ka,0.2684111756901849,0.4,-32.897206077453774,-183.73323824059923,2494.5423288456846,18750,True,11.379606008529663,11.378580000000511
sparse,29,3029,amortized,gaussian,8,sigma,0.22619789189866457,0.2,13.098945949332279,-183.73323824059923,2494.5423288456846,18750,True,11.379606008529663,11.378580000000511
sparse,29,3029,amortized,gaussian,64,CL,3.1774172711856377,3.0,5.913909039521255,-181.08111721825296,2200.6515257908572,25000,False,38.200982093811035,37.182521000000634
sparse,29,3029,amortized,gaussian,64,V,30.441982991913108,30.0,1.4732766397103585,-181.08111721825296,2200.6515257908572,25000,False,38.200982093811035,37.182521000000634
sparse,29,3029,amortized,gaussian,64,ka,1.2221954089753002,1.2,1.8496174146083548,-181.08111721825296,2200.6515257908572,25000,False,38.200982093811035,37.182521000000634
sparse,29,3029,amortized,gaussian,64,om_CL,0.2780165161134576,0.3,-7.3278279621807885,-181.08111721825296,2200.6515257908572,25000,False,38.200982093811035,37.182521000000634
sparse,29,3029,amortized,gaussian,64,om_V,0.20565014890577404,0.2,2.825074452887016,-181.08111721825296,2200.6515257908572,25000,False,38.200982093811035,37.182521000000634
sparse,29,3029,amortized,gaussian,64,om_ka,0.32126003565400324,0.4,-19.684991086499195,-181.08111721825296,2200.6515257908572,25000,False,38.200982093811035,37.182521000000634
sparse,29,3029,amortized,gaussian,64,sigma,0.2179392041545722,0.2,8.9696020772861,-181.08111721825296,2200.6515257908572,25000,False,38.200982093811035,37.182521000000634
