scenario,replicate,seed,posterior,family,K,param,estimate,truth,rel_bias_pct,marginal_ll,mean_ess,n_steps_run,converged,secs,cpu_secs
dense,0,3000,free,flow,1,CL,2.929138606398742,3.0,-2.3620464533752696,-192.85461215232118,3634.3123793695336,9500,True,38.36370587348938,37.371026
dense,0,3000,free,flow,1,V,29.85654879988632,30.0,-0.4781706670456032,-192.85461215232118,3634.3123793695336,9500,True,38.36370587348938,37.371026
dense,0,3000,free,flow,1,ka,1.1797015198367167,1.2,-1.6915400136069403,-192.85461215232118,3634.3123793695336,9500,True,38.36370587348938,37.371026
dense,0,3000,free,flow,1,om_CL,0.33168211273078907,0.3,10.560704243596362,-192.85461215232118,3634.3123793695336,9500,True,38.36370587348938,37.371026
dense,0,3000,free,flow,1,om_V,0.21579246313253062,0.2,7.8962315662653015,-192.85461215232118,3634.3123793695336,9500,True,38.36370587348938,37.371026
dense,0,3000,free,flow,1,om_ka,0.37175638993471344,0.4,-7.0609025163216455,-192.85461215232118,3634.3123793695336,9500,True,38.36370587348938,37.371026
dense,0,3000,free,flow,1,sigma,0.20083696378006616,0.2,0.41848189003307334,-192.85461215232118,3634.3123793695336,9500,True,38.36370587348938,37.371026
dense,0,3000,free,flow,8,CL,2.9956267389171116,3.0,-0.14577536942961267,-194.54038089376593,1069.2988040643236,5250,True,6.457326889038086,6.371380000000002
dense,0,3000,free,flow,8,V,30.2007862267235,30.0,0.6692874224116707,-194.54038089376593,1069.2988040643236,5250,True,6.457326889038086,6.371380000000002
dense,0,3000,free,flow,8,ka,1.1289656095298384,1.2,-5.919532539180132,-194.54038089376593,1069.2988040643236,5250,True,6.457326889038086,6.371380000000002
dense,0,3000,free,flow,8,om_CL,0.3259251502754005,0.3,8.641716758466831,-194.54038089376593,1069.2988040643236,5250,True,6.457326889038086,6.371380000000002
dense,0,3000,free,flow,8,om_V,0.21254759347206187,0.2,6.273796736030929,-194.54038089376593,1069.2988040643236,5250,True,6.457326889038086,6.371380000000002
dense,0,3000,free,flow,8,om_ka,0.35354161482469476,0.4,-11.614596293826315,-194.54038089376593,1069.2988040643236,5250,True,6.457326889038086,6.371380000000002
dense,0,3000,free,flow,8,sigma,0.20269795462135395,0.2,1.3489773106769714,-194.54038089376593,1069.2988040643236,5250,True,6.457326889038086,6.371380000000002
dense,0,3000,free,flow,64,CL,2.8902595134786817,3.0,-3.6580162173772766,-193.3198382773035,739.3488519048806,3250,True,15.031609058380127,14.900474000000003
dense,0,3000,free,flow,64,V,29.704833783850237,30.0,-0.9838873871658768,-193.3198382773035,739.3488519048806,3250,True,15.031609058380127,14.900474000000003
dense,0,3000,free,flow,64,ka,1.1926706755175807,1.2,-0.6107770402016082,-193.3198382773035,739.3488519048806,3250,True,15.031609058380127,14.900474000000003
dense,0,3000,free,flow,64,om_CL,0.3347541973335821,0.3,11.584732444527365,-193.3198382773035,739.3488519048806,3250,True,15.031609058380127,14.900474000000003
dense,0,3000,free,flow,64,om_V,0.21978621732357542,0.2,9.893108661787705,-193.3198382773035,739.3488519048806,3250,True,15.031609058380127,14.900474000000003
dense,0,3000,free,flow,64,om_ka,0.3506562473432682,0.4,-12.335938164182949,-193.3198382773035,739.3488519048806,3250,True,15.031609058380127,14.900474000000003
dense,0,3000,free,flow,64,sigma,0.19912970877688696,0.2,-0.43514561155652554,-193.3198382773035,739.3488519048806,3250,True,15.031609058380127,14.900474000000003
dense,1,3001,free,flow,1,CL,2.9483752480291243,3.0,-1.7208250656958561,-185.79423248474177,3679.5583348304554,9750,True,40.503358364105225,40.06035599999999
dense,1,3001,free,flow,1,V,29.221685918581247,30.0,-2.594380271395842,-185.79423248474177,3679.5583348304554,9750,True,40.503358364105225,40.06035599999999
dense,1,3001,free,flow,1,ka,1.1332326355326334,1.2,-5.563947038947211,-185.79423248474177,3679.5583348304554,9750,True,40.503358364105225,40.06035599999999
dense,1,3001,free,flow,1,om_CL,0.31422434530071247,0.3,4.741448433570827,-185.79423248474177,3679.5583348304554,9750,True,40.503358364105225,40.06035599999999
dense,1,3001,free,flow,1,om_V,0.16894924341121384,0.2,-15.525378294393086,-185.79423248474177,3679.5583348304554,9750,True,40.503358364105225,40.06035599999999
dense,1,3001,free,flow,1,om_ka,0.4244474177473409,0.4,6.11185443683522,-185.79423248474177,3679.5583348304554,9750,True,40.503358364105225,40.06035599999999
dense,1,3001,free,flow,1,sigma,0.2029476742807826,0.2,1.4738371403912875,-185.79423248474177,3679.5583348304554,9750,True,40.503358364105225,40.06035599999999
dense,1,3001,free,flow,8,CL,2.994859262524877,3.0,-0.17135791583743712,-185.47331821472727,1929.8338401165058,10500,True,12.338253021240234,12.229175999999995
dense,1,3001,free,flow,8,V,29.197970238715474,30.0,-2.673432537615087,-185.47331821472727,1929.8338401165058,10500,True,12.338253021240234,12.229175999999995
dense,1,3001,free,flow,8,ka,1.152196277764052,1.2,-3.9836435196623317,-185.47331821472727,1929.8338401165058,10500,True,12.338253021240234,12.229175999999995
dense,1,3001,free,flow,8,om_CL,0.31455023166360535,0.3,4.850077221201787,-185.47331821472727,1929.8338401165058,10500,True,12.338253021240234,12.229175999999995
dense,1,3001,free,flow,8,om_V,0.15241027217846687,0.2,-23.794863910766573,-185.47331821472727,1929.8338401165058,10500,True,12.338253021240234,12.229175999999995
dense,1,3001,free,flow,8,om_ka,0.4287945637363211,0.4,7.198640934080263,-185.47331821472727,1929.8338401165058,10500,True,12.338253021240234,12.229175999999995
dense,1,3001,free,flow,8,sigma,0.20336305130424565,0.2,1.6815256521228172,-185.47331821472727,1929.8338401165058,10500,True,12.338253021240234,12.229175999999995
dense,1,3001,free,flow,64,CL,2.884100578410289,3.0,-3.863314052990363,-186.41757202222726,1336.5878035495557,2750,True,12.4949209690094,12.370514999999997
dense,1,3001,free,flow,64,V,28.90523697058216,30.0,-3.64921009805947,-186.41757202222726,1336.5878035495557,2750,True,12.4949209690094,12.370514999999997
dense,1,3001,free,flow,64,ka,1.165514460162072,1.2,-2.8737949864940013,-186.41757202222726,1336.5878035495557,2750,True,12.4949209690094,12.370514999999997
dense,1,3001,free,flow,64,om_CL,0.3161813048767019,0.3,5.393768292233962,-186.41757202222726,1336.5878035495557,2750,True,12.4949209690094,12.370514999999997
dense,1,3001,free,flow,64,om_V,0.16153611405800697,0.2,-19.23194297099652,-186.41757202222726,1336.5878035495557,2750,True,12.4949209690094,12.370514999999997
dense,1,3001,free,flow,64,om_ka,0.44106860473556003,0.4,10.267151183890002,-186.41757202222726,1336.5878035495557,2750,True,12.4949209690094,12.370514999999997
dense,1,3001,free,flow,64,sigma,0.200104807559561,0.2,0.052403779780496595,-186.41757202222726,1336.5878035495557,2750,True,12.4949209690094,12.370514999999997
dense,2,3002,free,flow,1,CL,2.9003019900196065,3.0,-3.323266999346449,-193.81143440905998,2749.7414542370448,2250,True,9.076240062713623,9.022846999999999
dense,2,3002,free,flow,1,V,30.6338141680677,30.0,2.112713893559004,-193.81143440905998,2749.7414542370448,2250,True,9.076240062713623,9.022846999999999
dense,2,3002,free,flow,1,ka,1.2164038873872727,1.2,1.36699061560606,-193.81143440905998,2749.7414542370448,2250,True,9.076240062713623,9.022846999999999
dense,2,3002,free,flow,1,om_CL,0.3158840342147843,0.3,5.294678071594764,-193.81143440905998,2749.7414542370448,2250,True,9.076240062713623,9.022846999999999
dense,2,3002,free,flow,1,om_V,0.22178555353077867,0.2,10.892776765389328,-193.81143440905998,2749.7414542370448,2250,True,9.076240062713623,9.022846999999999
dense,2,3002,free,flow,1,om_ka,0.4022930619952687,0.4,0.5732654988171715,-193.81143440905998,2749.7414542370448,2250,True,9.076240062713623,9.022846999999999
dense,2,3002,free,flow,1,sigma,0.2047451360360777,0.2,2.3725680180388395,-193.81143440905998,2749.7414542370448,2250,True,9.076240062713623,9.022846999999999
dense,2,3002,free,flow,8,CL,2.8582127953259704,3.0,-4.726240155800987,-194.04600783897124,1736.8931605519704,10250,True,11.955721139907837,11.852817999999985
dense,2,3002,free,flow,8,V,30.95279319590343,30.0,3.1759773196780947,-194.04600783897124,1736.8931605519704,10250,True,11.955721139907837,11.852817999999985
dense,2,3002,free,flow,8,ka,1.1985319111995183,1.2,-0.12234073337347162,-194.04600783897124,1736.8931605519704,10250,True,11.955721139907837,11.852817999999985
dense,2,3002,free,flow,8,om_CL,0.3184653721772146,0.3,6.155124059071538,-194.04600783897124,1736.8931605519704,10250,True,11.955721139907837,11.852817999999985
dense,2,3002,free,flow,8,om_V,0.22925380669773568,0.2,14.626903348867835,-194.04600783897124,1736.8931605519704,10250,True,11.955721139907837,11.852817999999985
dense,2,3002,free,flow,8,om_ka,0.40685120025567106,0.4,1.7128000639177603,-194.04600783897124,1736.8931605519704,10250,True,11.955721139907837,11.852817999999985
dense,2,3002,free,flow,8,sigma,0.19823194284455478,0.2,-0.8840285777226148,-194.04600783897124,1736.8931605519704,10250,True,11.955721139907837,11.852817999999985
dense,2,3002,free,flow,64,CL,2.963787651287766,3.0,-1.2070782904078037,-192.91377927724187,1948.3869215175903,11250,True,51.852633237838745,51.30919
dense,2,3002,free,flow,64,V,30.568978853385225,30.0,1.8965961779507505,-192.91377927724187,1948.3869215175903,11250,True,51.852633237838745,51.30919
dense,2,3002,free,flow,64,ka,1.1914294712657005,1.2,-0.7142107278582851,-192.91377927724187,1948.3869215175903,11250,True,51.852633237838745,51.30919
dense,2,3002,free,flow,64,om_CL,0.31277820564658415,0.3,4.259401882194721,-192.91377927724187,1948.3869215175903,11250,True,51.852633237838745,51.30919
dense,2,3002,free,flow,64,om_V,0.23118479385096605,0.2,15.592396925483017,-192.91377927724187,1948.3869215175903,11250,True,51.852633237838745,51.30919
dense,2,3002,free,flow,64,om_ka,0.4194259787061124,0.4,4.8564946765281,-192.91377927724187,1948.3869215175903,11250,True,51.852633237838745,51.30919
dense,2,3002,free,flow,64,sigma,0.1970128819778895,0.2,-1.4935590110552592,-192.91377927724187,1948.3869215175903,11250,True,51.852633237838745,51.30919
dense,3,3003,free,flow,1,CL,2.9510832698206655,3.0,-1.6305576726444837,-125.86368676775393,2758.4408110029385,2250,True,9.795313835144043,9.65769800000001
dense,3,3003,free,flow,1,V,30.823438939220004,30.0,2.744796464066681,-125.86368676775393,2758.4408110029385,2250,True,9.795313835144043,9.65769800000001
dense,3,3003,free,flow,1,ka,1.2520302562948684,1.2,4.335854691239039,-125.86368676775393,2758.4408110029385,2250,True,9.795313835144043,9.65769800000001
dense,3,3003,free,flow,1,om_CL,0.32376657208259674,0.3,7.9221906941989175,-125.86368676775393,2758.4408110029385,2250,True,9.795313835144043,9.65769800000001
dense,3,3003,free,flow,1,om_V,0.1748615801869491,0.2,-12.56920990652545,-125.86368676775393,2758.4408110029385,2250,True,9.795313835144043,9.65769800000001
dense,3,3003,free,flow,1,om_ka,0.31742504614144285,0.4,-20.64373846463929,-125.86368676775393,2758.4408110029385,2250,True,9.795313835144043,9.65769800000001
dense,3,3003,free,flow,1,sigma,0.18980948159644143,0.2,-5.0952592017792915,-125.86368676775393,2758.4408110029385,2250,True,9.795313835144043,9.65769800000001
dense,3,3003,free,flow,8,CL,3.0293061876036935,3.0,0.9768729201231174,-124.76552028268247,2912.4917853662732,12250,True,15.022515058517456,14.821414000000004
dense,3,3003,free,flow,8,V,30.381078675192185,30.0,1.2702622506406176,-124.76552028268247,2912.4917853662732,12250,True,15.022515058517456,14.821414000000004
dense,3,3003,free,flow,8,ka,1.2470926422786583,1.2,3.9243868565548663,-124.76552028268247,2912.4917853662732,12250,True,15.022515058517456,14.821414000000004
dense,3,3003,free,flow,8,om_CL,0.32495723650907654,0.3,8.319078836358852,-124.76552028268247,2912.4917853662732,12250,True,15.022515058517456,14.821414000000004
dense,3,3003,free,flow,8,om_V,0.17085981029450417,0.2,-14.570094852747918,-124.76552028268247,2912.4917853662732,12250,True,15.022515058517456,14.821414000000004
dense,3,3003,free,flow,8,om_ka,0.34816959047219265,0.4,-12.957602381951844,-124.76552028268247,2912.4917853662732,12250,True,15.022515058517456,14.821414000000004
dense,3,3003,free,flow,8,sigma,0.1816103549285282,0.2,-9.194822535735904,-124.76552028268247,2912.4917853662732,12250,True,15.022515058517456,14.821414000000004
dense,3,3003,free,flow,64,CL,3.0346459834801727,3.0,1.1548661160057556,-124.60725634757165,1363.6629408800843,11000,True,52.475476026535034,51.74839
dense,3,3003,free,flow,64,V,30.243733799466202,30.0,0.8124459982206744,-124.60725634757165,1363.6629408800843,11000,True,52.475476026535034,51.74839
dense,3,3003,free,flow,64,ka,1.2621310769184155,1.2,5.177589743201298,-124.60725634757165,1363.6629408800843,11000,True,52.475476026535034,51.74839
dense,3,3003,free,flow,64,om_CL,0.31955104790797323,0.3,6.517015969324413,-124.60725634757165,1363.6629408800843,11000,True,52.475476026535034,51.74839
dense,3,3003,free,flow,64,om_V,0.1730686714046927,0.2,-13.465664297653653,-124.60725634757165,1363.6629408800843,11000,True,52.475476026535034,51.74839
dense,3,3003,free,flow,64,om_ka,0.3528052887350665,0.4,-11.79867781623338,-124.60725634757165,1363.6629408800843,11000,True,52.475476026535034,51.74839
dense,3,3003,free,flow,64,sigma,0.18158015747890424,0.2,-9.209921260547883,-124.60725634757165,1363.6629408800843,11000,True,52.475476026535034,51.74839
dense,4,3004,free,flow,1,CL,2.8847409763143665,3.0,-3.8419674561877817,-209.10946921931486,3229.7522120749,2250,True,9.088680267333984,9.031964000000016
dense,4,3004,free,flow,1,V,30.6110241961369,30.0,2.0367473204563304,-209.10946921931486,3229.7522120749,2250,True,9.088680267333984,9.031964000000016
dense,4,3004,free,flow,1,ka,1.2690105429126273,1.2,5.750878576052276,-209.10946921931486,3229.7522120749,2250,True,9.088680267333984,9.031964000000016
dense,4,3004,free,flow,1,om_CL,0.34597977886831777,0.3,15.326592956105927,-209.10946921931486,3229.7522120749,2250,True,9.088680267333984,9.031964000000016
dense,4,3004,free,flow,1,om_V,0.2494946426062168,0.2,24.74732130310839,-209.10946921931486,3229.7522120749,2250,True,9.088680267333984,9.031964000000016
dense,4,3004,free,flow,1,om_ka,0.36623748826052505,0.4,-8.440627934868743,-209.10946921931486,3229.7522120749,2250,True,9.088680267333984,9.031964000000016
dense,4,3004,free,flow,1,sigma,0.20663795787192074,0.2,3.3189789359603648,-209.10946921931486,3229.7522120749,2250,True,9.088680267333984,9.031964000000016
dense,4,3004,free,flow,8,CL,2.896948148053743,3.0,-3.435061731541896,-208.50045626844116,2857.656309469441,7250,True,8.614562034606934,8.539309000000003
dense,4,3004,free,flow,8,V,31.011122834819012,30.0,3.3704094493967083,-208.50045626844116,2857.656309469441,7250,True,8.614562034606934,8.539309000000003
dense,4,3004,free,flow,8,ka,1.2320917216552123,1.2,2.6743101379343623,-208.50045626844116,2857.656309469441,7250,True,8.614562034606934,8.539309000000003
dense,4,3004,free,flow,8,om_CL,0.3509492771040005,0.3,16.983092368000165,-208.50045626844116,2857.656309469441,7250,True,8.614562034606934,8.539309000000003
dense,4,3004,free,flow,8,om_V,0.24426409198907167,0.2,22.13204599453583,-208.50045626844116,2857.656309469441,7250,True,8.614562034606934,8.539309000000003
dense,4,3004,free,flow,8,om_ka,0.36958110791778004,0.4,-7.604723020554995,-208.50045626844116,2857.656309469441,7250,True,8.614562034606934,8.539309000000003
dense,4,3004,free,flow,8,sigma,0.20221691504155337,0.2,1.108457520776679,-208.50045626844116,2857.656309469441,7250,True,8.614562034606934,8.539309000000003
dense,4,3004,free,flow,64,CL,2.939546373984067,3.0,-2.0151208671977727,-209.06367888973367,1437.2503269767892,4500,True,20.283724069595337,20.13158599999997
dense,4,3004,free,flow,64,V,30.410219394917192,30.0,1.3673979830573064,-209.06367888973367,1437.2503269767892,4500,True,20.283724069595337,20.13158599999997
dense,4,3004,free,flow,64,ka,1.2581900144218008,1.2,4.849167868483403,-209.06367888973367,1437.2503269767892,4500,True,20.283724069595337,20.13158599999997
dense,4,3004,free,flow,64,om_CL,0.34316786786249964,0.3,14.389289287499885,-209.06367888973367,1437.2503269767892,4500,True,20.283724069595337,20.13158599999997
dense,4,3004,free,flow,64,om_V,0.24672035219060437,0.2,23.360176095302176,-209.06367888973367,1437.2503269767892,4500,True,20.283724069595337,20.13158599999997
dense,4,3004,free,flow,64,om_ka,0.3780491517683004,0.4,-5.487712057924907,-209.06367888973367,1437.2503269767892,4500,True,20.283724069595337,20.13158599999997
dense,4,3004,free,flow,64,sigma,0.20152688665471555,0.2,0.7634433273577684,-209.06367888973367,1437.2503269767892,4500,True,20.283724069595337,20.13158599999997
dense,5,3005,free,flow,1,CL,2.897426672177739,3.0,-3.4191109274086973,-172.9054776323269,2745.6366425037677,6000,True,24.49656081199646,24.24507200000005
dense,5,3005,free,flow,1,V,29.63562539862347,30.0,-1.2145820045884292,-172.9054776323269,2745.6366425037677,6000,True,24.49656081199646,24.24507200000005
dense,5,3005,free,flow,1,ka,1.2438078765146863,1.2,3.6506563762238597,-172.9054776323269,2745.6366425037677,6000,True,24.49656081199646,24.24507200000005
dense,5,3005,free,flow,1,om_CL,0.27961589910785184,0.3,-6.794700297382716,-172.9054776323269,2745.6366425037677,6000,True,24.49656081199646,24.24507200000005
dense,5,3005,free,flow,1,om_V,0.20014469443697222,0.2,0.07234721848610459,-172.9054776323269,2745.6366425037677,6000,True,24.49656081199646,24.24507200000005
dense,5,3005,free,flow,1,om_ka,0.3931387934830315,0.4,-1.715301629242133,-172.9054776323269,2745.6366425037677,6000,True,24.49656081199646,24.24507200000005
dense,5,3005,free,flow,1,sigma,0.2028556294007989,0.2,1.4278147003994461,-172.9054776323269,2745.6366425037677,6000,True,24.49656081199646,24.24507200000005
dense,5,3005,free,flow,8,CL,2.9202314796794955,3.0,-2.6589506773501506,-172.56282638987915,2242.4094862916036,12500,True,14.414594888687134,14.30839199999997
dense,5,3005,free,flow,8,V,29.412210447032162,30.0,-1.9592985098927922,-172.56282638987915,2242.4094862916036,12500,True,14.414594888687134,14.30839199999997
dense,5,3005,free,flow,8,ka,1.256837946533843,1.2,4.736495544486926,-172.56282638987915,2242.4094862916036,12500,True,14.414594888687134,14.30839199999997
dense,5,3005,free,flow,8,om_CL,0.27840409140498196,0.3,-7.1986361983393445,-172.56282638987915,2242.4094862916036,12500,True,14.414594888687134,14.30839199999997
dense,5,3005,free,flow,8,om_V,0.19888990394454423,0.2,-0.5550480277278919,-172.56282638987915,2242.4094862916036,12500,True,14.414594888687134,14.30839199999997
dense,5,3005,free,flow,8,om_ka,0.3954385627692758,0.4,-1.1403593076810548,-172.56282638987915,2242.4094862916036,12500,True,14.414594888687134,14.30839199999997
dense,5,3005,free,flow,8,sigma,0.19936281568098518,0.2,-0.3185921595074137,-172.56282638987915,2242.4094862916036,12500,True,14.414594888687134,14.30839199999997
dense,5,3005,free,flow,64,CL,2.946143069860395,3.0,-1.7952310046535007,-173.04802095392583,1086.3865424044266,6750,True,29.888651847839355,29.713213999999994
dense,5,3005,free,flow,64,V,29.036985468008133,30.0,-3.2100484399728892,-173.04802095392583,1086.3865424044266,6750,True,29.888651847839355,29.713213999999994
dense,5,3005,free,flow,64,ka,1.2519279227993996,1.2,4.327326899949968,-173.04802095392583,1086.3865424044266,6750,True,29.888651847839355,29.713213999999994
dense,5,3005,free,flow,64,om_CL,0.28629591931046544,0.3,-4.568026896511516,-173.04802095392583,1086.3865424044266,6750,True,29.888651847839355,29.713213999999994
dense,5,3005,free,flow,64,om_V,0.20218412733375457,0.2,1.0920636668772798,-173.04802095392583,1086.3865424044266,6750,True,29.888651847839355,29.713213999999994
dense,5,3005,free,flow,64,om_ka,0.3988226331299284,0.4,-0.2943417175179097,-173.04802095392583,1086.3865424044266,6750,True,29.888651847839355,29.713213999999994
dense,5,3005,free,flow,64,sigma,0.19907087270455523,0.2,-0.4645636477223908,-173.04802095392583,1086.3865424044266,6750,True,29.888651847839355,29.713213999999994
dense,6,3006,free,flow,1,CL,2.9046014434291765,3.0,-3.1799518856941176,-181.9225181984361,3793.48505801975,9500,True,37.92156505584717,37.684586000000024
dense,6,3006,free,flow,1,V,30.18337260191647,30.0,0.6112420063882359,-181.9225181984361,3793.48505801975,9500,True,37.92156505584717,37.684586000000024
dense,6,3006,free,flow,1,ka,1.1557605545357534,1.2,-3.686620455353877,-181.9225181984361,3793.48505801975,9500,True,37.92156505584717,37.684586000000024
dense,6,3006,free,flow,1,om_CL,0.29050680518963157,0.3,-3.1643982701228075,-181.9225181984361,3793.48505801975,9500,True,37.92156505584717,37.684586000000024
dense,6,3006,free,flow,1,om_V,0.2316289193683768,0.2,15.814459684188389,-181.9225181984361,3793.48505801975,9500,True,37.92156505584717,37.684586000000024
dense,6,3006,free,flow,1,om_ka,0.34733940207108194,0.4,-13.16514948222952,-181.9225181984361,3793.48505801975,9500,True,37.92156505584717,37.684586000000024
dense,6,3006,free,flow,1,sigma,0.20277899849267553,0.2,1.389499246337758,-181.9225181984361,3793.48505801975,9500,True,37.92156505584717,37.684586000000024
dense,6,3006,free,flow,8,CL,2.9302185901199604,3.0,-2.3260469960013186,-182.9567315328173,1542.888535903384,7000,True,8.083289861679077,8.034484999999961
dense,6,3006,free,flow,8,V,29.849010782573075,30.0,-0.5032973914230846,-182.9567315328173,1542.888535903384,7000,True,8.083289861679077,8.034484999999961
dense,6,3006,free,flow,8,ka,1.1476592345523822,1.2,-4.361730453968149,-182.9567315328173,1542.888535903384,7000,True,8.083289861679077,8.034484999999961
dense,6,3006,free,flow,8,om_CL,0.29048924622840877,0.3,-3.170251257197073,-182.9567315328173,1542.888535903384,7000,True,8.083289861679077,8.034484999999961
dense,6,3006,free,flow,8,om_V,0.21539057974051215,0.2,7.69528987025607,-182.9567315328173,1542.888535903384,7000,True,8.083289861679077,8.034484999999961
dense,6,3006,free,flow,8,om_ka,0.34915133549282795,0.4,-12.712166126793019,-182.9567315328173,1542.888535903384,7000,True,8.083289861679077,8.034484999999961
dense,6,3006,free,flow,8,sigma,0.20985988914669854,0.2,4.929944573349262,-182.9567315328173,1542.888535903384,7000,True,8.083289861679077,8.034484999999961
dense,6,3006,free,flow,64,CL,2.9022088204662144,3.0,-3.259705984459519,-182.25884249564305,2171.6740979639394,17250,True,76.10015487670898,75.64914199999998
dense,6,3006,free,flow,64,V,30.035531473433434,30.0,0.11843824477811182,-182.25884249564305,2171.6740979639394,17250,True,76.10015487670898,75.64914199999998
dense,6,3006,free,flow,64,ka,1.1506358502256042,1.2,-4.1136791478663115,-182.25884249564305,2171.6740979639394,17250,True,76.10015487670898,75.64914199999998
dense,6,3006,free,flow,64,om_CL,0.2948396001385046,0.3,-1.7201332871651376,-182.25884249564305,2171.6740979639394,17250,True,76.10015487670898,75.64914199999998
dense,6,3006,free,flow,64,om_V,0.23082808640490315,0.2,15.41404320245157,-182.25884249564305,2171.6740979639394,17250,True,76.10015487670898,75.64914199999998
dense,6,3006,free,flow,64,om_ka,0.3391617342212905,0.4,-15.209566444677387,-182.25884249564305,2171.6740979639394,17250,True,76.10015487670898,75.64914199999998
dense,6,3006,free,flow,64,sigma,0.20139685703092497,0.2,0.6984285154624792,-182.25884249564305,2171.6740979639394,17250,True,76.10015487670898,75.64914199999998
dense,7,3007,free,flow,1,CL,3.0929456527325434,3.0,3.0981884244181135,-151.59969514416105,2996.597716298218,2250,True,9.124255895614624,9.067123999999978
dense,7,3007,free,flow,1,V,30.490425368890303,30.0,1.6347512296343443,-151.59969514416105,2996.597716298218,2250,True,9.124255895614624,9.067123999999978
dense,7,3007,free,flow,1,ka,1.1656290877180355,1.2,-2.8642426901637026,-151.59969514416105,2996.597716298218,2250,True,9.124255895614624,9.067123999999978
dense,7,3007,free,flow,1,om_CL,0.2718453325990469,0.3,-9.384889133651024,-151.59969514416105,2996.597716298218,2250,True,9.124255895614624,9.067123999999978
dense,7,3007,free,flow,1,om_V,0.20041316664931047,0.2,0.20658332465522955,-151.59969514416105,2996.597716298218,2250,True,9.124255895614624,9.067123999999978
dense,7,3007,free,flow,1,om_ka,0.3373455067956035,0.4,-15.663623301099134,-151.59969514416105,2996.597716298218,2250,True,9.124255895614624,9.067123999999978
dense,7,3007,free,flow,1,sigma,0.2027441922999331,0.2,1.3720961499665423,-151.59969514416105,2996.597716298218,2250,True,9.124255895614624,9.067123999999978
dense,7,3007,free,flow,8,CL,3.0807210898762754,3.0,2.6907029958758453,-151.01392889769227,1605.6397752451114,4250,True,4.993403911590576,4.954322000000047
dense,7,3007,free,flow,8,V,30.42629816516319,30.0,1.4209938838772966,-151.01392889769227,1605.6397752451114,4250,True,4.993403911590576,4.954322000000047
dense,7,3007,free,flow,8,ka,1.1598171324848385,1.2,-3.3485722929301187,-151.01392889769227,1605.6397752451114,4250,True,4.993403911590576,4.954322000000047
dense,7,3007,free,flow,8,om_CL,0.270941181641845,0.3,-9.686272786051665,-151.01392889769227,1605.6397752451114,4250,True,4.993403911590576,4.954322000000047
dense,7,3007,free,flow,8,om_V,0.20042369963201273,0.2,0.21184981600635977,-151.01392889769227,1605.6397752451114,4250,True,4.993403911590576,4.954322000000047
dense,7,3007,free,flow,8,om_ka,0.32039421761956266,0.4,-19.901445595109337,-151.01392889769227,1605.6397752451114,4250,True,4.993403911590576,4.954322000000047
dense,7,3007,free,flow,8,sigma,0.19625936721602044,0.2,-1.8703163919897847,-151.01392889769227,1605.6397752451114,4250,True,4.993403911590576,4.954322000000047
dense,7,3007,free,flow,64,CL,3.0632552652274536,3.0,2.1085088409151207,-150.81484539355904,1480.968052038532,8500,True,37.57805895805359,37.354151
dense,7,3007,free,flow,64,V,30.261135402071623,30.0,0.8704513402387448,-150.81484539355904,1480.968052038532,8500,True,37.57805895805359,37.354151
dense,7,3007,free,flow,64,ka,1.1699031358510252,1.2,-2.5080720124145603,-150.81484539355904,1480.968052038532,8500,True,37.57805895805359,37.354151
dense,7,3007,free,flow,64,om_CL,0.2706914399734095,0.3,-9.769520008863498,-150.81484539355904,1480.968052038532,8500,True,37.57805895805359,37.354151
dense,7,3007,free,flow,64,om_V,0.20442811377616457,0.2,2.21405688808228,-150.81484539355904,1480.968052038532,8500,True,37.57805895805359,37.354151
dense,7,3007,free,flow,64,om_ka,0.350508233950052,0.4,-12.37294151248701,-150.81484539355904,1480.968052038532,8500,True,37.57805895805359,37.354151
dense,7,3007,free,flow,64,sigma,0.19513815541953733,0.2,-2.430922290231341,-150.81484539355904,1480.968052038532,8500,True,37.57805895805359,37.354151
dense,8,3008,free,flow,1,CL,3.054389423325221,3.0,1.8129807775073707,-177.4837841557603,3093.5315156602437,5250,True,21.461161136627197,21.183543999999983
dense,8,3008,free,flow,1,V,29.63141433847053,30.0,-1.2286188717648965,-177.4837841557603,3093.5315156602437,5250,True,21.461161136627197,21.183543999999983
dense,8,3008,free,flow,1,ka,1.1211539931482413,1.2,-6.570500570979891,-177.4837841557603,3093.5315156602437,5250,True,21.461161136627197,21.183543999999983
dense,8,3008,free,flow,1,om_CL,0.3053393259855041,0.3,1.7797753285013762,-177.4837841557603,3093.5315156602437,5250,True,21.461161136627197,21.183543999999983
dense,8,3008,free,flow,1,om_V,0.19035388875068773,0.2,-4.8230556246561385,-177.4837841557603,3093.5315156602437,5250,True,21.461161136627197,21.183543999999983
dense,8,3008,free,flow,1,om_ka,0.36797696675241687,0.4,-8.005758311895788,-177.4837841557603,3093.5315156602437,5250,True,21.461161136627197,21.183543999999983
dense,8,3008,free,flow,1,sigma,0.20054608438337634,0.2,0.27304219168816646,-177.4837841557603,3093.5315156602437,5250,True,21.461161136627197,21.183543999999983
dense,8,3008,free,flow,8,CL,3.0631256490231826,3.0,2.1041883007727544,-177.35625648884238,2853.7701740393863,8250,True,9.653037786483765,9.573296000000028
dense,8,3008,free,flow,8,V,29.648068548952224,30.0,-1.1731048368259185,-177.35625648884238,2853.7701740393863,8250,True,9.653037786483765,9.573296000000028
dense,8,3008,free,flow,8,ka,1.122439009719409,1.2,-6.463415856715912,-177.35625648884238,2853.7701740393863,8250,True,9.653037786483765,9.573296000000028
dense,8,3008,free,flow,8,om_CL,0.3070784066548677,0.3,2.3594688849558993,-177.35625648884238,2853.7701740393863,8250,True,9.653037786483765,9.573296000000028
dense,8,3008,free,flow,8,om_V,0.19376854394279358,0.2,-3.115728028603215,-177.35625648884238,2853.7701740393863,8250,True,9.653037786483765,9.573296000000028
dense,8,3008,free,flow,8,om_ka,0.3858011394674548,0.4,-3.5497151331363024,-177.35625648884238,2853.7701740393863,8250,True,9.653037786483765,9.573296000000028
dense,8,3008,free,flow,8,sigma,0.19820213012670754,0.2,-0.8989349366462368,-177.35625648884238,2853.7701740393863,8250,True,9.653037786483765,9.573296000000028
dense,8,3008,free,flow,64,CL,3.018761706930263,3.0,0.62539023100876,-177.42560688503994,1583.7333939007954,9500,True,44.67266893386841,44.02009499999997
dense,8,3008,free,flow,64,V,29.833033869021538,30.0,-0.5565537699282075,-177.42560688503994,1583.7333939007954,9500,True,44.67266893386841,44.02009499999997
dense,8,3008,free,flow,64,ka,1.1294868570219083,1.2,-5.876095248174304,-177.42560688503994,1583.7333939007954,9500,True,44.67266893386841,44.02009499999997
dense,8,3008,free,flow,64,om_CL,0.30954613392553465,0.3,3.1820446418448873,-177.42560688503994,1583.7333939007954,9500,True,44.67266893386841,44.02009499999997
dense,8,3008,free,flow,64,om_V,0.19091057339016151,0.2,-4.544713304919248,-177.42560688503994,1583.7333939007954,9500,True,44.67266893386841,44.02009499999997
dense,8,3008,free,flow,64,om_ka,0.389618556145777,0.4,-2.5953609635557537,-177.42560688503994,1583.7333939007954,9500,True,44.67266893386841,44.02009499999997
dense,8,3008,free,flow,64,sigma,0.19829471704620313,0.2,-0.8526414768984386,-177.42560688503994,1583.7333939007954,9500,True,44.67266893386841,44.02009499999997
dense,9,3009,free,flow,1,CL,3.08602240365891,3.0,2.867413455297004,-161.16860206004918,3200.6810643627123,2500,True,10.562631845474243,10.448427000000038
dense,9,3009,free,flow,1,V,30.810459668808427,30.0,2.701532229361424,-161.16860206004918,3200.6810643627123,2500,True,10.562631845474243,10.448427000000038
dense,9,3009,free,flow,1,ka,1.2333207487155646,1.2,2.7767290596303895,-161.16860206004918,3200.6810643627123,2500,True,10.562631845474243,10.448427000000038
dense,9,3009,free,flow,1,om_CL,0.2904500295013969,0.3,-3.183323499534356,-161.16860206004918,3200.6810643627123,2500,True,10.562631845474243,10.448427000000038
dense,9,3009,free,flow,1,om_V,0.19981885859586004,0.2,-0.09057070206998363,-161.16860206004918,3200.6810643627123,2500,True,10.562631845474243,10.448427000000038
dense,9,3009,free,flow,1,om_ka,0.3417571831988563,0.4,-14.560704200285933,-161.16860206004918,3200.6810643627123,2500,True,10.562631845474243,10.448427000000038
dense,9,3009,free,flow,1,sigma,0.1984139354231217,0.2,-0.7930322884391605,-161.16860206004918,3200.6810643627123,2500,True,10.562631845474243,10.448427000000038
dense,9,3009,free,flow,8,CL,3.104164282405575,3.0,3.472142746852495,-160.90648137926314,2224.414025848104,6250,True,7.422368049621582,7.347936000000004
dense,9,3009,free,flow,8,V,30.662605067368524,30.0,2.2086835578950805,-160.90648137926314,2224.414025848104,6250,True,7.422368049621582,7.347936000000004
dense,9,3009,free,flow,8,ka,1.2308209864034307,1.2,2.5684155336192322,-160.90648137926314,2224.414025848104,6250,True,7.422368049621582,7.347936000000004
dense,9,3009,free,flow,8,om_CL,0.28775526325479855,0.3,-4.081578915067145,-160.90648137926314,2224.414025848104,6250,True,7.422368049621582,7.347936000000004
dense,9,3009,free,flow,8,om_V,0.20344582106730308,0.2,1.7229105336515338,-160.90648137926314,2224.414025848104,6250,True,7.422368049621582,7.347936000000004
dense,9,3009,free,flow,8,om_ka,0.35255785690140656,0.4,-11.860535774648364,-160.90648137926314,2224.414025848104,6250,True,7.422368049621582,7.347936000000004
dense,9,3009,free,flow,8,sigma,0.19528225929277854,0.2,-2.3588703536107367,-160.90648137926314,2224.414025848104,6250,True,7.422368049621582,7.347936000000004
dense,9,3009,free,flow,64,CL,3.025379310535757,3.0,0.8459770178585716,-161.68747676400426,1621.875792369308,6000,True,26.61419415473938,26.43707500000005
dense,9,3009,free,flow,64,V,30.482066680133762,30.0,1.6068889337792076,-161.68747676400426,1621.875792369308,6000,True,26.61419415473938,26.43707500000005
dense,9,3009,free,flow,64,ka,1.264686605773506,1.2,5.390550481125504,-161.68747676400426,1621.875792369308,6000,True,26.61419415473938,26.43707500000005
dense,9,3009,free,flow,64,om_CL,0.30097088575497805,0.3,0.32362858499268565,-161.68747676400426,1621.875792369308,6000,True,26.61419415473938,26.43707500000005
dense,9,3009,free,flow,64,om_V,0.19956696727805437,0.2,-0.216516360972821,-161.68747676400426,1621.875792369308,6000,True,26.61419415473938,26.43707500000005
dense,9,3009,free,flow,64,om_ka,0.3573526143803555,0.4,-10.661846404911135,-161.68747676400426,1621.875792369308,6000,True,26.61419415473938,26.43707500000005
dense,9,3009,free,flow,64,sigma,0.19666407079781598,0.2,-1.6679646010920173,-161.68747676400426,1621.875792369308,6000,True,26.61419415473938,26.43707500000005
dense,10,3010,free,flow,1,CL,3.069068220554181,3.0,2.302274018472694,-197.9613736669782,3703.5736510268634,7000,True,28.28602385520935,28.073464999999942
dense,10,3010,free,flow,1,V,31.810440899412114,30.0,6.034802998040381,-197.9613736669782,3703.5736510268634,7000,True,28.28602385520935,28.073464999999942
dense,10,3010,free,flow,1,ka,1.2355529153373643,1.2,2.962742944780365,-197.9613736669782,3703.5736510268634,7000,True,28.28602385520935,28.073464999999942
dense,10,3010,free,flow,1,om_CL,0.3174120640916897,0.3,5.804021363896572,-197.9613736669782,3703.5736510268634,7000,True,28.28602385520935,28.073464999999942
dense,10,3010,free,flow,1,om_V,0.17552367648618547,0.2,-12.238161756907271,-197.9613736669782,3703.5736510268634,7000,True,28.28602385520935,28.073464999999942
dense,10,3010,free,flow,1,om_ka,0.43600794358881023,0.4,9.001985897202552,-197.9613736669782,3703.5736510268634,7000,True,28.28602385520935,28.073464999999942
dense,10,3010,free,flow,1,sigma,0.20924034280492157,0.2,4.620171402460779,-197.9613736669782,3703.5736510268634,7000,True,28.28602385520935,28.073464999999942
dense,10,3010,free,flow,8,CL,3.0345979090674478,3.0,1.1532636355815917,-198.33785264652533,2019.700057116777,2750,True,3.347938060760498,3.320875000000001
dense,10,3010,free,flow,8,V,31.484400783609548,30.0,4.948002612031826,-198.33785264652533,2019.700057116777,2750,True,3.347938060760498,3.320875000000001
dense,10,3010,free,flow,8,ka,1.2375047789033868,1.2,3.125398241948907,-198.33785264652533,2019.700057116777,2750,True,3.347938060760498,3.320875000000001
dense,10,3010,free,flow,8,om_CL,0.31308730776787663,0.3,4.362435922625548,-198.33785264652533,2019.700057116777,2750,True,3.347938060760498,3.320875000000001
dense,10,3010,free,flow,8,om_V,0.1782315791376798,0.2,-10.8842104311601,-198.33785264652533,2019.700057116777,2750,True,3.347938060760498,3.320875000000001
dense,10,3010,free,flow,8,om_ka,0.4353695060908155,0.4,8.842376522703864,-198.33785264652533,2019.700057116777,2750,True,3.347938060760498,3.320875000000001
dense,10,3010,free,flow,8,sigma,0.21290634360628863,0.2,6.453171803144309,-198.33785264652533,2019.700057116777,2750,True,3.347938060760498,3.320875000000001
dense,10,3010,free,flow,64,CL,3.0606545803424923,3.0,2.0218193447497423,-198.58984895584388,1969.6503660102642,3000,True,14.032315254211426,13.849779000000012
dense,10,3010,free,flow,64,V,32.26260569876153,30.0,7.542018995871776,-198.58984895584388,1969.6503660102642,3000,True,14.032315254211426,13.849779000000012
dense,10,3010,free,flow,64,ka,1.2363920535496542,1.2,3.032671129137854,-198.58984895584388,1969.6503660102642,3000,True,14.032315254211426,13.849779000000012
dense,10,3010,free,flow,64,om_CL,0.3169157693203159,0.3,5.638589773438637,-198.58984895584388,1969.6503660102642,3000,True,14.032315254211426,13.849779000000012
dense,10,3010,free,flow,64,om_V,0.17308902381269484,0.2,-13.455488093652587,-198.58984895584388,1969.6503660102642,3000,True,14.032315254211426,13.849779000000012
dense,10,3010,free,flow,64,om_ka,0.43364229637871093,0.4,8.410574094677727,-198.58984895584388,1969.6503660102642,3000,True,14.032315254211426,13.849779000000012
dense,10,3010,free,flow,64,sigma,0.21221571976281473,0.2,6.107859881407356,-198.58984895584388,1969.6503660102642,3000,True,14.032315254211426,13.849779000000012
dense,11,3011,free,flow,1,CL,3.001893449700992,3.0,0.06311499003306409,-190.08733043989082,3651.560617547522,7000,True,28.205272912979126,27.96898500000009
dense,11,3011,free,flow,1,V,29.801349528797985,30.0,-0.6621682373400498,-190.08733043989082,3651.560617547522,7000,True,28.205272912979126,27.96898500000009
dense,11,3011,free,flow,1,ka,1.200424855929201,1.2,0.03540466076675427,-190.08733043989082,3651.560617547522,7000,True,28.205272912979126,27.96898500000009
dense,11,3011,free,flow,1,om_CL,0.28600782567936966,0.3,-4.664058106876775,-190.08733043989082,3651.560617547522,7000,True,28.205272912979126,27.96898500000009
dense,11,3011,free,flow,1,om_V,0.18822496456066426,0.2,-5.887517719667876,-190.08733043989082,3651.560617547522,7000,True,28.205272912979126,27.96898500000009
dense,11,3011,free,flow,1,om_ka,0.4126149675748876,0.4,3.1537418937218895,-190.08733043989082,3651.560617547522,7000,True,28.205272912979126,27.96898500000009
dense,11,3011,free,flow,1,sigma,0.20739708398855577,0.2,3.698541994277882,-190.08733043989082,3651.560617547522,7000,True,28.205272912979126,27.96898500000009
dense,11,3011,free,flow,8,CL,3.0066884472686537,3.0,0.22294824228845656,-189.410692449702,2540.0521750032276,11500,True,13.364186763763428,13.251872999999932
dense,11,3011,free,flow,8,V,29.79567236427055,30.0,-0.6810921190981626,-189.410692449702,2540.0521750032276,11500,True,13.364186763763428,13.251872999999932
dense,11,3011,free,flow,8,ka,1.1751639445403785,1.2,-2.069671288301785,-189.410692449702,2540.0521750032276,11500,True,13.364186763763428,13.251872999999932
dense,11,3011,free,flow,8,om_CL,0.2922058025530626,0.3,-2.598065815645793,-189.410692449702,2540.0521750032276,11500,True,13.364186763763428,13.251872999999932
dense,11,3011,free,flow,8,om_V,0.19129540517210805,0.2,-4.35229741394598,-189.410692449702,2540.0521750032276,11500,True,13.364186763763428,13.251872999999932
dense,11,3011,free,flow,8,om_ka,0.41327185018575746,0.4,3.3179625464393596,-189.410692449702,2540.0521750032276,11500,True,13.364186763763428,13.251872999999932
dense,11,3011,free,flow,8,sigma,0.20585335767430463,0.2,2.926678837152308,-189.410692449702,2540.0521750032276,11500,True,13.364186763763428,13.251872999999932
dense,11,3011,free,flow,64,CL,2.9746433487243578,3.0,-0.8452217091880746,-190.7438317620228,1439.37116227217,8000,True,35.57241129875183,35.31862100000001
dense,11,3011,free,flow,64,V,29.71741437175151,30.0,-0.9419520941616355,-190.7438317620228,1439.37116227217,8000,True,35.57241129875183,35.31862100000001
dense,11,3011,free,flow,64,ka,1.188495442051475,1.2,-0.9587131623770747,-190.7438317620228,1439.37116227217,8000,True,35.57241129875183,35.31862100000001
dense,11,3011,free,flow,64,om_CL,0.29403214441863507,0.3,-1.9892851937883076,-190.7438317620228,1439.37116227217,8000,True,35.57241129875183,35.31862100000001
dense,11,3011,free,flow,64,om_V,0.19002477628235134,0.2,-4.987611858824334,-190.7438317620228,1439.37116227217,8000,True,35.57241129875183,35.31862100000001
dense,11,3011,free,flow,64,om_ka,0.4170381968459199,0.4,4.259549211479974,-190.7438317620228,1439.37116227217,8000,True,35.57241129875183,35.31862100000001
dense,11,3011,free,flow,64,sigma,0.2073736682757077,0.2,3.686834137853839,-190.7438317620228,1439.37116227217,8000,True,35.57241129875183,35.31862100000001
dense,12,3012,free,flow,1,CL,2.984206208785737,3.0,-0.5264597071420981,-146.75217845036462,3450.3319698564387,6000,True,24.080816984176636,23.91056100000003
dense,12,3012,free,flow,1,V,29.618566453338076,30.0,-1.271445155539747,-146.75217845036462,3450.3319698564387,6000,True,24.080816984176636,23.91056100000003
dense,12,3012,free,flow,1,ka,1.2053094697679616,1.2,0.44245581399680417,-146.75217845036462,3450.3319698564387,6000,True,24.080816984176636,23.91056100000003
dense,12,3012,free,flow,1,om_CL,0.3011036638187996,0.3,0.3678879395998721,-146.75217845036462,3450.3319698564387,6000,True,24.080816984176636,23.91056100000003
dense,12,3012,free,flow,1,om_V,0.18990263392533294,0.2,-5.048683037333537,-146.75217845036462,3450.3319698564387,6000,True,24.080816984176636,23.91056100000003
dense,12,3012,free,flow,1,om_ka,0.36693219631055063,0.4,-8.266950922362348,-146.75217845036462,3450.3319698564387,6000,True,24.080816984176636,23.91056100000003
dense,12,3012,free,flow,1,sigma,0.19278312108028645,0.2,-3.6084394598567826,-146.75217845036462,3450.3319698564387,6000,True,24.080816984176636,23.91056100000003
dense,12,3012,free,flow,8,CL,3.019059308712432,3.0,0.6353102904144,-146.96060798040708,1631.766707385395,5000,True,5.830608129501343,5.795890999999983
dense,12,3012,free,flow,8,V,29.60107043321786,30.0,-1.329765222607134,-146.96060798040708,1631.766707385395,5000,True,5.830608129501343,5.795890999999983
dense,12,3012,free,flow,8,ka,1.2105342267634769,1.2,0.877852230289744,-146.96060798040708,1631.766707385395,5000,True,5.830608129501343,5.795890999999983
dense,12,3012,free,flow,8,om_CL,0.2974706888834751,0.3,-0.8431037055082932,-146.96060798040708,1631.766707385395,5000,True,5.830608129501343,5.795890999999983
dense,12,3012,free,flow,8,om_V,0.1839098708984458,0.2,-8.04506455077711,-146.96060798040708,1631.766707385395,5000,True,5.830608129501343,5.795890999999983
dense,12,3012,free,flow,8,om_ka,0.39495623169055927,0.4,-1.2609420773601887,-146.96060798040708,1631.766707385395,5000,True,5.830608129501343,5.795890999999983
dense,12,3012,free,flow,8,sigma,0.19103105593220027,0.2,-4.484472033899872,-146.96060798040708,1631.766707385395,5000,True,5.830608129501343,5.795890999999983
dense,12,3012,free,flow,64,CL,2.9600183976041574,3.0,-1.3327200798614196,-147.45217711958438,1779.2321066478553,9250,True,42.24447274208069,41.66119200000003
dense,12,3012,free,flow,64,V,29.418806758431593,30.0,-1.937310805228023,-147.45217711958438,1779.2321066478553,9250,True,42.24447274208069,41.66119200000003
dense,12,3012,free,flow,64,ka,1.2387417198993471,1.2,3.22847665827893,-147.45217711958438,1779.2321066478553,9250,True,42.24447274208069,41.66119200000003
dense,12,3012,free,flow,64,om_CL,0.2948630265245836,0.3,-1.712324491805454,-147.45217711958438,1779.2321066478553,9250,True,42.24447274208069,41.66119200000003
dense,12,3012,free,flow,64,om_V,0.1899252360529781,0.2,-5.037381973510959,-147.45217711958438,1779.2321066478553,9250,True,42.24447274208069,41.66119200000003
dense,12,3012,free,flow,64,om_ka,0.380655196788372,0.4,-4.836200802907003,-147.45217711958438,1779.2321066478553,9250,True,42.24447274208069,41.66119200000003
dense,12,3012,free,flow,64,sigma,0.1899440368957077,0.2,-5.027981552146149,-147.45217711958438,1779.2321066478553,9250,True,42.24447274208069,41.66119200000003
dense,13,3013,free,flow,1,CL,2.8761692703602844,3.0,-4.127690987990522,-159.71680444176917,3151.086918643644,4500,True,18.27515697479248,18.117016000000035
dense,13,3013,free,flow,1,V,30.23377520351106,30.0,0.7792506783701943,-159.71680444176917,3151.086918643644,4500,True,18.27515697479248,18.117016000000035
dense,13,3013,free,flow,1,ka,1.2342581476159293,1.2,2.854845634660782,-159.71680444176917,3151.086918643644,4500,True,18.27515697479248,18.117016000000035
dense,13,3013,free,flow,1,om_CL,0.2885277311857923,0.3,-3.824089604735903,-159.71680444176917,3151.086918643644,4500,True,18.27515697479248,18.117016000000035
dense,13,3013,free,flow,1,om_V,0.17807316893666067,0.2,-10.963415531669671,-159.71680444176917,3151.086918643644,4500,True,18.27515697479248,18.117016000000035
dense,13,3013,free,flow,1,om_ka,0.42125314022540183,0.4,5.313285056350453,-159.71680444176917,3151.086918643644,4500,True,18.27515697479248,18.117016000000035
dense,13,3013,free,flow,1,sigma,0.1961942828064617,0.2,-1.9028585967691551,-159.71680444176917,3151.086918643644,4500,True,18.27515697479248,18.117016000000035
dense,13,3013,free,flow,8,CL,2.888388216464574,3.0,-3.7203927845141926,-159.84779158703634,1822.1123322645594,3250,True,4.377104997634888,4.240460999999982
dense,13,3013,free,flow,8,V,29.757080505985815,30.0,-0.8097316467139493,-159.84779158703634,1822.1123322645594,3250,True,4.377104997634888,4.240460999999982
dense,13,3013,free,flow,8,ka,1.250464977613086,1.2,4.205414801090509,-159.84779158703634,1822.1123322645594,3250,True,4.377104997634888,4.240460999999982
dense,13,3013,free,flow,8,om_CL,0.29841992160764375,0.3,-0.5266927974520812,-159.84779158703634,1822.1123322645594,3250,True,4.377104997634888,4.240460999999982
dense,13,3013,free,flow,8,om_V,0.1850113430902795,0.2,-7.494328454860255,-159.84779158703634,1822.1123322645594,3250,True,4.377104997634888,4.240460999999982
dense,13,3013,free,flow,8,om_ka,0.4103942220866831,0.4,2.5985555216707645,-159.84779158703634,1822.1123322645594,3250,True,4.377104997634888,4.240460999999982
dense,13,3013,free,flow,8,sigma,0.19437433292115128,0.2,-2.812833539424367,-159.84779158703634,1822.1123322645594,3250,True,4.377104997634888,4.240460999999982
dense,13,3013,free,flow,64,CL,2.8840266527580782,3.0,-3.865778241397392,-159.41752685553217,1610.8038436059142,9500,True,44.093448877334595,43.38629300000002
dense,13,3013,free,flow,64,V,29.713101950217922,30.0,-0.9563268326069263,-159.41752685553217,1610.8038436059142,9500,True,44.093448877334595,43.38629300000002
dense,13,3013,free,flow,64,ka,1.237473276525198,1.2,3.1227730437664953,-159.41752685553217,1610.8038436059142,9500,True,44.093448877334595,43.38629300000002
dense,13,3013,free,flow,64,om_CL,0.29672473309281505,0.3,-1.0917556357283125,-159.41752685553217,1610.8038436059142,9500,True,44.093448877334595,43.38629300000002
dense,13,3013,free,flow,64,om_V,0.18462317831271616,0.2,-7.688410843641926,-159.41752685553217,1610.8038436059142,9500,True,44.093448877334595,43.38629300000002
dense,13,3013,free,flow,64,om_ka,0.4176153548189357,0.4,4.403838704733917,-159.41752685553217,1610.8038436059142,9500,True,44.093448877334595,43.38629300000002
dense,13,3013,free,flow,64,sigma,0.19388592513673014,0.2,-3.0570374316349347,-159.41752685553217,1610.8038436059142,9500,True,44.093448877334595,43.38629300000002
dense,14,3014,free,flow,1,CL,2.936890764623876,3.0,-2.1036411792041263,-165.89674701213852,3408.779410445444,2750,True,10.999422311782837,10.935806999999954
dense,14,3014,free,flow,1,V,30.424613811561795,30.0,1.4153793718726486,-165.89674701213852,3408.779410445444,2750,True,10.999422311782837,10.935806999999954
dense,14,3014,free,flow,1,ka,1.1442959127871568,1.2,-4.642007267736929,-165.89674701213852,3408.779410445444,2750,True,10.999422311782837,10.935806999999954
dense,14,3014,free,flow,1,om_CL,0.3084503464725077,0.3,2.816782157502566,-165.89674701213852,3408.779410445444,2750,True,10.999422311782837,10.935806999999954
dense,14,3014,free,flow,1,om_V,0.17612951846216188,0.2,-11.935240768919066,-165.89674701213852,3408.779410445444,2750,True,10.999422311782837,10.935806999999954
dense,14,3014,free,flow,1,om_ka,0.4061500901638676,0.4,1.5375225409668958,-165.89674701213852,3408.779410445444,2750,True,10.999422311782837,10.935806999999954
dense,14,3014,free,flow,1,sigma,0.19857076137136362,0.2,-0.7146193143181961,-165.89674701213852,3408.779410445444,2750,True,10.999422311782837,10.935806999999954
dense,14,3014,free,flow,8,CL,2.98780776979412,3.0,-0.4064076735293298,-165.49448086513127,3210.214534525198,12250,True,13.886841058731079,13.807521000000065
dense,14,3014,free,flow,8,V,30.215589620207847,30.0,0.7186320673594911,-165.49448086513127,3210.214534525198,12250,True,13.886841058731079,13.807521000000065
dense,14,3014,free,flow,8,ka,1.1586303031314578,1.2,-3.447474739045183,-165.49448086513127,3210.214534525198,12250,True,13.886841058731079,13.807521000000065
dense,14,3014,free,flow,8,om_CL,0.3049515875142564,0.3,1.6505291714187984,-165.49448086513127,3210.214534525198,12250,True,13.886841058731079,13.807521000000065
dense,14,3014,free,flow,8,om_V,0.18062820851863814,0.2,-9.685895740680932,-165.49448086513127,3210.214534525198,12250,True,13.886841058731079,13.807521000000065
dense,14,3014,free,flow,8,om_ka,0.4236430589074966,0.4,5.910764726874143,-165.49448086513127,3210.214534525198,12250,True,13.886841058731079,13.807521000000065
dense,14,3014,free,flow,8,sigma,0.19304765850102992,0.2,-3.476170749485044,-165.49448086513127,3210.214534525198,12250,True,13.886841058731079,13.807521000000065
dense,14,3014,free,flow,64,CL,2.9125536294365677,3.0,-2.9148790187810767,-1936.3731593521347,1.8426597338502442,4250,True,18.61961579322815,18.525045999999975
dense,14,3014,free,flow,64,V,29.909747862154116,30.0,-0.30084045948627863,-1936.3731593521347,1.8426597338502442,4250,True,18.61961579322815,18.525045999999975
dense,14,3014,free,flow,64,ka,1.1516486691185346,1.2,-4.029277573455448,-1936.3731593521347,1.8426597338502442,4250,True,18.61961579322815,18.525045999999975
dense,14,3014,free,flow,64,om_CL,0.30919300232964464,0.3,3.06433410988155,-1936.3731593521347,1.8426597338502442,4250,True,18.61961579322815,18.525045999999975
dense,14,3014,free,flow,64,om_V,0.1786325856204311,0.2,-10.683707189784451,-1936.3731593521347,1.8426597338502442,4250,True,18.61961579322815,18.525045999999975
dense,14,3014,free,flow,64,om_ka,0.4184130691340717,0.4,4.603267283517925,-1936.3731593521347,1.8426597338502442,4250,True,18.61961579322815,18.525045999999975
dense,14,3014,free,flow,64,sigma,0.19397680586874297,0.2,-3.011597065628521,-1936.3731593521347,1.8426597338502442,4250,True,18.61961579322815,18.525045999999975
dense,15,3015,free,flow,1,CL,3.0837437791011912,3.0,2.7914593033730415,-200.26270974113984,3440.450330021544,4500,True,17.746235847473145,17.664424000000054
dense,15,3015,free,flow,1,V,30.218507829409262,30.0,0.7283594313642064,-200.26270974113984,3440.450330021544,4500,True,17.746235847473145,17.664424000000054
dense,15,3015,free,flow,1,ka,1.175697979139042,1.2,-2.0251684050798247,-200.26270974113984,3440.450330021544,4500,True,17.746235847473145,17.664424000000054
dense,15,3015,free,flow,1,om_CL,0.3357031750774469,0.3,11.901058359148971,-200.26270974113984,3440.450330021544,4500,True,17.746235847473145,17.664424000000054
dense,15,3015,free,flow,1,om_V,0.1809351111855858,0.2,-9.532444407207102,-200.26270974113984,3440.450330021544,4500,True,17.746235847473145,17.664424000000054
dense,15,3015,free,flow,1,om_ka,0.4480748967978971,0.4,12.018724199474264,-200.26270974113984,3440.450330021544,4500,True,17.746235847473145,17.664424000000054
dense,15,3015,free,flow,1,sigma,0.20282695458312963,0.2,1.4134772915648102,-200.26270974113984,3440.450330021544,4500,True,17.746235847473145,17.664424000000054
dense,15,3015,free,flow,8,CL,2.977836312955825,3.0,-0.7387895681391606,-199.69862866175356,3382.818780817776,12000,True,14.066948175430298,13.929748000000018
dense,15,3015,free,flow,8,V,30.27661133583569,30.0,0.9220377861189633,-199.69862866175356,3382.818780817776,12000,True,14.066948175430298,13.929748000000018
dense,15,3015,free,flow,8,ka,1.1798801360365285,1.2,-1.676655330289286,-199.69862866175356,3382.818780817776,12000,True,14.066948175430298,13.929748000000018
dense,15,3015,free,flow,8,om_CL,0.3400636544444241,0.3,13.354551481474706,-199.69862866175356,3382.818780817776,12000,True,14.066948175430298,13.929748000000018
dense,15,3015,free,flow,8,om_V,0.18759537049189426,0.2,-6.202314754052876,-199.69862866175356,3382.818780817776,12000,True,14.066948175430298,13.929748000000018
dense,15,3015,free,flow,8,om_ka,0.44375991869382847,0.4,10.939979673457112,-199.69862866175356,3382.818780817776,12000,True,14.066948175430298,13.929748000000018
dense,15,3015,free,flow,8,sigma,0.2006482099934689,0.2,0.3241049967344506,-199.69862866175356,3382.818780817776,12000,True,14.066948175430298,13.929748000000018
dense,15,3015,free,flow,64,CL,2.988822993493889,3.0,-0.37256688353703993,-200.3419523132182,1559.178164456556,9500,True,42.64470410346985,42.23872600000004
dense,15,3015,free,flow,64,V,30.58728002385219,30.0,1.9576000795073039,-200.3419523132182,1559.178164456556,9500,True,42.64470410346985,42.23872600000004
dense,15,3015,free,flow,64,ka,1.1726781403708835,1.2,-2.276821635759707,-200.3419523132182,1559.178164456556,9500,True,42.64470410346985,42.23872600000004
dense,15,3015,free,flow,64,om_CL,0.3353160983373591,0.3,11.772032779119701,-200.3419523132182,1559.178164456556,9500,True,42.64470410346985,42.23872600000004
dense,15,3015,free,flow,64,om_V,0.17788351115723106,0.2,-11.058244421384478,-200.3419523132182,1559.178164456556,9500,True,42.64470410346985,42.23872600000004
dense,15,3015,free,flow,64,om_ka,0.4537322412399549,0.4,13.433060309988724,-200.3419523132182,1559.178164456556,9500,True,42.64470410346985,42.23872600000004
dense,15,3015,free,flow,64,sigma,0.20102081345132675,0.2,0.5104067256633676,-200.3419523132182,1559.178164456556,9500,True,42.64470410346985,42.23872600000004
dense,16,3016,free,flow,1,CL,2.776378542323162,3.0,-7.454048589227928,-186.9509484459811,3423.073045536467,8750,True,34.76817774772644,34.55079999999998
dense,16,3016,free,flow,1,V,29.582909314273042,30.0,-1.3903022857565261,-186.9509484459811,3423.073045536467,8750,True,34.76817774772644,34.55079999999998
dense,16,3016,free,flow,1,ka,1.2483743256779205,1.2,4.03119380649338,-186.9509484459811,3423.073045536467,8750,True,34.76817774772644,34.55079999999998
dense,16,3016,free,flow,1,om_CL,0.32158903290293117,0.3,7.19634430097706,-186.9509484459811,3423.073045536467,8750,True,34.76817774772644,34.55079999999998
dense,16,3016,free,flow,1,om_V,0.20485239210157608,0.2,2.426196050788032,-186.9509484459811,3423.073045536467,8750,True,34.76817774772644,34.55079999999998
dense,16,3016,free,flow,1,om_ka,0.4063188180147257,0.4,1.5797045036814172,-186.9509484459811,3423.073045536467,8750,True,34.76817774772644,34.55079999999998
dense,16,3016,free,flow,1,sigma,0.2021127575220515,0.2,1.0563787610257391,-186.9509484459811,3423.073045536467,8750,True,34.76817774772644,34.55079999999998
dense,16,3016,free,flow,8,CL,2.9412822145206037,3.0,-1.9572595159798774,-187.70488288635383,2168.9337204664926,6500,True,7.508577585220337,7.463756999999987
dense,16,3016,free,flow,8,V,29.132964052228896,30.0,-2.8901198259036796,-187.70488288635383,2168.9337204664926,6500,True,7.508577585220337,7.463756999999987
dense,16,3016,free,flow,8,ka,1.248402587156727,1.2,4.033548929727257,-187.70488288635383,2168.9337204664926,6500,True,7.508577585220337,7.463756999999987
dense,16,3016,free,flow,8,om_CL,0.31179769414806585,0.3,3.9325647160219543,-187.70488288635383,2168.9337204664926,6500,True,7.508577585220337,7.463756999999987
dense,16,3016,free,flow,8,om_V,0.20651702306623554,0.2,3.2585115331177636,-187.70488288635383,2168.9337204664926,6500,True,7.508577585220337,7.463756999999987
dense,16,3016,free,flow,8,om_ka,0.3896404362253509,0.4,-2.5898909436622843,-187.70488288635383,2168.9337204664926,6500,True,7.508577585220337,7.463756999999987
dense,16,3016,free,flow,8,sigma,0.20692588798232864,0.2,3.4629439911643134,-187.70488288635383,2168.9337204664926,6500,True,7.508577585220337,7.463756999999987
dense,16,3016,free,flow,64,CL,2.842953039895654,3.0,-5.234898670144868,-186.80649316368888,1263.6845235522546,16750,True,74.61882019042969,73.96164500000009
dense,16,3016,free,flow,64,V,29.372813772829396,30.0,-2.0906207572353472,-186.80649316368888,1263.6845235522546,16750,True,74.61882019042969,73.96164500000009
dense,16,3016,free,flow,64,ka,1.2453247617215781,1.2,3.7770634767981814,-186.80649316368888,1263.6845235522546,16750,True,74.61882019042969,73.96164500000009
dense,16,3016,free,flow,64,om_CL,0.31271701222090353,0.3,4.239004073634515,-186.80649316368888,1263.6845235522546,16750,True,74.61882019042969,73.96164500000009
dense,16,3016,free,flow,64,om_V,0.21452016534243798,0.2,7.260082671218983,-186.80649316368888,1263.6845235522546,16750,True,74.61882019042969,73.96164500000009
dense,16,3016,free,flow,64,om_ka,0.399416583076495,0.4,-0.1458542308762495,-186.80649316368888,1263.6845235522546,16750,True,74.61882019042969,73.96164500000009
dense,16,3016,free,flow,64,sigma,0.2027732296703314,0.2,1.3866148351656948,-186.80649316368888,1263.6845235522546,16750,True,74.61882019042969,73.96164500000009
dense,17,3017,free,flow,1,CL,3.1206013705145716,3.0,4.020045683819055,-209.30459589256793,3501.984817422614,5500,True,22.465455055236816,22.257425999999896
dense,17,3017,free,flow,1,V,29.426153261094235,30.0,-1.9128224630192154,-209.30459589256793,3501.984817422614,5500,True,22.465455055236816,22.257425999999896
dense,17,3017,free,flow,1,ka,1.187485971252434,1.2,-1.042835728963835,-209.30459589256793,3501.984817422614,5500,True,22.465455055236816,22.257425999999896
dense,17,3017,free,flow,1,om_CL,0.30077224199607816,0.3,0.25741399869272374,-209.30459589256793,3501.984817422614,5500,True,22.465455055236816,22.257425999999896
dense,17,3017,free,flow,1,om_V,0.22292534226405314,0.2,11.462671132026564,-209.30459589256793,3501.984817422614,5500,True,22.465455055236816,22.257425999999896
dense,17,3017,free,flow,1,om_ka,0.3386703331595735,0.4,-15.332416710106628,-209.30459589256793,3501.984817422614,5500,True,22.465455055236816,22.257425999999896
dense,17,3017,free,flow,1,sigma,0.21176798572920563,0.2,5.88399286460281,-209.30459589256793,3501.984817422614,5500,True,22.465455055236816,22.257425999999896
dense,17,3017,free,flow,8,CL,3.121838619715283,3.0,4.061287323842766,-208.89296930768677,1967.863793453375,6000,True,7.036456108093262,6.984772999999905
dense,17,3017,free,flow,8,V,29.263640593901467,30.0,-2.454531353661776,-208.89296930768677,1967.863793453375,6000,True,7.036456108093262,6.984772999999905
dense,17,3017,free,flow,8,ka,1.1949801062952523,1.2,-0.4183244753956372,-208.89296930768677,1967.863793453375,6000,True,7.036456108093262,6.984772999999905
dense,17,3017,free,flow,8,om_CL,0.30536376878737437,0.3,1.7879229291247931,-208.89296930768677,1967.863793453375,6000,True,7.036456108093262,6.984772999999905
dense,17,3017,free,flow,8,om_V,0.22532111083976375,0.2,12.660555419881868,-208.89296930768677,1967.863793453375,6000,True,7.036456108093262,6.984772999999905
dense,17,3017,free,flow,8,om_ka,0.3575670477833137,0.4,-10.608238054171574,-208.89296930768677,1967.863793453375,6000,True,7.036456108093262,6.984772999999905
dense,17,3017,free,flow,8,sigma,0.20716481679885168,0.2,3.5824083994258347,-208.89296930768677,1967.863793453375,6000,True,7.036456108093262,6.984772999999905
dense,17,3017,free,flow,64,CL,3.1000872759609592,3.0,3.3362425320319744,-208.7976431978193,1897.6610001222668,11000,True,50.11957597732544,49.50404000000003
dense,17,3017,free,flow,64,V,29.281131847087362,30.0,-2.3962271763754592,-208.7976431978193,1897.6610001222668,11000,True,50.11957597732544,49.50404000000003
dense,17,3017,free,flow,64,ka,1.2048437450602847,1.2,0.40364542169039436,-208.7976431978193,1897.6610001222668,11000,True,50.11957597732544,49.50404000000003
dense,17,3017,free,flow,64,om_CL,0.30368481711162315,0.3,1.228272370541054,-208.7976431978193,1897.6610001222668,11000,True,50.11957597732544,49.50404000000003
dense,17,3017,free,flow,64,om_V,0.2229837731836147,0.2,11.491886591807345,-208.7976431978193,1897.6610001222668,11000,True,50.11957597732544,49.50404000000003
dense,17,3017,free,flow,64,om_ka,0.36518532624587197,0.4,-8.703668438532013,-208.7976431978193,1897.6610001222668,11000,True,50.11957597732544,49.50404000000003
dense,17,3017,free,flow,64,sigma,0.20749421779304025,0.2,3.7471088965201207,-208.7976431978193,1897.6610001222668,11000,True,50.11957597732544,49.50404000000003
dense,18,3018,free,flow,1,CL,2.883300127018128,3.0,-3.889995766062393,-141.74528446042382,3210.9269674946468,2500,True,10.608605861663818,10.439671999999973
dense,18,3018,free,flow,1,V,30.23847322805313,30.0,0.7949107601771033,-141.74528446042382,3210.9269674946468,2500,True,10.608605861663818,10.439671999999973
dense,18,3018,free,flow,1,ka,1.1511788132111056,1.2,-4.068432232407863,-141.74528446042382,3210.9269674946468,2500,True,10.608605861663818,10.439671999999973
dense,18,3018,free,flow,1,om_CL,0.274400189963185,0.3,-8.533270012271666,-141.74528446042382,3210.9269674946468,2500,True,10.608605861663818,10.439671999999973
dense,18,3018,free,flow,1,om_V,0.19193583596343475,0.2,-4.032082018282631,-141.74528446042382,3210.9269674946468,2500,True,10.608605861663818,10.439671999999973
dense,18,3018,free,flow,1,om_ka,0.32676136567242,0.4,-18.30965858189501,-141.74528446042382,3210.9269674946468,2500,True,10.608605861663818,10.439671999999973
dense,18,3018,free,flow,1,sigma,0.19801455866724094,0.2,-0.9927206663795374,-141.74528446042382,3210.9269674946468,2500,True,10.608605861663818,10.439671999999973
dense,18,3018,free,flow,8,CL,2.912616013408255,3.0,-2.9127995530581727,-141.2738308710955,2706.9711280110655,11250,True,13.246569871902466,13.118318000000045
dense,18,3018,free,flow,8,V,29.97254318892578,30.0,-0.09152270358073385,-141.2738308710955,2706.9711280110655,11250,True,13.246569871902466,13.118318000000045
dense,18,3018,free,flow,8,ka,1.1467584829835547,1.2,-4.436793084703775,-141.2738308710955,2706.9711280110655,11250,True,13.246569871902466,13.118318000000045
dense,18,3018,free,flow,8,om_CL,0.27219704368642117,0.3,-9.267652104526274,-141.2738308710955,2706.9711280110655,11250,True,13.246569871902466,13.118318000000045
dense,18,3018,free,flow,8,om_V,0.1912857979996028,0.2,-4.357101000198607,-141.2738308710955,2706.9711280110655,11250,True,13.246569871902466,13.118318000000045
dense,18,3018,free,flow,8,om_ka,0.33443239587004603,0.4,-16.391901032488498,-141.2738308710955,2706.9711280110655,11250,True,13.246569871902466,13.118318000000045
dense,18,3018,free,flow,8,sigma,0.1959267145670667,0.2,-2.036642716466655,-141.2738308710955,2706.9711280110655,11250,True,13.246569871902466,13.118318000000045
dense,18,3018,free,flow,64,CL,2.928821024422095,3.0,-2.3726325192634956,-141.56457585828377,1315.870203792709,4000,True,18.110239028930664,17.963265999999976
dense,18,3018,free,flow,64,V,29.952699825603474,30.0,-0.15766724798841855,-141.56457585828377,1315.870203792709,4000,True,18.110239028930664,17.963265999999976
dense,18,3018,free,flow,64,ka,1.1442566110918382,1.2,-4.645282409013482,-141.56457585828377,1315.870203792709,4000,True,18.110239028930664,17.963265999999976
dense,18,3018,free,flow,64,om_CL,0.2699397176972741,0.3,-10.020094100908631,-141.56457585828377,1315.870203792709,4000,True,18.110239028930664,17.963265999999976
dense,18,3018,free,flow,64,om_V,0.19422205552319594,0.2,-2.8889722384020375,-141.56457585828377,1315.870203792709,4000,True,18.110239028930664,17.963265999999976
dense,18,3018,free,flow,64,om_ka,0.3338703584256579,0.4,-16.532410393585536,-141.56457585828377,1315.870203792709,4000,True,18.110239028930664,17.963265999999976
dense,18,3018,free,flow,64,sigma,0.1942380655456347,0.2,-2.8809672271826594,-141.56457585828377,1315.870203792709,4000,True,18.110239028930664,17.963265999999976
dense,19,3019,free,flow,1,CL,3.024251663313985,3.0,0.8083887771328365,-184.0932573939587,3596.1783573236344,7250,True,29.625909090042114,29.342597999999953
dense,19,3019,free,flow,1,V,29.827427448451132,30.0,-0.5752418384962255,-184.0932573939587,3596.1783573236344,7250,True,29.625909090042114,29.342597999999953
dense,19,3019,free,flow,1,ka,1.1700428458072505,1.2,-2.496429516062456,-184.0932573939587,3596.1783573236344,7250,True,29.625909090042114,29.342597999999953
dense,19,3019,free,flow,1,om_CL,0.28942370136205453,0.3,-3.525432879315153,-184.0932573939587,3596.1783573236344,7250,True,29.625909090042114,29.342597999999953
dense,19,3019,free,flow,1,om_V,0.17796168645675722,0.2,-11.019156771621393,-184.0932573939587,3596.1783573236344,7250,True,29.625909090042114,29.342597999999953
dense,19,3019,free,flow,1,om_ka,0.3785891522112531,0.4,-5.3527119471867275,-184.0932573939587,3596.1783573236344,7250,True,29.625909090042114,29.342597999999953
dense,19,3019,free,flow,1,sigma,0.209705402444704,0.2,4.852701222351999,-184.0932573939587,3596.1783573236344,7250,True,29.625909090042114,29.342597999999953
dense,19,3019,free,flow,8,CL,2.97567730361606,3.0,-0.8107565461313341,-183.8001149110009,2998.988878627372,11750,True,13.565858840942383,13.466096000000107
dense,19,3019,free,flow,8,V,29.720969260095647,30.0,-0.9301024663478449,-183.8001149110009,2998.988878627372,11750,True,13.565858840942383,13.466096000000107
dense,19,3019,free,flow,8,ka,1.185834735353499,1.2,-1.1804387205417433,-183.8001149110009,2998.988878627372,11750,True,13.565858840942383,13.466096000000107
dense,19,3019,free,flow,8,om_CL,0.28774845749969014,0.3,-4.083847500103285,-183.8001149110009,2998.988878627372,11750,True,13.565858840942383,13.466096000000107
dense,19,3019,free,flow,8,om_V,0.17724329162695046,0.2,-11.378354186524774,-183.8001149110009,2998.988878627372,11750,True,13.565858840942383,13.466096000000107
dense,19,3019,free,flow,8,om_ka,0.38844288189045395,0.4,-2.8892795273865177,-183.8001149110009,2998.988878627372,11750,True,13.565858840942383,13.466096000000107
dense,19,3019,free,flow,8,sigma,0.2081153932885062,0.2,4.057696644253094,-183.8001149110009,2998.988878627372,11750,True,13.565858840942383,13.466096000000107
dense,19,3019,free,flow,64,CL,2.9604570466488584,3.0,-1.3180984450380517,-183.79134489210134,2132.8905010921644,2250,True,10.216730833053589,10.139621000000034
dense,19,3019,free,flow,64,V,29.39393408942729,30.0,-2.0202197019090327,-183.79134489210134,2132.8905010921644,2250,True,10.216730833053589,10.139621000000034
dense,19,3019,free,flow,64,ka,1.222543376519107,1.2,1.878614709925582,-183.79134489210134,2132.8905010921644,2250,True,10.216730833053589,10.139621000000034
dense,19,3019,free,flow,64,om_CL,0.2892887068452571,0.3,-3.5704310515809654,-183.79134489210134,2132.8905010921644,2250,True,10.216730833053589,10.139621000000034
dense,19,3019,free,flow,64,om_V,0.18051031281076518,0.2,-9.744843594617413,-183.79134489210134,2132.8905010921644,2250,True,10.216730833053589,10.139621000000034
dense,19,3019,free,flow,64,om_ka,0.3921734661720564,0.4,-1.9566334569859067,-183.79134489210134,2132.8905010921644,2250,True,10.216730833053589,10.139621000000034
dense,19,3019,free,flow,64,sigma,0.2057582408513674,0.2,2.8791204256836953,-183.79134489210134,2132.8905010921644,2250,True,10.216730833053589,10.139621000000034
dense,20,3020,free,flow,1,CL,2.928997010046392,3.0,-2.3667663317869327,-141.38749378396676,3228.086990537239,2750,True,11.222661256790161,11.129159999999956
dense,20,3020,free,flow,1,V,31.431778695615044,30.0,4.772595652050147,-141.38749378396676,3228.086990537239,2750,True,11.222661256790161,11.129159999999956
dense,20,3020,free,flow,1,ka,1.321904038525563,1.2,10.158669877130249,-141.38749378396676,3228.086990537239,2750,True,11.222661256790161,11.129159999999956
dense,20,3020,free,flow,1,om_CL,0.28802905948832913,0.3,-3.990313503890286,-141.38749378396676,3228.086990537239,2750,True,11.222661256790161,11.129159999999956
dense,20,3020,free,flow,1,om_V,0.1846814845607575,0.2,-7.6592577196212535,-141.38749378396676,3228.086990537239,2750,True,11.222661256790161,11.129159999999956
dense,20,3020,free,flow,1,om_ka,0.42558418731206915,0.4,6.3960468280172815,-141.38749378396676,3228.086990537239,2750,True,11.222661256790161,11.129159999999956
dense,20,3020,free,flow,1,sigma,0.18937336747234507,0.2,-5.313316263827472,-141.38749378396676,3228.086990537239,2750,True,11.222661256790161,11.129159999999956
dense,20,3020,free,flow,8,CL,2.9841821235432406,3.0,-0.5272625485586454,-141.50964325653715,2191.273426199642,10250,True,11.93790888786316,11.844491999999946
dense,20,3020,free,flow,8,V,31.33007068730913,30.0,4.433568957697105,-141.50964325653715,2191.273426199642,10250,True,11.93790888786316,11.844491999999946
dense,20,3020,free,flow,8,ka,1.3217559861728048,1.2,10.146332181067068,-141.50964325653715,2191.273426199642,10250,True,11.93790888786316,11.844491999999946
dense,20,3020,free,flow,8,om_CL,0.29139234004455056,0.3,-2.869219985149811,-141.50964325653715,2191.273426199642,10250,True,11.93790888786316,11.844491999999946
dense,20,3020,free,flow,8,om_V,0.17828438378880124,0.2,-10.857808105599386,-141.50964325653715,2191.273426199642,10250,True,11.93790888786316,11.844491999999946
dense,20,3020,free,flow,8,om_ka,0.4362098681155718,0.4,9.052467028892938,-141.50964325653715,2191.273426199642,10250,True,11.93790888786316,11.844491999999946
dense,20,3020,free,flow,8,sigma,0.18982289959885273,0.2,-5.088550200573638,-141.50964325653715,2191.273426199642,10250,True,11.93790888786316,11.844491999999946
dense,20,3020,free,flow,64,CL,2.915483872755082,3.0,-2.8172042414972656,-140.8606276394681,825.4325808770083,9000,True,40.9020938873291,40.491153999999824
dense,20,3020,free,flow,64,V,31.199078990002253,30.0,3.9969299666741755,-140.8606276394681,825.4325808770083,9000,True,40.9020938873291,40.491153999999824
dense,20,3020,free,flow,64,ka,1.3502317310638368,1.2,12.519310921986401,-140.8606276394681,825.4325808770083,9000,True,40.9020938873291,40.491153999999824
dense,20,3020,free,flow,64,om_CL,0.29141927930658734,0.3,-2.860240231137549,-140.8606276394681,825.4325808770083,9000,True,40.9020938873291,40.491153999999824
dense,20,3020,free,flow,64,om_V,0.18627731536038297,0.2,-6.861342319808519,-140.8606276394681,825.4325808770083,9000,True,40.9020938873291,40.491153999999824
dense,20,3020,free,flow,64,om_ka,0.44945348248281713,0.4,12.363370620704277,-140.8606276394681,825.4325808770083,9000,True,40.9020938873291,40.491153999999824
dense,20,3020,free,flow,64,sigma,0.18693168817378003,0.2,-6.5341559131099896,-140.8606276394681,825.4325808770083,9000,True,40.9020938873291,40.491153999999824
dense,21,3021,free,flow,1,CL,2.9883163512429345,3.0,-0.38945495856885043,-178.91800516870973,3773.9569778125656,9500,True,38.390307664871216,38.07801500000005
dense,21,3021,free,flow,1,V,30.188113913365516,30.0,0.6270463778850536,-178.91800516870973,3773.9569778125656,9500,True,38.390307664871216,38.07801500000005
dense,21,3021,free,flow,1,ka,1.2486869148841322,1.2,4.05724290701102,-178.91800516870973,3773.9569778125656,9500,True,38.390307664871216,38.07801500000005
dense,21,3021,free,flow,1,om_CL,0.2589062685357627,0.3,-13.697910488079094,-178.91800516870973,3773.9569778125656,9500,True,38.390307664871216,38.07801500000005
dense,21,3021,free,flow,1,om_V,0.2113312650993354,0.2,5.66563254966769,-178.91800516870973,3773.9569778125656,9500,True,38.390307664871216,38.07801500000005
dense,21,3021,free,flow,1,om_ka,0.4150501365668432,0.4,3.762534141710794,-178.91800516870973,3773.9569778125656,9500,True,38.390307664871216,38.07801500000005
dense,21,3021,free,flow,1,sigma,0.20193067720528643,0.2,0.9653386026432093,-178.91800516870973,3773.9569778125656,9500,True,38.390307664871216,38.07801500000005
dense,21,3021,free,flow,8,CL,3.1101767468069337,3.0,3.6725582268977894,-180.58497127586932,2713.4196886274435,9750,True,11.35774302482605,11.262293
dense,21,3021,free,flow,8,V,29.660914536134676,30.0,-1.1302848795510794,-180.58497127586932,2713.4196886274435,9750,True,11.35774302482605,11.262293
dense,21,3021,free,flow,8,ka,1.2409623221805386,1.2,3.4135268483782197,-180.58497127586932,2713.4196886274435,9750,True,11.35774302482605,11.262293
dense,21,3021,free,flow,8,om_CL,0.2513822923131014,0.3,-16.205902562299535,-180.58497127586932,2713.4196886274435,9750,True,11.35774302482605,11.262293
dense,21,3021,free,flow,8,om_V,0.2063715749581066,0.2,3.1857874790532925,-180.58497127586932,2713.4196886274435,9750,True,11.35774302482605,11.262293
dense,21,3021,free,flow,8,om_ka,0.420048651697219,0.4,5.012162924304744,-180.58497127586932,2713.4196886274435,9750,True,11.35774302482605,11.262293
dense,21,3021,free,flow,8,sigma,0.20522785473287408,0.2,2.6139273664370353,-180.58497127586932,2713.4196886274435,9750,True,11.35774302482605,11.262293
dense,21,3021,free,flow,64,CL,3.0669984709211344,3.0,2.233282364037814,-179.04045123553138,753.1036419815513,4750,True,21.273110151290894,21.112334000000146
dense,21,3021,free,flow,64,V,30.199794957169228,30.0,0.6659831905640937,-179.04045123553138,753.1036419815513,4750,True,21.273110151290894,21.112334000000146
dense,21,3021,free,flow,64,ka,1.2608055130484166,1.2,5.067126087368053,-179.04045123553138,753.1036419815513,4750,True,21.273110151290894,21.112334000000146
dense,21,3021,free,flow,64,om_CL,0.2598293476796958,0.3,-13.390217440101402,-179.04045123553138,753.1036419815513,4750,True,21.273110151290894,21.112334000000146
dense,21,3021,free,flow,64,om_V,0.20867398391410685,0.2,4.336991957053421,-179.04045123553138,753.1036419815513,4750,True,21.273110151290894,21.112334000000146
dense,21,3021,free,flow,64,om_ka,0.40868225945063386,0.4,2.170564862658458,-179.04045123553138,753.1036419815513,4750,True,21.273110151290894,21.112334000000146
dense,21,3021,free,flow,64,sigma,0.20346926685400893,0.2,1.7346334270044588,-179.04045123553138,753.1036419815513,4750,True,21.273110151290894,21.112334000000146
dense,22,3022,free,flow,1,CL,3.1264653608438437,3.0,4.215512028128125,-201.55419130269308,3372.1298189928116,5750,True,23.19352698326111,23.013592000000017
dense,22,3022,free,flow,1,V,29.12466100970284,30.0,-2.9177966343238637,-201.55419130269308,3372.1298189928116,5750,True,23.19352698326111,23.013592000000017
dense,22,3022,free,flow,1,ka,1.1467363680936673,1.2,-4.438635992194388,-201.55419130269308,3372.1298189928116,5750,True,23.19352698326111,23.013592000000017
dense,22,3022,free,flow,1,om_CL,0.28087464271878526,0.3,-6.375119093738243,-201.55419130269308,3372.1298189928116,5750,True,23.19352698326111,23.013592000000017
dense,22,3022,free,flow,1,om_V,0.19723109548008982,0.2,-1.3844522599550935,-201.55419130269308,3372.1298189928116,5750,True,23.19352698326111,23.013592000000017
dense,22,3022,free,flow,1,om_ka,0.37853636522471545,0.4,-5.365908693821142,-201.55419130269308,3372.1298189928116,5750,True,23.19352698326111,23.013592000000017
dense,22,3022,free,flow,1,sigma,0.21041296593516248,0.2,5.206482967581236,-201.55419130269308,3372.1298189928116,5750,True,23.19352698326111,23.013592000000017
dense,22,3022,free,flow,8,CL,3.047543635328739,3.0,1.5847878442913022,-202.21448475767554,2200.2838797071,12000,True,13.966222763061523,13.850684999999885
dense,22,3022,free,flow,8,V,29.0181590643485,30.0,-3.2728031188383375,-202.21448475767554,2200.2838797071,12000,True,13.966222763061523,13.850684999999885
dense,22,3022,free,flow,8,ka,1.1662833249420137,1.2,-2.809722921498855,-202.21448475767554,2200.2838797071,12000,True,13.966222763061523,13.850684999999885
dense,22,3022,free,flow,8,om_CL,0.28673324183066623,0.3,-4.422252723111253,-202.21448475767554,2200.2838797071,12000,True,13.966222763061523,13.850684999999885
dense,22,3022,free,flow,8,om_V,0.19226580797906243,0.2,-3.8670960104687926,-202.21448475767554,2200.2838797071,12000,True,13.966222763061523,13.850684999999885
dense,22,3022,free,flow,8,om_ka,0.3916829630576656,0.4,-2.079259235583608,-202.21448475767554,2200.2838797071,12000,True,13.966222763061523,13.850684999999885
dense,22,3022,free,flow,8,sigma,0.21240664995319145,0.2,6.203324976595717,-202.21448475767554,2200.2838797071,12000,True,13.966222763061523,13.850684999999885
dense,22,3022,free,flow,64,CL,3.1242702088014283,3.0,4.142340293380942,-202.1711444813349,1146.8759519510902,6750,True,30.734397888183594,30.428351999999904
dense,22,3022,free,flow,64,V,29.167413117665202,30.0,-2.7752896077826605,-202.1711444813349,1146.8759519510902,6750,True,30.734397888183594,30.428351999999904
dense,22,3022,free,flow,64,ka,1.140391487421635,1.2,-4.967376048197081,-202.1711444813349,1146.8759519510902,6750,True,30.734397888183594,30.428351999999904
dense,22,3022,free,flow,64,om_CL,0.2778979308342259,0.3,-7.367356388591355,-202.1711444813349,1146.8759519510902,6750,True,30.734397888183594,30.428351999999904
dense,22,3022,free,flow,64,om_V,0.19940810459577155,0.2,-0.2959477021142326,-202.1711444813349,1146.8759519510902,6750,True,30.734397888183594,30.428351999999904
dense,22,3022,free,flow,64,om_ka,0.37958916186301583,0.4,-5.1027095342460465,-202.1711444813349,1146.8759519510902,6750,True,30.734397888183594,30.428351999999904
dense,22,3022,free,flow,64,sigma,0.20701076457065826,0.2,3.5053822853291225,-202.1711444813349,1146.8759519510902,6750,True,30.734397888183594,30.428351999999904
dense,23,3023,free,flow,1,CL,3.0499172193487367,3.0,1.6639073116245573,-210.40787997025905,3635.7076481344425,6500,True,26.981635093688965,26.681089000000156
dense,23,3023,free,flow,1,V,30.402996499273744,30.0,1.3433216642458135,-210.40787997025905,3635.7076481344425,6500,True,26.981635093688965,26.681089000000156
dense,23,3023,free,flow,1,ka,1.2142641213366199,1.2,1.1886767780516598,-210.40787997025905,3635.7076481344425,6500,True,26.981635093688965,26.681089000000156
dense,23,3023,free,flow,1,om_CL,0.3187950610282407,0.3,6.2650203427468965,-210.40787997025905,3635.7076481344425,6500,True,26.981635093688965,26.681089000000156
dense,23,3023,free,flow,1,om_V,0.2313432718166173,0.2,15.671635908308641,-210.40787997025905,3635.7076481344425,6500,True,26.981635093688965,26.681089000000156
dense,23,3023,free,flow,1,om_ka,0.38672679093013723,0.4,-3.3183022674656972,-210.40787997025905,3635.7076481344425,6500,True,26.981635093688965,26.681089000000156
dense,23,3023,free,flow,1,sigma,0.20555632386809766,0.2,2.7781619340488253,-210.40787997025905,3635.7076481344425,6500,True,26.981635093688965,26.681089000000156
dense,23,3023,free,flow,8,CL,3.0291885920189885,3.0,0.9729530672996164,-210.7821158405976,2534.2554109506214,6250,True,7.422015905380249,7.352998999999954
dense,23,3023,free,flow,8,V,30.475618072008643,30.0,1.5853935733621445,-210.7821158405976,2534.2554109506214,6250,True,7.422015905380249,7.352998999999954
dense,23,3023,free,flow,8,ka,1.2082236251293594,1.2,0.68530209411329,-210.7821158405976,2534.2554109506214,6250,True,7.422015905380249,7.352998999999954
dense,23,3023,free,flow,8,om_CL,0.3182007570550581,0.3,6.066919018352713,-210.7821158405976,2534.2554109506214,6250,True,7.422015905380249,7.352998999999954
dense,23,3023,free,flow,8,om_V,0.22973680030824,0.2,14.868400154119998,-210.7821158405976,2534.2554109506214,6250,True,7.422015905380249,7.352998999999954
dense,23,3023,free,flow,8,om_ka,0.377176976494649,0.4,-5.705755876337759,-210.7821158405976,2534.2554109506214,6250,True,7.422015905380249,7.352998999999954
dense,23,3023,free,flow,8,sigma,0.20805808325380767,0.2,4.029041626903831,-210.7821158405976,2534.2554109506214,6250,True,7.422015905380249,7.352998999999954
dense,23,3023,free,flow,64,CL,3.0218386343126054,3.0,0.7279544770868451,-210.76862616394658,1804.2697442344643,7000,True,32.831992864608765,32.34118900000021
dense,23,3023,free,flow,64,V,30.50021797857983,30.0,1.6673932619327658,-210.76862616394658,1804.2697442344643,7000,True,32.831992864608765,32.34118900000021
dense,23,3023,free,flow,64,ka,1.211350900641213,1.2,0.9459083867677613,-210.76862616394658,1804.2697442344643,7000,True,32.831992864608765,32.34118900000021
dense,23,3023,free,flow,64,om_CL,0.3178708955759071,0.3,5.956965191969033,-210.76862616394658,1804.2697442344643,7000,True,32.831992864608765,32.34118900000021
dense,23,3023,free,flow,64,om_V,0.22887029506016604,0.2,14.435147530083015,-210.76862616394658,1804.2697442344643,7000,True,32.831992864608765,32.34118900000021
dense,23,3023,free,flow,64,om_ka,0.3920705859732535,0.4,-1.9823535066866294,-210.76862616394658,1804.2697442344643,7000,True,32.831992864608765,32.34118900000021
dense,23,3023,free,flow,64,sigma,0.2064727600829518,0.2,3.236380041475889,-210.76862616394658,1804.2697442344643,7000,True,32.831992864608765,32.34118900000021
dense,24,3024,free,flow,1,CL,2.9141959368503967,3.0,-2.8601354383201105,-142.41216387607906,3719.3700977892577,6500,True,26.664550065994263,26.260852999999997
dense,24,3024,free,flow,1,V,31.13850405740709,30.0,3.7950135246902996,-142.41216387607906,3719.3700977892577,6500,True,26.664550065994263,26.260852999999997
dense,24,3024,free,flow,1,ka,1.1176084214940307,1.2,-6.865964875497436,-142.41216387607906,3719.3700977892577,6500,True,26.664550065994263,26.260852999999997
dense,24,3024,free,flow,1,om_CL,0.3139770936989464,0.3,4.659031232982133,-142.41216387607906,3719.3700977892577,6500,True,26.664550065994263,26.260852999999997
dense,24,3024,free,flow,1,om_V,0.17597631073898745,0.2,-12.01184463050628,-142.41216387607906,3719.3700977892577,6500,True,26.664550065994263,26.260852999999997
dense,24,3024,free,flow,1,om_ka,0.40791497128596677,0.4,1.9787428214916858,-142.41216387607906,3719.3700977892577,6500,True,26.664550065994263,26.260852999999997
dense,24,3024,free,flow,1,sigma,0.18520263886069188,0.2,-7.398680569654064,-142.41216387607906,3719.3700977892577,6500,True,26.664550065994263,26.260852999999997
dense,24,3024,free,flow,8,CL,2.9916598951853914,3.0,-0.2780034938202854,-142.13855852115813,2438.3192980361573,8250,True,9.460139036178589,9.391459999999825
dense,24,3024,free,flow,8,V,30.895780691754396,30.0,2.9859356391813208,-142.13855852115813,2438.3192980361573,8250,True,9.460139036178589,9.391459999999825
dense,24,3024,free,flow,8,ka,1.1280168815827565,1.2,-5.9985932014369565,-142.13855852115813,2438.3192980361573,8250,True,9.460139036178589,9.391459999999825
dense,24,3024,free,flow,8,om_CL,0.31225212328934965,0.3,4.084041096449886,-142.13855852115813,2438.3192980361573,8250,True,9.460139036178589,9.391459999999825
dense,24,3024,free,flow,8,om_V,0.17493314848575975,0.2,-12.533425757120131,-142.13855852115813,2438.3192980361573,8250,True,9.460139036178589,9.391459999999825
dense,24,3024,free,flow,8,om_ka,0.4246227200662006,0.4,6.155680016550146,-142.13855852115813,2438.3192980361573,8250,True,9.460139036178589,9.391459999999825
dense,24,3024,free,flow,8,sigma,0.18515735182506718,0.2,-7.421324087466417,-142.13855852115813,2438.3192980361573,8250,True,9.460139036178589,9.391459999999825
dense,24,3024,free,flow,64,CL,3.0329415733277196,3.0,1.098052444257321,-141.71216549875555,2044.4923228499972,7000,True,30.87676692008972,30.634809000000132
dense,24,3024,free,flow,64,V,30.962996943117098,30.0,3.2099898103903257,-141.71216549875555,2044.4923228499972,7000,True,30.87676692008972,30.634809000000132
dense,24,3024,free,flow,64,ka,1.1270362225485229,1.2,-6.080314787623091,-141.71216549875555,2044.4923228499972,7000,True,30.87676692008972,30.634809000000132
dense,24,3024,free,flow,64,om_CL,0.3202707673530519,0.3,6.756922451017297,-141.71216549875555,2044.4923228499972,7000,True,30.87676692008972,30.634809000000132
dense,24,3024,free,flow,64,om_V,0.17667105270686911,0.2,-11.664473646565447,-141.71216549875555,2044.4923228499972,7000,True,30.87676692008972,30.634809000000132
dense,24,3024,free,flow,64,om_ka,0.4160661857943161,0.4,4.0165464485790165,-141.71216549875555,2044.4923228499972,7000,True,30.87676692008972,30.634809000000132
dense,24,3024,free,flow,64,sigma,0.1842886210915299,0.2,-7.85568945423505,-141.71216549875555,2044.4923228499972,7000,True,30.87676692008972,30.634809000000132
dense,25,3025,free,flow,1,CL,2.9841942153584884,3.0,-0.5268594880503871,-206.26529148281713,3717.503588441533,11000,True,43.28866410255432,43.0258409999999
dense,25,3025,free,flow,1,V,29.8771513634051,30.0,-0.4094954553163295,-206.26529148281713,3717.503588441533,11000,True,43.28866410255432,43.0258409999999
dense,25,3025,free,flow,1,ka,1.2350931393267532,1.2,2.9244282772294405,-206.26529148281713,3717.503588441533,11000,True,43.28866410255432,43.0258409999999
dense,25,3025,free,flow,1,om_CL,0.27140093668993126,0.3,-9.533021103356244,-206.26529148281713,3717.503588441533,11000,True,43.28866410255432,43.0258409999999
dense,25,3025,free,flow,1,om_V,0.214771068718523,0.2,7.385534359261494,-206.26529148281713,3717.503588441533,11000,True,43.28866410255432,43.0258409999999
dense,25,3025,free,flow,1,om_ka,0.421840506387089,0.4,5.4601265967722385,-206.26529148281713,3717.503588441533,11000,True,43.28866410255432,43.0258409999999
dense,25,3025,free,flow,1,sigma,0.2141683580565646,0.2,7.084179028282289,-206.26529148281713,3717.503588441533,11000,True,43.28866410255432,43.0258409999999
dense,25,3025,free,flow,8,CL,2.9582990284491304,3.0,-1.3900323850289868,-205.99652172296555,3221.840443679762,11500,True,13.062034845352173,12.984388999999965
dense,25,3025,free,flow,8,V,30.35346655367394,30.0,1.1782218455797988,-205.99652172296555,3221.840443679762,11500,True,13.062034845352173,12.984388999999965
dense,25,3025,free,flow,8,ka,1.2375076191104986,1.2,3.1256349258748837,-205.99652172296555,3221.840443679762,11500,True,13.062034845352173,12.984388999999965
dense,25,3025,free,flow,8,om_CL,0.27041150195548413,0.3,-9.862832681505285,-205.99652172296555,3221.840443679762,11500,True,13.062034845352173,12.984388999999965
dense,25,3025,free,flow,8,om_V,0.21854921213097114,0.2,9.274606065485566,-205.99652172296555,3221.840443679762,11500,True,13.062034845352173,12.984388999999965
dense,25,3025,free,flow,8,om_ka,0.4341304596039995,0.4,8.532614900999866,-205.99652172296555,3221.840443679762,11500,True,13.062034845352173,12.984388999999965
dense,25,3025,free,flow,8,sigma,0.21211934999143808,0.2,6.0596749957190355,-205.99652172296555,3221.840443679762,11500,True,13.062034845352173,12.984388999999965
dense,25,3025,free,flow,64,CL,2.9243519509785387,3.0,-2.521601634048709,-206.28351170821088,1553.2811218272943,4000,True,17.67402720451355,17.50265000000013
dense,25,3025,free,flow,64,V,30.08047121969193,30.0,0.26823739897309906,-206.28351170821088,1553.2811218272943,4000,True,17.67402720451355,17.50265000000013
dense,25,3025,free,flow,64,ka,1.2650471800294851,1.2,5.420598335790431,-206.28351170821088,1553.2811218272943,4000,True,17.67402720451355,17.50265000000013
dense,25,3025,free,flow,64,om_CL,0.2702684061661785,0.3,-9.910531277940505,-206.28351170821088,1553.2811218272943,4000,True,17.67402720451355,17.50265000000013
dense,25,3025,free,flow,64,om_V,0.21611600517177307,0.2,8.058002585886527,-206.28351170821088,1553.2811218272943,4000,True,17.67402720451355,17.50265000000013
dense,25,3025,free,flow,64,om_ka,0.4387933326437273,0.4,9.698333160931814,-206.28351170821088,1553.2811218272943,4000,True,17.67402720451355,17.50265000000013
dense,25,3025,free,flow,64,sigma,0.2128127967394577,0.2,6.406398369728838,-206.28351170821088,1553.2811218272943,4000,True,17.67402720451355,17.50265000000013
dense,26,3026,free,flow,1,CL,2.888904326421341,3.0,-3.7031891192886266,-172.91405779786515,2294.431526837974,2000,True,8.062299728393555,8.013445000000047
dense,26,3026,free,flow,1,V,29.29934463207019,30.0,-2.3355178930993623,-172.91405779786515,2294.431526837974,2000,True,8.062299728393555,8.013445000000047
dense,26,3026,free,flow,1,ka,1.2687885857277754,1.2,5.7323821439812885,-172.91405779786515,2294.431526837974,2000,True,8.062299728393555,8.013445000000047
dense,26,3026,free,flow,1,om_CL,0.30395961723494885,0.3,1.3198724116496217,-172.91405779786515,2294.431526837974,2000,True,8.062299728393555,8.013445000000047
dense,26,3026,free,flow,1,om_V,0.214463811292257,0.2,7.231905646128494,-172.91405779786515,2294.431526837974,2000,True,8.062299728393555,8.013445000000047
dense,26,3026,free,flow,1,om_ka,0.3669689377543148,0.4,-8.257765561421312,-172.91405779786515,2294.431526837974,2000,True,8.062299728393555,8.013445000000047
dense,26,3026,free,flow,1,sigma,0.20035112512503228,0.2,0.175562562516135,-172.91405779786515,2294.431526837974,2000,True,8.062299728393555,8.013445000000047
dense,26,3026,free,flow,8,CL,2.880917606601114,3.0,-3.9694131132962016,-172.26398529779868,2021.4085577148362,5750,True,6.634270906448364,6.599025999999867
dense,26,3026,free,flow,8,V,29.39826326277617,30.0,-2.005789124079437,-172.26398529779868,2021.4085577148362,5750,True,6.634270906448364,6.599025999999867
dense,26,3026,free,flow,8,ka,1.2690789924666686,1.2,5.756582705555717,-172.26398529779868,2021.4085577148362,5750,True,6.634270906448364,6.599025999999867
dense,26,3026,free,flow,8,om_CL,0.30936203989109645,0.3,3.120679963698821,-172.26398529779868,2021.4085577148362,5750,True,6.634270906448364,6.599025999999867
dense,26,3026,free,flow,8,om_V,0.22370888388015348,0.2,11.85444194007673,-172.26398529779868,2021.4085577148362,5750,True,6.634270906448364,6.599025999999867
dense,26,3026,free,flow,8,om_ka,0.39711896909319133,0.4,-0.7202577267021726,-172.26398529779868,2021.4085577148362,5750,True,6.634270906448364,6.599025999999867
dense,26,3026,free,flow,8,sigma,0.1870741720378075,0.2,-6.462913981096261,-172.26398529779868,2021.4085577148362,5750,True,6.634270906448364,6.599025999999867
dense,26,3026,free,flow,64,CL,2.9729336386270875,3.0,-0.9022120457637506,-171.80162665341487,1890.4285758467415,8000,True,34.895097732543945,34.696607000000085
dense,26,3026,free,flow,64,V,28.837563210369247,30.0,-3.8747892987691777,-171.80162665341487,1890.4285758467415,8000,True,34.895097732543945,34.696607000000085
dense,26,3026,free,flow,64,ka,1.2652867691849259,1.2,5.4405640987438275,-171.80162665341487,1890.4285758467415,8000,True,34.895097732543945,34.696607000000085
dense,26,3026,free,flow,64,om_CL,0.2982709045490606,0.3,-0.576365150313137,-171.80162665341487,1890.4285758467415,8000,True,34.895097732543945,34.696607000000085
dense,26,3026,free,flow,64,om_V,0.2201100245247537,0.2,10.055012262376843,-171.80162665341487,1890.4285758467415,8000,True,34.895097732543945,34.696607000000085
dense,26,3026,free,flow,64,om_ka,0.39199439965744953,0.4,-2.001400085637622,-171.80162665341487,1890.4285758467415,8000,True,34.895097732543945,34.696607000000085
dense,26,3026,free,flow,64,sigma,0.1933150869201205,0.2,-3.3424565399397532,-171.80162665341487,1890.4285758467415,8000,True,34.895097732543945,34.696607000000085
dense,27,3027,free,flow,1,CL,3.1367895769860366,3.0,4.559652566201218,-193.15354850461816,3685.7547834415823,7750,True,30.471497058868408,30.314783000000034
dense,27,3027,free,flow,1,V,29.032432723586762,30.0,-3.225224254710793,-193.15354850461816,3685.7547834415823,7750,True,30.471497058868408,30.314783000000034
dense,27,3027,free,flow,1,ka,1.227364859945204,1.2,2.2804049954336754,-193.15354850461816,3685.7547834415823,7750,True,30.471497058868408,30.314783000000034
dense,27,3027,free,flow,1,om_CL,0.2791355120255677,0.3,-6.954829324810767,-193.15354850461816,3685.7547834415823,7750,True,30.471497058868408,30.314783000000034
dense,27,3027,free,flow,1,om_V,0.1948056475503885,0.2,-2.5971762248057497,-193.15354850461816,3685.7547834415823,7750,True,30.471497058868408,30.314783000000034
dense,27,3027,free,flow,1,om_ka,0.4359942800315582,0.4,8.998570007889548,-193.15354850461816,3685.7547834415823,7750,True,30.471497058868408,30.314783000000034
dense,27,3027,free,flow,1,sigma,0.20467850290823225,0.2,2.3392514541161202,-193.15354850461816,3685.7547834415823,7750,True,30.471497058868408,30.314783000000034
dense,27,3027,free,flow,8,CL,3.1302977132794787,3.0,4.343257109315957,-193.1978839161721,3611.7054475677696,12750,True,14.421971082687378,14.351838999999927
dense,27,3027,free,flow,8,V,29.097230622126272,30.0,-3.0092312595790935,-193.1978839161721,3611.7054475677696,12750,True,14.421971082687378,14.351838999999927
dense,27,3027,free,flow,8,ka,1.2411392348334354,1.2,3.4282695694529504,-193.1978839161721,3611.7054475677696,12750,True,14.421971082687378,14.351838999999927
dense,27,3027,free,flow,8,om_CL,0.27757306322810826,0.3,-7.475645590630575,-193.1978839161721,3611.7054475677696,12750,True,14.421971082687378,14.351838999999927
dense,27,3027,free,flow,8,om_V,0.19509262939566696,0.2,-2.453685302166525,-193.1978839161721,3611.7054475677696,12750,True,14.421971082687378,14.351838999999927
dense,27,3027,free,flow,8,om_ka,0.44053127421744187,0.4,10.13281855436046,-193.1978839161721,3611.7054475677696,12750,True,14.421971082687378,14.351838999999927
dense,27,3027,free,flow,8,sigma,0.203022410921351,0.2,1.5112054606754992,-193.1978839161721,3611.7054475677696,12750,True,14.421971082687378,14.351838999999927
dense,27,3027,free,flow,64,CL,3.09823083245473,3.0,3.274361081824336,-193.7109841988032,1184.1237500619163,5250,True,22.94110417366028,22.838749000000007
dense,27,3027,free,flow,64,V,29.065683358587417,30.0,-3.1143888047086086,-193.7109841988032,1184.1237500619163,5250,True,22.94110417366028,22.838749000000007
dense,27,3027,free,flow,64,ka,1.2480375829697556,1.2,4.003131914146308,-193.7109841988032,1184.1237500619163,5250,True,22.94110417366028,22.838749000000007
dense,27,3027,free,flow,64,om_CL,0.27695154778538156,0.3,-7.68281740487281,-193.7109841988032,1184.1237500619163,5250,True,22.94110417366028,22.838749000000007
dense,27,3027,free,flow,64,om_V,0.19373781208991725,0.2,-3.1310939550413805,-193.7109841988032,1184.1237500619163,5250,True,22.94110417366028,22.838749000000007
dense,27,3027,free,flow,64,om_ka,0.42862065259478804,0.4,7.155163148697006,-193.7109841988032,1184.1237500619163,5250,True,22.94110417366028,22.838749000000007
dense,27,3027,free,flow,64,sigma,0.20680557648608833,0.2,3.402788243044158,-193.7109841988032,1184.1237500619163,5250,True,22.94110417366028,22.838749000000007
dense,28,3028,free,flow,1,CL,3.0429737291171213,3.0,1.4324576372373758,-184.90008478772427,3617.0189307947935,5250,True,20.757322788238525,20.64603299999999
dense,28,3028,free,flow,1,V,29.63620769205572,30.0,-1.2126410264809333,-184.90008478772427,3617.0189307947935,5250,True,20.757322788238525,20.64603299999999
dense,28,3028,free,flow,1,ka,1.1594837141725431,1.2,-3.3763571522880675,-184.90008478772427,3617.0189307947935,5250,True,20.757322788238525,20.64603299999999
dense,28,3028,free,flow,1,om_CL,0.3072034306155229,0.3,2.4011435385076405,-184.90008478772427,3617.0189307947935,5250,True,20.757322788238525,20.64603299999999
dense,28,3028,free,flow,1,om_V,0.1822650207981471,0.2,-8.867489600926453,-184.90008478772427,3617.0189307947935,5250,True,20.757322788238525,20.64603299999999
dense,28,3028,free,flow,1,om_ka,0.39133507594789063,0.4,-2.1662310130273474,-184.90008478772427,3617.0189307947935,5250,True,20.757322788238525,20.64603299999999
dense,28,3028,free,flow,1,sigma,0.20426255394243042,0.2,2.1312769712152067,-184.90008478772427,3617.0189307947935,5250,True,20.757322788238525,20.64603299999999
dense,28,3028,free,flow,8,CL,3.0209433303260176,3.0,0.6981110108672528,-184.76268753835913,3305.5788126277516,15500,True,17.490630865097046,17.40502300000003
dense,28,3028,free,flow,8,V,29.451250746667334,30.0,-1.829164177775553,-184.76268753835913,3305.5788126277516,15500,True,17.490630865097046,17.40502300000003
dense,28,3028,free,flow,8,ka,1.1780693418675445,1.2,-1.8275548443712857,-184.76268753835913,3305.5788126277516,15500,True,17.490630865097046,17.40502300000003
dense,28,3028,free,flow,8,om_CL,0.30628068855009594,0.3,2.0935628500319825,-184.76268753835913,3305.5788126277516,15500,True,17.490630865097046,17.40502300000003
dense,28,3028,free,flow,8,om_V,0.18253074920341295,0.2,-8.734625398293533,-184.76268753835913,3305.5788126277516,15500,True,17.490630865097046,17.40502300000003
dense,28,3028,free,flow,8,om_ka,0.3994681785041876,0.4,-0.13295537395310864,-184.76268753835913,3305.5788126277516,15500,True,17.490630865097046,17.40502300000003
dense,28,3028,free,flow,8,sigma,0.20106575856853012,0.2,0.5328792842650559,-184.76268753835913,3305.5788126277516,15500,True,17.490630865097046,17.40502300000003
dense,28,3028,free,flow,64,CL,3.0134981558402836,3.0,0.44993852800945255,-184.75960125395613,1465.3869691396146,11500,True,50.159889221191406,49.89137299999993
dense,28,3028,free,flow,64,V,29.680621397981184,30.0,-1.0645953400627188,-184.75960125395613,1465.3869691396146,11500,True,50.159889221191406,49.89137299999993
dense,28,3028,free,flow,64,ka,1.168884272295771,1.2,-2.59297730868574,-184.75960125395613,1465.3869691396146,11500,True,50.159889221191406,49.89137299999993
dense,28,3028,free,flow,64,om_CL,0.3106134779406132,0.3,3.537825980204412,-184.75960125395613,1465.3869691396146,11500,True,50.159889221191406,49.89137299999993
dense,28,3028,free,flow,64,om_V,0.17939229745613441,0.2,-10.303851271932798,-184.75960125395613,1465.3869691396146,11500,True,50.159889221191406,49.89137299999993
dense,28,3028,free,flow,64,om_ka,0.41009662199168057,0.4,2.5241554979201357,-184.75960125395613,1465.3869691396146,11500,True,50.159889221191406,49.89137299999993
dense,28,3028,free,flow,64,sigma,0.20164669617598666,0.2,0.8233480879933225,-184.75960125395613,1465.3869691396146,11500,True,50.159889221191406,49.89137299999993
dense,29,3029,free,flow,1,CL,3.0520673246313637,3.0,1.7355774877121217,-178.25463517906664,3704.977804695328,9000,True,35.27068090438843,35.08729799999992
dense,29,3029,free,flow,1,V,29.590112602893274,30.0,-1.3662913236890855,-178.25463517906664,3704.977804695328,9000,True,35.27068090438843,35.08729799999992
dense,29,3029,free,flow,1,ka,1.191059456821468,1.2,-0.7450452648776567,-178.25463517906664,3704.977804695328,9000,True,35.27068090438843,35.08729799999992
dense,29,3029,free,flow,1,om_CL,0.2774326777604813,0.3,-7.522440746506227,-178.25463517906664,3704.977804695328,9000,True,35.27068090438843,35.08729799999992
dense,29,3029,free,flow,1,om_V,0.19206801133258108,0.2,-3.965994333709463,-178.25463517906664,3704.977804695328,9000,True,35.27068090438843,35.08729799999992
dense,29,3029,free,flow,1,om_ka,0.3984101769168694,0.4,-0.39745577078265093,-178.25463517906664,3704.977804695328,9000,True,35.27068090438843,35.08729799999992
dense,29,3029,free,flow,1,sigma,0.20047847380352463,0.2,0.2392369017623075,-178.25463517906664,3704.977804695328,9000,True,35.27068090438843,35.08729799999992
dense,29,3029,free,flow,8,CL,3.0280754801834706,3.0,0.9358493394490205,-178.06151675137045,2835.345501681623,10500,True,11.944640874862671,11.882794000000104
dense,29,3029,free,flow,8,V,29.531015299945,30.0,-1.5632823335166652,-178.06151675137045,2835.345501681623,10500,True,11.944640874862671,11.882794000000104
dense,29,3029,free,flow,8,ka,1.180583555699962,1.2,-1.6180370250031644,-178.06151675137045,2835.345501681623,10500,True,11.944640874862671,11.882794000000104
dense,29,3029,free,flow,8,om_CL,0.27740171373453965,0.3,-7.532762088486781,-178.06151675137045,2835.345501681623,10500,True,11.944640874862671,11.882794000000104
dense,29,3029,free,flow,8,om_V,0.1977047844962033,0.2,-1.1476077518983578,-178.06151675137045,2835.345501681623,10500,True,11.944640874862671,11.882794000000104
dense,29,3029,free,flow,8,om_ka,0.3952377887395333,0.4,-1.19055281511668,-178.06151675137045,2835.345501681623,10500,True,11.944640874862671,11.882794000000104
dense,29,3029,free,flow,8,sigma,0.19982920897837345,0.2,-0.08539551081328256,-178.06151675137045,2835.345501681623,10500,True,11.944640874862671,11.882794000000104
dense,29,3029,free,flow,64,CL,3.076332347851475,3.0,2.5444115950491675,-178.52497584816086,1519.6166420686504,3750,True,16.443986892700195,16.356505999999854
dense,29,3029,free,flow,64,V,29.405031422832863,30.0,-1.983228590557123,-178.52497584816086,1519.6166420686504,3750,True,16.443986892700195,16.356505999999854
dense,29,3029,free,flow,64,ka,1.2093479360384847,1.2,0.7789946698737265,-178.52497584816086,1519.6166420686504,3750,True,16.443986892700195,16.356505999999854
dense,29,3029,free,flow,64,om_CL,0.27999704788531565,0.3,-6.667650704894778,-178.52497584816086,1519.6166420686504,3750,True,16.443986892700195,16.356505999999854
dense,29,3029,free,flow,64,om_V,0.18932526341766817,0.2,-5.33736829116592,-178.52497584816086,1519.6166420686504,3750,True,16.443986892700195,16.356505999999854
dense,29,3029,free,flow,64,om_ka,0.40050311228467644,0.4,0.12577807116910533,-178.52497584816086,1519.6166420686504,3750,True,16.443986892700195,16.356505999999854
dense,29,3029,free,flow,64,sigma,0.20171856447397205,0.2,0.859282236986017,-178.52497584816086,1519.6166420686504,3750,True,16.443986892700195,16.356505999999854
sparse,0,3000,free,flow,1,CL,2.933178711513666,3.0,-2.2273762828777985,-169.03654083898408,3831.179587321128,10000,True,38.71561288833618,38.49774000000002
sparse,0,3000,free,flow,1,V,28.999247500522447,30.0,-3.3358416649251765,-169.03654083898408,3831.179587321128,10000,True,38.71561288833618,38.49774000000002
sparse,0,3000,free,flow,1,ka,1.1092839455682897,1.2,-7.559671202642523,-169.03654083898408,3831.179587321128,10000,True,38.71561288833618,38.49774000000002
sparse,0,3000,free,flow,1,om_CL,0.32008797116067866,0.3,6.695990386892893,-169.03654083898408,3831.179587321128,10000,True,38.71561288833618,38.49774000000002
sparse,0,3000,free,flow,1,om_V,0.19636819141328918,0.2,-1.8159042933554164,-169.03654083898408,3831.179587321128,10000,True,38.71561288833618,38.49774000000002
sparse,0,3000,free,flow,1,om_ka,0.26142580723931563,0.4,-34.643548190171096,-169.03654083898408,3831.179587321128,10000,True,38.71561288833618,38.49774000000002
sparse,0,3000,free,flow,1,sigma,0.1947713996359981,0.2,-2.6143001820009557,-169.03654083898408,3831.179587321128,10000,True,38.71561288833618,38.49774000000002
sparse,0,3000,free,flow,8,CL,2.9353045069861876,3.0,-2.156516433793746,-169.35651609172004,2770.1763380461257,15000,True,16.30442190170288,16.179924000000028
sparse,0,3000,free,flow,8,V,29.22802979205739,30.0,-2.5732340264753617,-169.35651609172004,2770.1763380461257,15000,True,16.30442190170288,16.179924000000028
sparse,0,3000,free,flow,8,ka,1.1014216507363923,1.2,-8.21486243863397,-169.35651609172004,2770.1763380461257,15000,True,16.30442190170288,16.179924000000028
sparse,0,3000,free,flow,8,om_CL,0.31940504303264294,0.3,6.468347677547651,-169.35651609172004,2770.1763380461257,15000,True,16.30442190170288,16.179924000000028
sparse,0,3000,free,flow,8,om_V,0.188274976862682,0.2,-5.86251156865901,-169.35651609172004,2770.1763380461257,15000,True,16.30442190170288,16.179924000000028
sparse,0,3000,free,flow,8,om_ka,0.22838150474343283,0.4,-42.9046238141418,-169.35651609172004,2770.1763380461257,15000,True,16.30442190170288,16.179924000000028
sparse,0,3000,free,flow,8,sigma,0.2007479956836479,0.2,0.3739978418239448,-169.35651609172004,2770.1763380461257,15000,True,16.30442190170288,16.179924000000028
sparse,0,3000,free,flow,64,CL,2.9311313682873985,3.0,-2.2956210570867164,-168.9430614388403,2775.944834051589,17500,True,70.09653782844543,69.70495299999993
sparse,0,3000,free,flow,64,V,29.311330015444838,30.0,-2.2955666151838727,-168.9430614388403,2775.944834051589,17500,True,70.09653782844543,69.70495299999993
sparse,0,3000,free,flow,64,ka,1.1053347216606013,1.2,-7.888773194949887,-168.9430614388403,2775.944834051589,17500,True,70.09653782844543,69.70495299999993
sparse,0,3000,free,flow,64,om_CL,0.32355377973913374,0.3,7.851259913044584,-168.9430614388403,2775.944834051589,17500,True,70.09653782844543,69.70495299999993
sparse,0,3000,free,flow,64,om_V,0.199364495322435,0.2,-0.3177523387825065,-168.9430614388403,2775.944834051589,17500,True,70.09653782844543,69.70495299999993
sparse,0,3000,free,flow,64,om_ka,0.2692864768389949,0.4,-32.678380790251275,-168.9430614388403,2775.944834051589,17500,True,70.09653782844543,69.70495299999993
sparse,0,3000,free,flow,64,sigma,0.1913536992185585,0.2,-4.323150390720759,-168.9430614388403,2775.944834051589,17500,True,70.09653782844543,69.70495299999993
sparse,1,3001,free,flow,1,CL,2.9572887963410848,3.0,-1.4237067886305077,-177.18329340058528,3755.1403009546634,8250,True,31.921539783477783,31.752253999999994
sparse,1,3001,free,flow,1,V,28.65545779589115,30.0,-4.481807347029504,-177.18329340058528,3755.1403009546634,8250,True,31.921539783477783,31.752253999999994
sparse,1,3001,free,flow,1,ka,1.1772766024552008,1.2,-1.893616462066594,-177.18329340058528,3755.1403009546634,8250,True,31.921539783477783,31.752253999999994
sparse,1,3001,free,flow,1,om_CL,0.28975782096530106,0.3,-3.4140596782329764,-177.18329340058528,3755.1403009546634,8250,True,31.921539783477783,31.752253999999994
sparse,1,3001,free,flow,1,om_V,0.1432510986247879,0.2,-28.37445068760605,-177.18329340058528,3755.1403009546634,8250,True,31.921539783477783,31.752253999999994
sparse,1,3001,free,flow,1,om_ka,0.5017244500812341,0.4,25.43111252030852,-177.18329340058528,3755.1403009546634,8250,True,31.921539783477783,31.752253999999994
sparse,1,3001,free,flow,1,sigma,0.2051320336765661,0.2,2.566016838283044,-177.18329340058528,3755.1403009546634,8250,True,31.921539783477783,31.752253999999994
sparse,1,3001,free,flow,8,CL,2.92632962525138,3.0,-2.4556791582873347,-177.01158976270753,2568.1848156642227,11000,True,11.940932989120483,11.878336000000218
sparse,1,3001,free,flow,8,V,28.75553592948801,30.0,-4.148213568373305,-177.01158976270753,2568.1848156642227,11000,True,11.940932989120483,11.878336000000218
sparse,1,3001,free,flow,8,ka,1.169371489916405,1.2,-2.552375840299585,-177.01158976270753,2568.1848156642227,11000,True,11.940932989120483,11.878336000000218
sparse,1,3001,free,flow,8,om_CL,0.2895512576728426,0.3,-3.482914109052456,-177.01158976270753,2568.1848156642227,11000,True,11.940932989120483,11.878336000000218
sparse,1,3001,free,flow,8,om_V,0.13258496638494296,0.2,-33.70751680752852,-177.01158976270753,2568.1848156642227,11000,True,11.940932989120483,11.878336000000218
sparse,1,3001,free,flow,8,om_ka,0.5115120771792273,0.4,27.87801929480682,-177.01158976270753,2568.1848156642227,11000,True,11.940932989120483,11.878336000000218
sparse,1,3001,free,flow,8,sigma,0.2048541911664705,0.2,2.427095583235242,-177.01158976270753,2568.1848156642227,11000,True,11.940932989120483,11.878336000000218
sparse,1,3001,free,flow,64,CL,3.007434920852136,3.0,0.24783069507119393,-178.1716106937356,741.5205953301031,7250,True,29.07493305206299,28.871491999999762
sparse,1,3001,free,flow,64,V,28.617955523506076,30.0,-4.606814921646413,-178.1716106937356,741.5205953301031,7250,True,29.07493305206299,28.871491999999762
sparse,1,3001,free,flow,64,ka,1.1651180747421295,1.2,-2.9068271048225403,-178.1716106937356,741.5205953301031,7250,True,29.07493305206299,28.871491999999762
sparse,1,3001,free,flow,64,om_CL,0.28959934757940525,0.3,-3.4668841401982453,-178.1716106937356,741.5205953301031,7250,True,29.07493305206299,28.871491999999762
sparse,1,3001,free,flow,64,om_V,0.13989910121279672,0.2,-30.050449393601646,-178.1716106937356,741.5205953301031,7250,True,29.07493305206299,28.871491999999762
sparse,1,3001,free,flow,64,om_ka,0.5351894209416265,0.4,33.79735523540661,-178.1716106937356,741.5205953301031,7250,True,29.07493305206299,28.871491999999762
sparse,1,3001,free,flow,64,sigma,0.20216305087802303,0.2,1.0815254390115074,-178.1716106937356,741.5205953301031,7250,True,29.07493305206299,28.871491999999762
sparse,2,3002,free,flow,1,CL,2.937782264325792,3.0,-2.073924522473606,-201.50017851080702,3769.3356148138746,6000,True,22.022849082946777,22.016917999999805
sparse,2,3002,free,flow,1,V,29.662153205336896,30.0,-1.1261559822103469,-201.50017851080702,3769.3356148138746,6000,True,22.022849082946777,22.016917999999805
sparse,2,3002,free,flow,1,ka,1.1954695264332458,1.2,-0.37753946389618154,-201.50017851080702,3769.3356148138746,6000,True,22.022849082946777,22.016917999999805
sparse,2,3002,free,flow,1,om_CL,0.2938835670602461,0.3,-2.038810979917964,-201.50017851080702,3769.3356148138746,6000,True,22.022849082946777,22.016917999999805
sparse,2,3002,free,flow,1,om_V,0.23224731093296724,0.2,16.123655466483616,-201.50017851080702,3769.3356148138746,6000,True,22.022849082946777,22.016917999999805
sparse,2,3002,free,flow,1,om_ka,0.32981821417930607,0.4,-17.545446455173487,-201.50017851080702,3769.3356148138746,6000,True,22.022849082946777,22.016917999999805
sparse,2,3002,free,flow,1,sigma,0.23706256360164957,0.2,18.531281800824775,-201.50017851080702,3769.3356148138746,6000,True,22.022849082946777,22.016917999999805
sparse,2,3002,free,flow,8,CL,2.923846169579927,3.0,-2.538461014002428,-201.97942864202804,2244.226458800438,6500,True,6.738613843917847,6.737717999999859
sparse,2,3002,free,flow,8,V,30.007235175447935,30.0,0.0241172514931165,-201.97942864202804,2244.226458800438,6500,True,6.738613843917847,6.737717999999859
sparse,2,3002,free,flow,8,ka,1.1689560533207934,1.2,-2.586995556600543,-201.97942864202804,2244.226458800438,6500,True,6.738613843917847,6.737717999999859
sparse,2,3002,free,flow,8,om_CL,0.2888373075492979,0.3,-3.7208974835673723,-201.97942864202804,2244.226458800438,6500,True,6.738613843917847,6.737717999999859
sparse,2,3002,free,flow,8,om_V,0.22278029196638605,0.2,11.390145983193015,-201.97942864202804,2244.226458800438,6500,True,6.738613843917847,6.737717999999859
sparse,2,3002,free,flow,8,om_ka,0.30711279231044164,0.4,-23.22180192238959,-201.97942864202804,2244.226458800438,6500,True,6.738613843917847,6.737717999999859
sparse,2,3002,free,flow,8,sigma,0.23734969372161543,0.2,18.674846860807712,-201.97942864202804,2244.226458800438,6500,True,6.738613843917847,6.737717999999859
sparse,2,3002,free,flow,64,CL,2.9456258650326475,3.0,-1.8124711655784183,-201.07135698270577,2711.854767094295,16000,True,163.89419603347778,59.180139000000054
sparse,2,3002,free,flow,64,V,29.637504109826796,30.0,-1.2083196339106788,-201.07135698270577,2711.854767094295,16000,True,163.89419603347778,59.180139000000054
sparse,2,3002,free,flow,64,ka,1.1975569844929175,1.2,-0.20358462559020668,-201.07135698270577,2711.854767094295,16000,True,163.89419603347778,59.180139000000054
sparse,2,3002,free,flow,64,om_CL,0.288301693511006,0.3,-3.8994354963313347,-201.07135698270577,2711.854767094295,16000,True,163.89419603347778,59.180139000000054
sparse,2,3002,free,flow,64,om_V,0.22640990381515388,0.2,13.204951907576936,-201.07135698270577,2711.854767094295,16000,True,163.89419603347778,59.180139000000054
sparse,2,3002,free,flow,64,om_ka,0.40024573461034507,0.4,0.06143365258626243,-201.07135698270577,2711.854767094295,16000,True,163.89419603347778,59.180139000000054
sparse,2,3002,free,flow,64,sigma,0.224487952321111,0.2,12.243976160555489,-201.07135698270577,2711.854767094295,16000,True,163.89419603347778,59.180139000000054
sparse,3,3003,free,flow,1,CL,2.9718011788901904,3.0,-0.9399607036603216,-169.2462686932701,3734.3007325018975,10250,True,37.53321409225464,37.51669700000002
sparse,3,3003,free,flow,1,V,30.348316486220913,30.0,1.1610549540697097,-169.2462686932701,3734.3007325018975,10250,True,37.53321409225464,37.51669700000002
sparse,3,3003,free,flow,1,ka,1.2090298608819772,1.2,0.7524884068314346,-169.2462686932701,3734.3007325018975,10250,True,37.53321409225464,37.51669700000002
sparse,3,3003,free,flow,1,om_CL,0.33416634049127075,0.3,11.388780163756921,-169.2462686932701,3734.3007325018975,10250,True,37.53321409225464,37.51669700000002
sparse,3,3003,free,flow,1,om_V,0.19131183408558805,0.2,-4.34408295720598,-169.2462686932701,3734.3007325018975,10250,True,37.53321409225464,37.51669700000002
sparse,3,3003,free,flow,1,om_ka,0.33693913750853144,0.4,-15.765215622867146,-169.2462686932701,3734.3007325018975,10250,True,37.53321409225464,37.51669700000002
sparse,3,3003,free,flow,1,sigma,0.18691877728278616,0.2,-6.540611358606923,-169.2462686932701,3734.3007325018975,10250,True,37.53321409225464,37.51669700000002
sparse,3,3003,free,flow,8,CL,2.954715626233601,3.0,-1.5094791255466273,-169.3653622994793,999.4454468416102,11250,True,309.97174096107483,11.531948999999713
sparse,3,3003,free,flow,8,V,30.91870100881775,30.0,3.0623366960591625,-169.3653622994793,999.4454468416102,11250,True,309.97174096107483,11.531948999999713
sparse,3,3003,free,flow,8,ka,1.227012632249214,1.2,2.251052687434511,-169.3653622994793,999.4454468416102,11250,True,309.97174096107483,11.531948999999713
sparse,3,3003,free,flow,8,om_CL,0.3350560618657221,0.3,11.68535395524071,-169.3653622994793,999.4454468416102,11250,True,309.97174096107483,11.531948999999713
sparse,3,3003,free,flow,8,om_V,0.19349941374658136,0.2,-3.250293126709325,-169.3653622994793,999.4454468416102,11250,True,309.97174096107483,11.531948999999713
sparse,3,3003,free,flow,8,om_ka,0.35863954754065486,0.4,-10.34011311483629,-169.3653622994793,999.4454468416102,11250,True,309.97174096107483,11.531948999999713
sparse,3,3003,free,flow,8,sigma,0.1800980056450899,0.2,-9.950997177455054,-169.3653622994793,999.4454468416102,11250,True,309.97174096107483,11.531948999999713
sparse,3,3003,free,flow,64,CL,2.9967201595918094,3.0,-0.1093280136063542,-168.24078422392404,1636.9585429030185,15250,True,147.7946491241455,55.67176900000004
sparse,3,3003,free,flow,64,V,30.24657542408019,30.0,0.8219180802673046,-168.24078422392404,1636.9585429030185,15250,True,147.7946491241455,55.67176900000004
sparse,3,3003,free,flow,64,ka,1.199835308038485,1.2,-0.013724330126252404,-168.24078422392404,1636.9585429030185,15250,True,147.7946491241455,55.67176900000004
sparse,3,3003,free,flow,64,om_CL,0.3344305994602403,0.3,11.476866486746767,-168.24078422392404,1636.9585429030185,15250,True,147.7946491241455,55.67176900000004
sparse,3,3003,free,flow,64,om_V,0.19461091820429796,0.2,-2.6945408978510246,-168.24078422392404,1636.9585429030185,15250,True,147.7946491241455,55.67176900000004
sparse,3,3003,free,flow,64,om_ka,0.3975563069826966,0.4,-0.6109232543258514,-168.24078422392404,1636.9585429030185,15250,True,147.7946491241455,55.67176900000004
sparse,3,3003,free,flow,64,sigma,0.17187186716540784,0.2,-14.064066417296086,-168.24078422392404,1636.9585429030185,15250,True,147.7946491241455,55.67176900000004
sparse,4,3004,free,flow,1,CL,2.8893353943067197,3.0,-3.68882018977601,-199.70820448799793,3711.8378948789914,3250,True,11.954501152038574,11.950968000000103
sparse,4,3004,free,flow,1,V,31.81484907145614,30.0,6.049496904853803,-199.70820448799793,3711.8378948789914,3250,True,11.954501152038574,11.950968000000103
sparse,4,3004,free,flow,1,ka,1.283424069751258,1.2,6.952005812604837,-199.70820448799793,3711.8378948789914,3250,True,11.954501152038574,11.950968000000103
sparse,4,3004,free,flow,1,om_CL,0.3587413330782135,0.3,19.5804443594045,-199.70820448799793,3711.8378948789914,3250,True,11.954501152038574,11.950968000000103
sparse,4,3004,free,flow,1,om_V,0.1944504730408094,0.2,-2.774763479595307,-199.70820448799793,3711.8378948789914,3250,True,11.954501152038574,11.950968000000103
sparse,4,3004,free,flow,1,om_ka,0.25073693248275297,0.4,-37.31576687931176,-199.70820448799793,3711.8378948789914,3250,True,11.954501152038574,11.950968000000103
sparse,4,3004,free,flow,1,sigma,0.23609716851246804,0.2,18.04858425623401,-199.70820448799793,3711.8378948789914,3250,True,11.954501152038574,11.950968000000103
sparse,4,3004,free,flow,8,CL,2.940076482085957,3.0,-1.9974505971347718,-199.64453636906103,3240.974525704499,18500,True,367.565523147583,18.794210999999905
sparse,4,3004,free,flow,8,V,31.43851850185685,30.0,4.79506167285617,-199.64453636906103,3240.974525704499,18500,True,367.565523147583,18.794210999999905
sparse,4,3004,free,flow,8,ka,1.2686656214734708,1.2,5.722135122789241,-199.64453636906103,3240.974525704499,18500,True,367.565523147583,18.794210999999905
sparse,4,3004,free,flow,8,om_CL,0.3614128499697862,0.3,20.47094998992873,-199.64453636906103,3240.974525704499,18500,True,367.565523147583,18.794210999999905
sparse,4,3004,free,flow,8,om_V,0.20121713471305977,0.2,0.6085673565298794,-199.64453636906103,3240.974525704499,18500,True,367.565523147583,18.794210999999905
sparse,4,3004,free,flow,8,om_ka,0.2527963945778587,0.4,-36.80090135553533,-199.64453636906103,3240.974525704499,18500,True,367.565523147583,18.794210999999905
sparse,4,3004,free,flow,8,sigma,0.22783396943040712,0.2,13.916984715203554,-199.64453636906103,3240.974525704499,18500,True,367.565523147583,18.794210999999905
sparse,4,3004,free,flow,64,CL,2.9004070766145325,3.0,-3.3197641128489184,-198.88273671396973,1982.236724136486,11000,True,39.874035120010376,39.87025999999969
sparse,4,3004,free,flow,64,V,31.67374484467121,30.0,5.579149482237361,-198.88273671396973,1982.236724136486,11000,True,39.874035120010376,39.87025999999969
sparse,4,3004,free,flow,64,ka,1.2780228832583445,1.2,6.501906938195376,-198.88273671396973,1982.236724136486,11000,True,39.874035120010376,39.87025999999969
sparse,4,3004,free,flow,64,om_CL,0.36162315117466387,0.3,20.541050391554627,-198.88273671396973,1982.236724136486,11000,True,39.874035120010376,39.87025999999969
sparse,4,3004,free,flow,64,om_V,0.20346766011748596,0.2,1.7338300587429745,-198.88273671396973,1982.236724136486,11000,True,39.874035120010376,39.87025999999969
sparse,4,3004,free,flow,64,om_ka,0.35394275608981135,0.4,-11.514310977547169,-198.88273671396973,1982.236724136486,11000,True,39.874035120010376,39.87025999999969
sparse,4,3004,free,flow,64,sigma,0.21613050193091402,0.2,8.065250965457002,-198.88273671396973,1982.236724136486,11000,True,39.874035120010376,39.87025999999969
sparse,5,3005,free,flow,1,CL,2.986511292259048,3.0,-0.44962359136505964,-175.06818330438762,3723.223329880821,5000,True,247.67830300331116,18.473034000000098
sparse,5,3005,free,flow,1,V,30.434810830639247,30.0,1.4493694354641562,-175.06818330438762,3723.223329880821,5000,True,247.67830300331116,18.473034000000098
sparse,5,3005,free,flow,1,ka,1.3291324713004682,1.2,10.76103927503902,-175.06818330438762,3723.223329880821,5000,True,247.67830300331116,18.473034000000098
sparse,5,3005,free,flow,1,om_CL,0.27247566565689557,0.3,-9.17477811436814,-175.06818330438762,3723.223329880821,5000,True,247.67830300331116,18.473034000000098
sparse,5,3005,free,flow,1,om_V,0.19979467854547645,0.2,-0.10266072726178299,-175.06818330438762,3723.223329880821,5000,True,247.67830300331116,18.473034000000098
sparse,5,3005,free,flow,1,om_ka,0.3564416512310225,0.4,-10.889587192244377,-175.06818330438762,3723.223329880821,5000,True,247.67830300331116,18.473034000000098
sparse,5,3005,free,flow,1,sigma,0.2190053636224305,0.2,9.502681811215247,-175.06818330438762,3723.223329880821,5000,True,247.67830300331116,18.473034000000098
sparse,5,3005,free,flow,8,CL,2.9689269817187802,3.0,-1.0357672760406593,-175.13291202947318,2812.517091334436,9000,True,9.042478084564209,9.041371000000254
sparse,5,3005,free,flow,8,V,30.436330132287996,30.0,1.4544337742933184,-175.13291202947318,2812.517091334436,9000,True,9.042478084564209,9.041371000000254
sparse,5,3005,free,flow,8,ka,1.3477278887591209,1.2,12.31065739659341,-175.13291202947318,2812.517091334436,9000,True,9.042478084564209,9.041371000000254
sparse,5,3005,free,flow,8,om_CL,0.28416570449568657,0.3,-5.278098501437808,-175.13291202947318,2812.517091334436,9000,True,9.042478084564209,9.041371000000254
sparse,5,3005,free,flow,8,om_V,0.1964650904731848,0.2,-1.7674547634076025,-175.13291202947318,2812.517091334436,9000,True,9.042478084564209,9.041371000000254
sparse,5,3005,free,flow,8,om_ka,0.34676707314644145,0.4,-13.308231713389642,-175.13291202947318,2812.517091334436,9000,True,9.042478084564209,9.041371000000254
sparse,5,3005,free,flow,8,sigma,0.2170269271196456,0.2,8.513463559822798,-175.13291202947318,2812.517091334436,9000,True,9.042478084564209,9.041371000000254
sparse,5,3005,free,flow,64,CL,2.977894944811833,3.0,-0.7368351729389063,-174.91581595220705,1988.676511818325,7250,True,67.26721596717834,26.54683299999988
sparse,5,3005,free,flow,64,V,31.001841943248614,30.0,3.339473144162047,-174.91581595220705,1988.676511818325,7250,True,67.26721596717834,26.54683299999988
sparse,5,3005,free,flow,64,ka,1.3250608308779452,1.2,10.421735906495442,-174.91581595220705,1988.676511818325,7250,True,67.26721596717834,26.54683299999988
sparse,5,3005,free,flow,64,om_CL,0.2768719626874713,0.3,-7.709345770842905,-174.91581595220705,1988.676511818325,7250,True,67.26721596717834,26.54683299999988
sparse,5,3005,free,flow,64,om_V,0.20214046727607882,0.2,1.0702336380394029,-174.91581595220705,1988.676511818325,7250,True,67.26721596717834,26.54683299999988
sparse,5,3005,free,flow,64,om_ka,0.43400550209733635,0.4,8.501375524334081,-174.91581595220705,1988.676511818325,7250,True,67.26721596717834,26.54683299999988
sparse,5,3005,free,flow,64,sigma,0.20204203415045255,0.2,1.0210170752262686,-174.91581595220705,1988.676511818325,7250,True,67.26721596717834,26.54683299999988
sparse,6,3006,free,flow,1,CL,2.9574588308858947,3.0,-1.4180389704701775,-162.59864143068975,3785.6299047988314,12500,True,95.71048188209534,45.53096600000026
sparse,6,3006,free,flow,1,V,30.64971356697969,30.0,2.1657118899322945,-162.59864143068975,3785.6299047988314,12500,True,95.71048188209534,45.53096600000026
sparse,6,3006,free,flow,1,ka,1.204498121633534,1.2,0.37484346946116875,-162.59864143068975,3785.6299047988314,12500,True,95.71048188209534,45.53096600000026
sparse,6,3006,free,flow,1,om_CL,0.2862498672600927,0.3,-4.583377579969091,-162.59864143068975,3785.6299047988314,12500,True,95.71048188209534,45.53096600000026
sparse,6,3006,free,flow,1,om_V,0.24096226596196849,0.2,20.481132980984235,-162.59864143068975,3785.6299047988314,12500,True,95.71048188209534,45.53096600000026
sparse,6,3006,free,flow,1,om_ka,0.29017845317706825,0.4,-27.455386705732945,-162.59864143068975,3785.6299047988314,12500,True,95.71048188209534,45.53096600000026
sparse,6,3006,free,flow,1,sigma,0.18610923579804106,0.2,-6.945382100979474,-162.59864143068975,3785.6299047988314,12500,True,95.71048188209534,45.53096600000026
sparse,6,3006,free,flow,8,CL,3.0043830630407773,3.0,0.14610210135924304,-164.05256274127458,1464.8590327227478,5250,True,5.458585977554321,5.427310999999918
sparse,6,3006,free,flow,8,V,30.565625407800926,30.0,1.8854180260030873,-164.05256274127458,1464.8590327227478,5250,True,5.458585977554321,5.427310999999918
sparse,6,3006,free,flow,8,ka,1.176939711996236,1.2,-1.9216906669803357,-164.05256274127458,1464.8590327227478,5250,True,5.458585977554321,5.427310999999918
sparse,6,3006,free,flow,8,om_CL,0.2905552860280479,0.3,-3.1482379906506894,-164.05256274127458,1464.8590327227478,5250,True,5.458585977554321,5.427310999999918
sparse,6,3006,free,flow,8,om_V,0.24598068971329073,0.2,22.990344856645358,-164.05256274127458,1464.8590327227478,5250,True,5.458585977554321,5.427310999999918
sparse,6,3006,free,flow,8,om_ka,0.1866726446284706,0.4,-53.331838842882355,-164.05256274127458,1464.8590327227478,5250,True,5.458585977554321,5.427310999999918
sparse,6,3006,free,flow,8,sigma,0.19629807116589185,0.2,-1.8509644170540822,-164.05256274127458,1464.8590327227478,5250,True,5.458585977554321,5.427310999999918
sparse,6,3006,free,flow,64,CL,2.963109056394723,3.0,-1.2296981201759039,-162.19898848307878,2074.6103932164597,14750,True,63.678531885147095,56.641595999999936
sparse,6,3006,free,flow,64,V,30.261066741636537,30.0,0.8702224721217888,-162.19898848307878,2074.6103932164597,14750,True,63.678531885147095,56.641595999999936
sparse,6,3006,free,flow,64,ka,1.215436348950853,1.2,1.2863624125710924,-162.19898848307878,2074.6103932164597,14750,True,63.678531885147095,56.641595999999936
sparse,6,3006,free,flow,64,om_CL,0.28566670354853324,0.3,-4.777765483822249,-162.19898848307878,2074.6103932164597,14750,True,63.678531885147095,56.641595999999936
sparse,6,3006,free,flow,64,om_V,0.23741399324960777,0.2,18.706996624803878,-162.19898848307878,2074.6103932164597,14750,True,63.678531885147095,56.641595999999936
sparse,6,3006,free,flow,64,om_ka,0.36868991339225976,0.4,-7.827521651935065,-162.19898848307878,2074.6103932164597,14750,True,63.678531885147095,56.641595999999936
sparse,6,3006,free,flow,64,sigma,0.17289293703885814,0.2,-13.553531480570937,-162.19898848307878,2074.6103932164597,14750,True,63.678531885147095,56.641595999999936
sparse,7,3007,free,flow,1,CL,3.134194934649005,3.0,4.473164488300159,-163.66432895940198,3706.5635438806617,8250,True,32.022847175598145,31.86011099999996
sparse,7,3007,free,flow,1,V,30.854071970816737,30.0,2.846906569389122,-163.66432895940198,3706.5635438806617,8250,True,32.022847175598145,31.86011099999996
sparse,7,3007,free,flow,1,ka,1.233701541127028,1.2,2.8084617605856717,-163.66432895940198,3706.5635438806617,8250,True,32.022847175598145,31.86011099999996
sparse,7,3007,free,flow,1,om_CL,0.2866035300620036,0.3,-4.465489979332124,-163.66432895940198,3706.5635438806617,8250,True,32.022847175598145,31.86011099999996
sparse,7,3007,free,flow,1,om_V,0.17779078766502604,0.2,-11.104606167486985,-163.66432895940198,3706.5635438806617,8250,True,32.022847175598145,31.86011099999996
sparse,7,3007,free,flow,1,om_ka,0.3768437943823642,0.4,-5.789051404408953,-163.66432895940198,3706.5635438806617,8250,True,32.022847175598145,31.86011099999996
sparse,7,3007,free,flow,1,sigma,0.20511961964680364,0.2,2.559809823401815,-163.66432895940198,3706.5635438806617,8250,True,32.022847175598145,31.86011099999996
sparse,7,3007,free,flow,8,CL,3.0976187474062673,3.0,3.2539582468755768,-163.5416447085397,2713.3156076971454,14250,True,15.364331007003784,15.282959000000119
sparse,7,3007,free,flow,8,V,31.017118773879684,30.0,3.3903959129322794,-163.5416447085397,2713.3156076971454,14250,True,15.364331007003784,15.282959000000119
sparse,7,3007,free,flow,8,ka,1.2299139513538748,1.2,2.4928292794895723,-163.5416447085397,2713.3156076971454,14250,True,15.364331007003784,15.282959000000119
sparse,7,3007,free,flow,8,om_CL,0.2830241740431734,0.3,-5.658608652275521,-163.5416447085397,2713.3156076971454,14250,True,15.364331007003784,15.282959000000119
sparse,7,3007,free,flow,8,om_V,0.17380407000867545,0.2,-13.097964995662279,-163.5416447085397,2713.3156076971454,14250,True,15.364331007003784,15.282959000000119
sparse,7,3007,free,flow,8,om_ka,0.36886509202582146,0.4,-7.783726993544639,-163.5416447085397,2713.3156076971454,14250,True,15.364331007003784,15.282959000000119
sparse,7,3007,free,flow,8,sigma,0.19906630503294845,0.2,-0.4668474835257813,-163.5416447085397,2713.3156076971454,14250,True,15.364331007003784,15.282959000000119
sparse,7,3007,free,flow,64,CL,3.1036935691745544,3.0,3.4564523058184804,-163.55959740186245,2401.7087577118023,16750,True,67.14210271835327,66.70116800000005
sparse,7,3007,free,flow,64,V,30.85162236217031,30.0,2.8387412072343685,-163.55959740186245,2401.7087577118023,16750,True,67.14210271835327,66.70116800000005
sparse,7,3007,free,flow,64,ka,1.2539116083744826,1.2,4.492634031206885,-163.55959740186245,2401.7087577118023,16750,True,67.14210271835327,66.70116800000005
sparse,7,3007,free,flow,64,om_CL,0.28137295743291363,0.3,-6.209014189028787,-163.55959740186245,2401.7087577118023,16750,True,67.14210271835327,66.70116800000005
sparse,7,3007,free,flow,64,om_V,0.1693941718580801,0.2,-15.302914070959961,-163.55959740186245,2401.7087577118023,16750,True,67.14210271835327,66.70116800000005
sparse,7,3007,free,flow,64,om_ka,0.42380868165424435,0.4,5.95217041356108,-163.55959740186245,2401.7087577118023,16750,True,67.14210271835327,66.70116800000005
sparse,7,3007,free,flow,64,sigma,0.20355287426220306,0.2,1.7764371311015241,-163.55959740186245,2401.7087577118023,16750,True,67.14210271835327,66.70116800000005
sparse,8,3008,free,flow,1,CL,3.0036286298773724,3.0,0.12095432924574823,-188.80643087900643,3840.5028586958456,12250,True,47.40500617027283,47.18664600000011
sparse,8,3008,free,flow,1,V,30.46254713487514,30.0,1.541823782917137,-188.80643087900643,3840.5028586958456,12250,True,47.40500617027283,47.18664600000011
sparse,8,3008,free,flow,1,ka,1.1356077596085723,1.2,-5.366020032618971,-188.80643087900643,3840.5028586958456,12250,True,47.40500617027283,47.18664600000011
sparse,8,3008,free,flow,1,om_CL,0.32453919706619855,0.3,8.179732355399521,-188.80643087900643,3840.5028586958456,12250,True,47.40500617027283,47.18664600000011
sparse,8,3008,free,flow,1,om_V,0.1973876318769309,0.2,-1.306184061534557,-188.80643087900643,3840.5028586958456,12250,True,47.40500617027283,47.18664600000011
sparse,8,3008,free,flow,1,om_ka,0.25516112105662053,0.4,-36.20971973584487,-188.80643087900643,3840.5028586958456,12250,True,47.40500617027283,47.18664600000011
sparse,8,3008,free,flow,1,sigma,0.22042319562040538,0.2,10.211597810202685,-188.80643087900643,3840.5028586958456,12250,True,47.40500617027283,47.18664600000011
sparse,8,3008,free,flow,8,CL,2.992738236620352,3.0,-0.2420587793216041,-188.76607051148508,3025.2960061878525,10000,True,10.85535478591919,10.801214999999956
sparse,8,3008,free,flow,8,V,29.9898943394444,30.0,-0.03368553518532972,-188.76607051148508,3025.2960061878525,10000,True,10.85535478591919,10.801214999999956
sparse,8,3008,free,flow,8,ka,1.15624731003772,1.2,-3.646057496856666,-188.76607051148508,3025.2960061878525,10000,True,10.85535478591919,10.801214999999956
sparse,8,3008,free,flow,8,om_CL,0.3212731877885859,0.3,7.091062596195297,-188.76607051148508,3025.2960061878525,10000,True,10.85535478591919,10.801214999999956
sparse,8,3008,free,flow,8,om_V,0.20159065255262335,0.2,0.795326276311667,-188.76607051148508,3025.2960061878525,10000,True,10.85535478591919,10.801214999999956
sparse,8,3008,free,flow,8,om_ka,0.288225839971634,0.4,-27.94354000709151,-188.76607051148508,3025.2960061878525,10000,True,10.85535478591919,10.801214999999956
sparse,8,3008,free,flow,8,sigma,0.21484599927234693,0.2,7.4229996361734605,-188.76607051148508,3025.2960061878525,10000,True,10.85535478591919,10.801214999999956
sparse,8,3008,free,flow,64,CL,3.0092753148398126,3.0,0.3091771613270862,-188.62472641084165,1664.697794095287,6250,True,25.156337022781372,25.028630999999677
sparse,8,3008,free,flow,64,V,29.776846172530387,30.0,-0.7438460915653758,-188.62472641084165,1664.697794095287,6250,True,25.156337022781372,25.028630999999677
sparse,8,3008,free,flow,64,ka,1.1460343960580808,1.2,-4.497133661826599,-188.62472641084165,1664.697794095287,6250,True,25.156337022781372,25.028630999999677
sparse,8,3008,free,flow,64,om_CL,0.3244368761499946,0.3,8.145625383331543,-188.62472641084165,1664.697794095287,6250,True,25.156337022781372,25.028630999999677
sparse,8,3008,free,flow,64,om_V,0.19730237753744298,0.2,-1.3488112312785154,-188.62472641084165,1664.697794095287,6250,True,25.156337022781372,25.028630999999677
sparse,8,3008,free,flow,64,om_ka,0.30268526172496285,0.4,-24.32868456875929,-188.62472641084165,1664.697794095287,6250,True,25.156337022781372,25.028630999999677
sparse,8,3008,free,flow,64,sigma,0.21595675360279254,0.2,7.978376801396264,-188.62472641084165,1664.697794095287,6250,True,25.156337022781372,25.028630999999677
sparse,9,3009,free,flow,1,CL,3.132600571222588,3.0,4.420019040752932,-160.44681069974916,3860.995664560391,15000,True,58.045156717300415,57.778217999999924
sparse,9,3009,free,flow,1,V,29.697838939701803,30.0,-1.0072035343273218,-160.44681069974916,3860.995664560391,15000,True,58.045156717300415,57.778217999999924
sparse,9,3009,free,flow,1,ka,1.1773616199185921,1.2,-1.8865316734506532,-160.44681069974916,3860.995664560391,15000,True,58.045156717300415,57.778217999999924
sparse,9,3009,free,flow,1,om_CL,0.26093814437041823,0.3,-13.020618543193919,-160.44681069974916,3860.995664560391,15000,True,58.045156717300415,57.778217999999924
sparse,9,3009,free,flow,1,om_V,0.2060321759798451,0.2,3.0160879899225472,-160.44681069974916,3860.995664560391,15000,True,58.045156717300415,57.778217999999924
sparse,9,3009,free,flow,1,om_ka,0.26209231363725677,0.4,-34.47692159068581,-160.44681069974916,3860.995664560391,15000,True,58.045156717300415,57.778217999999924
sparse,9,3009,free,flow,1,sigma,0.20338031909069942,0.2,1.6901595453497065,-160.44681069974916,3860.995664560391,15000,True,58.045156717300415,57.778217999999924
sparse,9,3009,free,flow,8,CL,3.1331957867303215,3.0,4.439859557677384,-161.0284826450892,3482.1327451278457,16000,True,17.24802803993225,17.163442999999916
sparse,9,3009,free,flow,8,V,29.82894395177928,30.0,-0.5701868274023999,-161.0284826450892,3482.1327451278457,16000,True,17.24802803993225,17.163442999999916
sparse,9,3009,free,flow,8,ka,1.1702250391684126,1.2,-2.4812467359656143,-161.0284826450892,3482.1327451278457,16000,True,17.24802803993225,17.163442999999916
sparse,9,3009,free,flow,8,om_CL,0.25933890192856673,0.3,-13.553699357144419,-161.0284826450892,3482.1327451278457,16000,True,17.24802803993225,17.163442999999916
sparse,9,3009,free,flow,8,om_V,0.20046680718359383,0.2,0.23340359179691017,-161.0284826450892,3482.1327451278457,16000,True,17.24802803993225,17.163442999999916
sparse,9,3009,free,flow,8,om_ka,0.21247007206881044,0.4,-46.882481982797394,-161.0284826450892,3482.1327451278457,16000,True,17.24802803993225,17.163442999999916
sparse,9,3009,free,flow,8,sigma,0.21265199685469302,0.2,6.325998427346504,-161.0284826450892,3482.1327451278457,16000,True,17.24802803993225,17.163442999999916
sparse,9,3009,free,flow,64,CL,3.0977009579301544,3.0,3.2566985976718144,-160.49204473856855,2026.3314248712752,12500,True,50.80660390853882,50.430996999999934
sparse,9,3009,free,flow,64,V,29.89010857524122,30.0,-0.36630474919592854,-160.49204473856855,2026.3314248712752,12500,True,50.80660390853882,50.430996999999934
sparse,9,3009,free,flow,64,ka,1.175404902755676,1.2,-2.0495914370269874,-160.49204473856855,2026.3314248712752,12500,True,50.80660390853882,50.430996999999934
sparse,9,3009,free,flow,64,om_CL,0.26072639004222253,0.3,-13.091203319259153,-160.49204473856855,2026.3314248712752,12500,True,50.80660390853882,50.430996999999934
sparse,9,3009,free,flow,64,om_V,0.20167518223980443,0.2,0.8375911199022118,-160.49204473856855,2026.3314248712752,12500,True,50.80660390853882,50.430996999999934
sparse,9,3009,free,flow,64,om_ka,0.30563996755696005,0.4,-23.590008110759992,-160.49204473856855,2026.3314248712752,12500,True,50.80660390853882,50.430996999999934
sparse,9,3009,free,flow,64,sigma,0.20151917464096275,0.2,0.7595873204813697,-160.49204473856855,2026.3314248712752,12500,True,50.80660390853882,50.430996999999934
sparse,10,3010,free,flow,1,CL,3.0507173489769355,3.0,1.6905782992311824,-191.42143855575497,3608.5120173701503,8500,True,32.9886908531189,32.82537500000035
sparse,10,3010,free,flow,1,V,31.088212375645956,30.0,3.627374585486519,-191.42143855575497,3608.5120173701503,8500,True,32.9886908531189,32.82537500000035
sparse,10,3010,free,flow,1,ka,1.1338003088800817,1.2,-5.516640926659859,-191.42143855575497,3608.5120173701503,8500,True,32.9886908531189,32.82537500000035
sparse,10,3010,free,flow,1,om_CL,0.29806767370055337,0.3,-0.6441087664822062,-191.42143855575497,3608.5120173701503,8500,True,32.9886908531189,32.82537500000035
sparse,10,3010,free,flow,1,om_V,0.15091029683281323,0.2,-24.54485158359339,-191.42143855575497,3608.5120173701503,8500,True,32.9886908531189,32.82537500000035
sparse,10,3010,free,flow,1,om_ka,0.3466241106111208,0.4,-13.343972347219802,-191.42143855575497,3608.5120173701503,8500,True,32.9886908531189,32.82537500000035
sparse,10,3010,free,flow,1,sigma,0.24991368168984834,0.2,24.956840844924162,-191.42143855575497,3608.5120173701503,8500,True,32.9886908531189,32.82537500000035
sparse,10,3010,free,flow,8,CL,3.0793788963488726,3.0,2.6459632116290877,-191.2224547904867,2906.8433911183965,15750,True,17.31676411628723,17.19410999999991
sparse,10,3010,free,flow,8,V,30.788091413285134,30.0,2.6269713776171124,-191.2224547904867,2906.8433911183965,15750,True,17.31676411628723,17.19410999999991
sparse,10,3010,free,flow,8,ka,1.1176761440217555,1.2,-6.860321331520369,-191.2224547904867,2906.8433911183965,15750,True,17.31676411628723,17.19410999999991
sparse,10,3010,free,flow,8,om_CL,0.2989820491039871,0.3,-0.33931696533762157,-191.2224547904867,2906.8433911183965,15750,True,17.31676411628723,17.19410999999991
sparse,10,3010,free,flow,8,om_V,0.14510234406745823,0.2,-27.44882796627089,-191.2224547904867,2906.8433911183965,15750,True,17.31676411628723,17.19410999999991
sparse,10,3010,free,flow,8,om_ka,0.38395611638249644,0.4,-4.010970904375896,-191.2224547904867,2906.8433911183965,15750,True,17.31676411628723,17.19410999999991
sparse,10,3010,free,flow,8,sigma,0.2446143972280933,0.2,22.307198614046644,-191.2224547904867,2906.8433911183965,15750,True,17.31676411628723,17.19410999999991
sparse,10,3010,free,flow,64,CL,3.0656208556982634,3.0,2.187361856608779,-191.7164190885801,1764.2511110581593,10000,True,40.080852031707764,39.878467999999884
sparse,10,3010,free,flow,64,V,30.327291045539937,30.0,1.0909701517997898,-191.7164190885801,1764.2511110581593,10000,True,40.080852031707764,39.878467999999884
sparse,10,3010,free,flow,64,ka,1.1443834666594956,1.2,-4.634711111708693,-191.7164190885801,1764.2511110581593,10000,True,40.080852031707764,39.878467999999884
sparse,10,3010,free,flow,64,om_CL,0.3046967433027855,0.3,1.5655811009285074,-191.7164190885801,1764.2511110581593,10000,True,40.080852031707764,39.878467999999884
sparse,10,3010,free,flow,64,om_V,0.16434091131551293,0.2,-17.82954434224354,-191.7164190885801,1764.2511110581593,10000,True,40.080852031707764,39.878467999999884
sparse,10,3010,free,flow,64,om_ka,0.40745979031525587,0.4,1.8649475788139607,-191.7164190885801,1764.2511110581593,10000,True,40.080852031707764,39.878467999999884
sparse,10,3010,free,flow,64,sigma,0.2304489739183334,0.2,15.224486959166699,-191.7164190885801,1764.2511110581593,10000,True,40.080852031707764,39.878467999999884
sparse,11,3011,free,flow,1,CL,3.0773602936094395,3.0,2.5786764536479843,-185.60906593928138,3641.008545171513,6500,True,25.375967979431152,25.238990000000285
sparse,11,3011,free,flow,1,V,30.437378468680485,30.0,1.457928228934951,-185.60906593928138,3641.008545171513,6500,True,25.375967979431152,25.238990000000285
sparse,11,3011,free,flow,1,ka,1.2546548386312069,1.2,4.554569885933909,-185.60906593928138,3641.008545171513,6500,True,25.375967979431152,25.238990000000285
sparse,11,3011,free,flow,1,om_CL,0.29386236540054306,0.3,-2.0458781998189774,-185.60906593928138,3641.008545171513,6500,True,25.375967979431152,25.238990000000285
sparse,11,3011,free,flow,1,om_V,0.21056775793807103,0.2,5.28387896903551,-185.60906593928138,3641.008545171513,6500,True,25.375967979431152,25.238990000000285
sparse,11,3011,free,flow,1,om_ka,0.3928775561459512,0.4,-1.7806109635122025,-185.60906593928138,3641.008545171513,6500,True,25.375967979431152,25.238990000000285
sparse,11,3011,free,flow,1,sigma,0.20473609254857203,0.2,2.368046274286009,-185.60906593928138,3641.008545171513,6500,True,25.375967979431152,25.238990000000285
sparse,11,3011,free,flow,8,CL,3.043312509342671,3.0,1.4437503114223649,-185.1211279101538,2820.633834393953,14250,True,15.41836404800415,15.339281000000028
sparse,11,3011,free,flow,8,V,30.413757699850173,30.0,1.3791923328339095,-185.1211279101538,2820.633834393953,14250,True,15.41836404800415,15.339281000000028
sparse,11,3011,free,flow,8,ka,1.2896618233540913,1.2,7.471818612840945,-185.1211279101538,2820.633834393953,14250,True,15.41836404800415,15.339281000000028
sparse,11,3011,free,flow,8,om_CL,0.3049103555972452,0.3,1.6367851990817437,-185.1211279101538,2820.633834393953,14250,True,15.41836404800415,15.339281000000028
sparse,11,3011,free,flow,8,om_V,0.2098377857691384,0.2,4.91889288456919,-185.1211279101538,2820.633834393953,14250,True,15.41836404800415,15.339281000000028
sparse,11,3011,free,flow,8,om_ka,0.4485556132348235,0.4,12.138903308705872,-185.1211279101538,2820.633834393953,14250,True,15.41836404800415,15.339281000000028
sparse,11,3011,free,flow,8,sigma,0.1969972021007818,0.2,-1.5013989496091007,-185.1211279101538,2820.633834393953,14250,True,15.41836404800415,15.339281000000028
sparse,11,3011,free,flow,64,CL,2.996136233975382,3.0,-0.12879220082059697,-185.79963392309267,1500.1824183995798,12250,True,49.206242084503174,48.95207900000014
sparse,11,3011,free,flow,64,V,30.863635376792917,30.0,2.878784589309724,-185.79963392309267,1500.1824183995798,12250,True,49.206242084503174,48.95207900000014
sparse,11,3011,free,flow,64,ka,1.3271474713866755,1.2,10.5956226155563,-185.79963392309267,1500.1824183995798,12250,True,49.206242084503174,48.95207900000014
sparse,11,3011,free,flow,64,om_CL,0.3076420673237324,0.3,2.5473557745774684,-185.79963392309267,1500.1824183995798,12250,True,49.206242084503174,48.95207900000014
sparse,11,3011,free,flow,64,om_V,0.2083544364810866,0.2,4.17721824054329,-185.79963392309267,1500.1824183995798,12250,True,49.206242084503174,48.95207900000014
sparse,11,3011,free,flow,64,om_ka,0.4384629680876675,0.4,9.615742021916867,-185.79963392309267,1500.1824183995798,12250,True,49.206242084503174,48.95207900000014
sparse,11,3011,free,flow,64,sigma,0.1971746300535396,0.2,-1.412684973230202,-185.79963392309267,1500.1824183995798,12250,True,49.206242084503174,48.95207900000014
sparse,12,3012,free,flow,1,CL,2.978120250959095,3.0,-0.7293249680301687,-161.88755885182644,3768.2213528853435,8750,True,34.057701110839844,33.870642000000316
sparse,12,3012,free,flow,1,V,29.297625816865008,30.0,-2.3412472771166413,-161.88755885182644,3768.2213528853435,8750,True,34.057701110839844,33.870642000000316
sparse,12,3012,free,flow,1,ka,1.145915906809471,1.2,-4.507007765877406,-161.88755885182644,3768.2213528853435,8750,True,34.057701110839844,33.870642000000316
sparse,12,3012,free,flow,1,om_CL,0.28552719794425346,0.3,-4.824267351915509,-161.88755885182644,3768.2213528853435,8750,True,34.057701110839844,33.870642000000316
sparse,12,3012,free,flow,1,om_V,0.1769793663236797,0.2,-11.51031683816016,-161.88755885182644,3768.2213528853435,8750,True,34.057701110839844,33.870642000000316
sparse,12,3012,free,flow,1,om_ka,0.318935833131779,0.4,-20.26604171705526,-161.88755885182644,3768.2213528853435,8750,True,34.057701110839844,33.870642000000316
sparse,12,3012,free,flow,1,sigma,0.20359464275264422,0.2,1.797321376322103,-161.88755885182644,3768.2213528853435,8750,True,34.057701110839844,33.870642000000316
sparse,12,3012,free,flow,8,CL,2.9354385075964666,3.0,-2.1520497467844457,-162.1029044605566,2527.5904128464617,18250,True,19.767986297607422,19.659290000000055
sparse,12,3012,free,flow,8,V,29.37227051491572,30.0,-2.0924316169476023,-162.1029044605566,2527.5904128464617,18250,True,19.767986297607422,19.659290000000055
sparse,12,3012,free,flow,8,ka,1.1822320631478485,1.2,-1.4806614043459585,-162.1029044605566,2527.5904128464617,18250,True,19.767986297607422,19.659290000000055
sparse,12,3012,free,flow,8,om_CL,0.2880961411361886,0.3,-3.9679529546038004,-162.1029044605566,2527.5904128464617,18250,True,19.767986297607422,19.659290000000055
sparse,12,3012,free,flow,8,om_V,0.17190181767034274,0.2,-14.049091164828637,-162.1029044605566,2527.5904128464617,18250,True,19.767986297607422,19.659290000000055
sparse,12,3012,free,flow,8,om_ka,0.3281012237892092,0.4,-17.974694052697703,-162.1029044605566,2527.5904128464617,18250,True,19.767986297607422,19.659290000000055
sparse,12,3012,free,flow,8,sigma,0.2039424272066503,0.2,1.9712136033251393,-162.1029044605566,2527.5904128464617,18250,True,19.767986297607422,19.659290000000055
sparse,12,3012,free,flow,64,CL,2.9828748931819438,3.0,-0.5708368939352079,-161.5850465098428,2645.1303949380167,8250,True,33.16551971435547,32.979131999999936
sparse,12,3012,free,flow,64,V,29.249776936721844,30.0,-2.5007435442605206,-161.5850465098428,2645.1303949380167,8250,True,33.16551971435547,32.979131999999936
sparse,12,3012,free,flow,64,ka,1.1759089853916616,1.2,-2.007584550694867,-161.5850465098428,2645.1303949380167,8250,True,33.16551971435547,32.979131999999936
sparse,12,3012,free,flow,64,om_CL,0.28601726951190865,0.3,-4.660910162697115,-161.5850465098428,2645.1303949380167,8250,True,33.16551971435547,32.979131999999936
sparse,12,3012,free,flow,64,om_V,0.1810468657304754,0.2,-9.476567134762304,-161.5850465098428,2645.1303949380167,8250,True,33.16551971435547,32.979131999999936
sparse,12,3012,free,flow,64,om_ka,0.3574233445818658,0.4,-10.644163854533552,-161.5850465098428,2645.1303949380167,8250,True,33.16551971435547,32.979131999999936
sparse,12,3012,free,flow,64,sigma,0.18834044489262852,0.2,-5.829777553685744,-161.5850465098428,2645.1303949380167,8250,True,33.16551971435547,32.979131999999936
sparse,13,3013,free,flow,1,CL,2.9159497250903375,3.0,-2.801675830322085,-169.1089979175054,3872.0893305182717,8500,True,33.09705090522766,32.91258299999981
sparse,13,3013,free,flow,1,V,30.717658874410738,30.0,2.3921962480357926,-169.1089979175054,3872.0893305182717,8500,True,33.09705090522766,32.91258299999981
sparse,13,3013,free,flow,1,ka,1.1793306863379607,1.2,-1.72244280516994,-169.1089979175054,3872.0893305182717,8500,True,33.09705090522766,32.91258299999981
sparse,13,3013,free,flow,1,om_CL,0.2994014693412047,0.3,-0.19951021959842738,-169.1089979175054,3872.0893305182717,8500,True,33.09705090522766,32.91258299999981
sparse,13,3013,free,flow,1,om_V,0.20886879150915688,0.2,4.434395754578435,-169.1089979175054,3872.0893305182717,8500,True,33.09705090522766,32.91258299999981
sparse,13,3013,free,flow,1,om_ka,0.28144671702350416,0.4,-29.638320744123966,-169.1089979175054,3872.0893305182717,8500,True,33.09705090522766,32.91258299999981
sparse,13,3013,free,flow,1,sigma,0.20726675963018282,0.2,3.633379815091403,-169.1089979175054,3872.0893305182717,8500,True,33.09705090522766,32.91258299999981
sparse,13,3013,free,flow,8,CL,2.93187968041217,3.0,-2.270677319594331,-169.42154017315434,2744.2656319005123,19250,True,20.841097116470337,20.71368500000017
sparse,13,3013,free,flow,8,V,30.61887468346423,30.0,2.0629156115474365,-169.42154017315434,2744.2656319005123,19250,True,20.841097116470337,20.71368500000017
sparse,13,3013,free,flow,8,ka,1.1994008791606858,1.2,-0.049926736609510566,-169.42154017315434,2744.2656319005123,19250,True,20.841097116470337,20.71368500000017
sparse,13,3013,free,flow,8,om_CL,0.29463155706050653,0.3,-1.7894809798311522,-169.42154017315434,2744.2656319005123,19250,True,20.841097116470337,20.71368500000017
sparse,13,3013,free,flow,8,om_V,0.21284571880966352,0.2,6.422859404831754,-169.42154017315434,2744.2656319005123,19250,True,20.841097116470337,20.71368500000017
sparse,13,3013,free,flow,8,om_ka,0.25651817059142445,0.4,-35.87045735214389,-169.42154017315434,2744.2656319005123,19250,True,20.841097116470337,20.71368500000017
sparse,13,3013,free,flow,8,sigma,0.21005126481618194,0.2,5.025632408090965,-169.42154017315434,2744.2656319005123,19250,True,20.841097116470337,20.71368500000017
sparse,13,3013,free,flow,64,CL,2.916816721296676,3.0,-2.772775956777466,-169.06278284791273,2831.2717323276215,7750,True,31.26329493522644,31.057536000000255
sparse,13,3013,free,flow,64,V,30.480662193742244,30.0,1.6022073124741472,-169.06278284791273,2831.2717323276215,7750,True,31.26329493522644,31.057536000000255
sparse,13,3013,free,flow,64,ka,1.1953090233705357,1.2,-0.3909147191220227,-169.06278284791273,2831.2717323276215,7750,True,31.26329493522644,31.057536000000255
sparse,13,3013,free,flow,64,om_CL,0.3034237744300373,0.3,1.1412581433457767,-169.06278284791273,2831.2717323276215,7750,True,31.26329493522644,31.057536000000255
sparse,13,3013,free,flow,64,om_V,0.210235764086818,0.2,5.117882043408988,-169.06278284791273,2831.2717323276215,7750,True,31.26329493522644,31.057536000000255
sparse,13,3013,free,flow,64,om_ka,0.3334947687899019,0.4,-16.626307802524522,-169.06278284791273,2831.2717323276215,7750,True,31.26329493522644,31.057536000000255
sparse,13,3013,free,flow,64,sigma,0.19456688919342693,0.2,-2.7165554032865384,-169.06278284791273,2831.2717323276215,7750,True,31.26329493522644,31.057536000000255
sparse,14,3014,free,flow,1,CL,3.0323431058019223,3.0,1.0781035267307448,-171.3220177068305,3826.406755014005,5250,True,20.64557957649231,20.416665000000194
sparse,14,3014,free,flow,1,V,30.82604126229401,30.0,2.7534708743133627,-171.3220177068305,3826.406755014005,5250,True,20.64557957649231,20.416665000000194
sparse,14,3014,free,flow,1,ka,1.245180414114399,1.2,3.7650345095332494,-171.3220177068305,3826.406755014005,5250,True,20.64557957649231,20.416665000000194
sparse,14,3014,free,flow,1,om_CL,0.3014106046931144,0.3,0.4702015643714789,-171.3220177068305,3826.406755014005,5250,True,20.64557957649231,20.416665000000194
sparse,14,3014,free,flow,1,om_V,0.1973198812745511,0.2,-1.3400593627244521,-171.3220177068305,3826.406755014005,5250,True,20.64557957649231,20.416665000000194
sparse,14,3014,free,flow,1,om_ka,0.3225409158383666,0.4,-19.364771040408357,-171.3220177068305,3826.406755014005,5250,True,20.64557957649231,20.416665000000194
sparse,14,3014,free,flow,1,sigma,0.20797652055873053,0.2,3.98826027936526,-171.3220177068305,3826.406755014005,5250,True,20.64557957649231,20.416665000000194
sparse,14,3014,free,flow,8,CL,3.01112994901011,3.0,0.3709983003369999,-170.87547346426345,2617.4525864514126,16750,True,18.109222888946533,18.021637000000283
sparse,14,3014,free,flow,8,V,30.89226611873542,30.0,2.974220395784736,-170.87547346426345,2617.4525864514126,16750,True,18.109222888946533,18.021637000000283
sparse,14,3014,free,flow,8,ka,1.2502507334824544,1.2,4.187561123537872,-170.87547346426345,2617.4525864514126,16750,True,18.109222888946533,18.021637000000283
sparse,14,3014,free,flow,8,om_CL,0.30432312974469533,0.3,1.4410432482317808,-170.87547346426345,2617.4525864514126,16750,True,18.109222888946533,18.021637000000283
sparse,14,3014,free,flow,8,om_V,0.190874163965844,0.2,-4.562918017078005,-170.87547346426345,2617.4525864514126,16750,True,18.109222888946533,18.021637000000283
sparse,14,3014,free,flow,8,om_ka,0.35023736941843747,0.4,-12.440657645390637,-170.87547346426345,2617.4525864514126,16750,True,18.109222888946533,18.021637000000283
sparse,14,3014,free,flow,8,sigma,0.1990344025201172,0.2,-0.4827987399414063,-170.87547346426345,2617.4525864514126,16750,True,18.109222888946533,18.021637000000283
sparse,14,3014,free,flow,64,CL,3.0400986982682645,3.0,1.336623275608817,-170.59841529812695,1304.585227254992,4000,True,16.31461763381958,16.22294899999997
sparse,14,3014,free,flow,64,V,30.684747573694654,30.0,2.282491912315514,-170.59841529812695,1304.585227254992,4000,True,16.31461763381958,16.22294899999997
sparse,14,3014,free,flow,64,ka,1.2406258749835266,1.2,3.3854895819605546,-170.59841529812695,1304.585227254992,4000,True,16.31461763381958,16.22294899999997
sparse,14,3014,free,flow,64,om_CL,0.2972712494855178,0.3,-0.9095835048273937,-170.59841529812695,1304.585227254992,4000,True,16.31461763381958,16.22294899999997
sparse,14,3014,free,flow,64,om_V,0.2012222589527208,0.2,0.6111294763603975,-170.59841529812695,1304.585227254992,4000,True,16.31461763381958,16.22294899999997
sparse,14,3014,free,flow,64,om_ka,0.3985084750473081,0.4,-0.3728812381729868,-170.59841529812695,1304.585227254992,4000,True,16.31461763381958,16.22294899999997
sparse,14,3014,free,flow,64,sigma,0.19447959232010464,0.2,-2.7602038399476836,-170.59841529812695,1304.585227254992,4000,True,16.31461763381958,16.22294899999997
sparse,15,3015,free,flow,1,CL,3.0121849004187173,3.0,0.4061633472905779,-187.05822884355638,3552.5668667037485,11000,True,43.10690402984619,42.84658400000035
sparse,15,3015,free,flow,1,V,30.97230730868469,30.0,3.241024362282303,-187.05822884355638,3552.5668667037485,11000,True,43.10690402984619,42.84658400000035
sparse,15,3015,free,flow,1,ka,1.2989143871126831,1.2,8.242865592723598,-187.05822884355638,3552.5668667037485,11000,True,43.10690402984619,42.84658400000035
sparse,15,3015,free,flow,1,om_CL,0.33696684307472013,0.3,12.322281024906715,-187.05822884355638,3552.5668667037485,11000,True,43.10690402984619,42.84658400000035
sparse,15,3015,free,flow,1,om_V,0.20029762712746932,0.2,0.14881356373465382,-187.05822884355638,3552.5668667037485,11000,True,43.10690402984619,42.84658400000035
sparse,15,3015,free,flow,1,om_ka,0.5138574030317303,0.4,28.464350757932575,-187.05822884355638,3552.5668667037485,11000,True,43.10690402984619,42.84658400000035
sparse,15,3015,free,flow,1,sigma,0.18233353565835445,0.2,-8.833232170822782,-187.05822884355638,3552.5668667037485,11000,True,43.10690402984619,42.84658400000035
sparse,15,3015,free,flow,8,CL,3.018694949128753,3.0,0.6231649709584305,-187.33051743357493,2354.6915236860204,7250,True,7.950132131576538,7.909038999999666
sparse,15,3015,free,flow,8,V,31.350119452221527,30.0,4.500398174071758,-187.33051743357493,2354.6915236860204,7250,True,7.950132131576538,7.909038999999666
sparse,15,3015,free,flow,8,ka,1.2913066825626065,1.2,7.608890213550547,-187.33051743357493,2354.6915236860204,7250,True,7.950132131576538,7.909038999999666
sparse,15,3015,free,flow,8,om_CL,0.3374735944452236,0.3,12.491198148407879,-187.33051743357493,2354.6915236860204,7250,True,7.950132131576538,7.909038999999666
sparse,15,3015,free,flow,8,om_V,0.18722929160475507,0.2,-6.38535419762247,-187.33051743357493,2354.6915236860204,7250,True,7.950132131576538,7.909038999999666
sparse,15,3015,free,flow,8,om_ka,0.5330369766724847,0.4,33.25924416812118,-187.33051743357493,2354.6915236860204,7250,True,7.950132131576538,7.909038999999666
sparse,15,3015,free,flow,8,sigma,0.17675694765177669,0.2,-11.621526174111661,-187.33051743357493,2354.6915236860204,7250,True,7.950132131576538,7.909038999999666
sparse,15,3015,free,flow,64,CL,2.964697664436691,3.0,-1.176744518776962,-187.23004930498135,1688.3657544433413,11750,True,47.22894597053528,46.99918600000001
sparse,15,3015,free,flow,64,V,31.595076611739234,30.0,5.316922039130779,-187.23004930498135,1688.3657544433413,11750,True,47.22894597053528,46.99918600000001
sparse,15,3015,free,flow,64,ka,1.3349216689947951,1.2,11.243472416232931,-187.23004930498135,1688.3657544433413,11750,True,47.22894597053528,46.99918600000001
sparse,15,3015,free,flow,64,om_CL,0.33664439653315836,0.3,12.214798844386126,-187.23004930498135,1688.3657544433413,11750,True,47.22894597053528,46.99918600000001
sparse,15,3015,free,flow,64,om_V,0.20131207122296493,0.2,0.6560356114824611,-187.23004930498135,1688.3657544433413,11750,True,47.22894597053528,46.99918600000001
sparse,15,3015,free,flow,64,om_ka,0.5730618302245241,0.4,43.26545755613101,-187.23004930498135,1688.3657544433413,11750,True,47.22894597053528,46.99918600000001
sparse,15,3015,free,flow,64,sigma,0.17504751623868492,0.2,-12.476241880657545,-187.23004930498135,1688.3657544433413,11750,True,47.22894597053528,46.99918600000001
sparse,16,3016,free,flow,1,CL,2.8461881237023694,3.0,-5.127062543254353,-177.60473220648322,3746.8147858322327,9000,True,35.058281898498535,34.88162599999987
sparse,16,3016,free,flow,1,V,30.293881354284682,30.0,0.9796045142822744,-177.60473220648322,3746.8147858322327,9000,True,35.058281898498535,34.88162599999987
sparse,16,3016,free,flow,1,ka,1.332814638746552,1.2,11.067886562212674,-177.60473220648322,3746.8147858322327,9000,True,35.058281898498535,34.88162599999987
sparse,16,3016,free,flow,1,om_CL,0.29135738214453316,0.3,-2.880872618488943,-177.60473220648322,3746.8147858322327,9000,True,35.058281898498535,34.88162599999987
sparse,16,3016,free,flow,1,om_V,0.2205975978950521,0.2,10.298798947526041,-177.60473220648322,3746.8147858322327,9000,True,35.058281898498535,34.88162599999987
sparse,16,3016,free,flow,1,om_ka,0.34287625109708597,0.4,-14.280937225728513,-177.60473220648322,3746.8147858322327,9000,True,35.058281898498535,34.88162599999987
sparse,16,3016,free,flow,1,sigma,0.21081114807588167,0.2,5.405574037940828,-177.60473220648322,3746.8147858322327,9000,True,35.058281898498535,34.88162599999987
sparse,16,3016,free,flow,8,CL,2.8600788415395946,3.0,-4.664038615346848,-176.77881463437197,3612.03509065556,18750,True,20.278032064437866,20.180127000000084
sparse,16,3016,free,flow,8,V,30.179630720337812,30.0,0.5987690677927068,-176.77881463437197,3612.03509065556,18750,True,20.278032064437866,20.180127000000084
sparse,16,3016,free,flow,8,ka,1.3551403836529032,1.2,12.928365304408608,-176.77881463437197,3612.03509065556,18750,True,20.278032064437866,20.180127000000084
sparse,16,3016,free,flow,8,om_CL,0.294361394692673,0.3,-1.8795351024423388,-176.77881463437197,3612.03509065556,18750,True,20.278032064437866,20.180127000000084
sparse,16,3016,free,flow,8,om_V,0.21941272486964866,0.2,9.706362434824324,-176.77881463437197,3612.03509065556,18750,True,20.278032064437866,20.180127000000084
sparse,16,3016,free,flow,8,om_ka,0.4252730164603765,0.4,6.318254115094124,-176.77881463437197,3612.03509065556,18750,True,20.278032064437866,20.180127000000084
sparse,16,3016,free,flow,8,sigma,0.1967304095250746,0.2,-1.6347952374627106,-176.77881463437197,3612.03509065556,18750,True,20.278032064437866,20.180127000000084
sparse,16,3016,free,flow,64,CL,2.8426417643322273,3.0,-5.245274522259091,-177.36874393388317,1477.8893286865898,24000,True,96.2528281211853,95.7598210000001
sparse,16,3016,free,flow,64,V,30.247488828223602,30.0,0.824962760745341,-177.36874393388317,1477.8893286865898,24000,True,96.2528281211853,95.7598210000001
sparse,16,3016,free,flow,64,ka,1.367685110281057,1.2,13.973759190088087,-177.36874393388317,1477.8893286865898,24000,True,96.2528281211853,95.7598210000001
sparse,16,3016,free,flow,64,om_CL,0.2914519836139709,0.3,-2.84933879534303,-177.36874393388317,1477.8893286865898,24000,True,96.2528281211853,95.7598210000001
sparse,16,3016,free,flow,64,om_V,0.21694667310713112,0.2,8.473336553565552,-177.36874393388317,1477.8893286865898,24000,True,96.2528281211853,95.7598210000001
sparse,16,3016,free,flow,64,om_ka,0.37586081131527066,0.4,-6.03479717118234,-177.36874393388317,1477.8893286865898,24000,True,96.2528281211853,95.7598210000001
sparse,16,3016,free,flow,64,sigma,0.207213434049559,0.2,3.6067170247794933,-177.36874393388317,1477.8893286865898,24000,True,96.2528281211853,95.7598210000001
sparse,17,3017,free,flow,1,CL,3.1722322493420574,3.0,5.741074978068579,-188.01438955377688,3868.79013629008,8250,True,32.082679271698,31.91956300000038
sparse,17,3017,free,flow,1,V,28.72129892799474,30.0,-4.262336906684195,-188.01438955377688,3868.79013629008,8250,True,32.082679271698,31.91956300000038
sparse,17,3017,free,flow,1,ka,1.118215457004367,1.2,-6.815378582969416,-188.01438955377688,3868.79013629008,8250,True,32.082679271698,31.91956300000038
sparse,17,3017,free,flow,1,om_CL,0.29898637034306724,0.3,-0.33787655231091546,-188.01438955377688,3868.79013629008,8250,True,32.082679271698,31.91956300000038
sparse,17,3017,free,flow,1,om_V,0.20451150960337278,0.2,2.2557548016863826,-188.01438955377688,3868.79013629008,8250,True,32.082679271698,31.91956300000038
sparse,17,3017,free,flow,1,om_ka,0.16586183843290414,0.4,-58.534540391773966,-188.01438955377688,3868.79013629008,8250,True,32.082679271698,31.91956300000038
sparse,17,3017,free,flow,1,sigma,0.22828801248649624,0.2,14.144006243248116,-188.01438955377688,3868.79013629008,8250,True,32.082679271698,31.91956300000038
sparse,17,3017,free,flow,8,CL,3.150725755427592,3.0,5.024191847586401,-188.47830525119977,2569.7529673523145,20250,True,21.848690032958984,21.737271999999848
sparse,17,3017,free,flow,8,V,29.01379360682089,30.0,-3.287354643930366,-188.47830525119977,2569.7529673523145,20250,True,21.848690032958984,21.737271999999848
sparse,17,3017,free,flow,8,ka,1.1170942951759073,1.2,-6.908808735341054,-188.47830525119977,2569.7529673523145,20250,True,21.848690032958984,21.737271999999848
sparse,17,3017,free,flow,8,om_CL,0.29016313434199265,0.3,-3.2789552193357814,-188.47830525119977,2569.7529673523145,20250,True,21.848690032958984,21.737271999999848
sparse,17,3017,free,flow,8,om_V,0.2092112070164252,0.2,4.605603508212597,-188.47830525119977,2569.7529673523145,20250,True,21.848690032958984,21.737271999999848
sparse,17,3017,free,flow,8,om_ka,0.11518906677487553,0.4,-71.20273330628112,-188.47830525119977,2569.7529673523145,20250,True,21.848690032958984,21.737271999999848
sparse,17,3017,free,flow,8,sigma,0.22573907729689724,0.2,12.869538648448614,-188.47830525119977,2569.7529673523145,20250,True,21.848690032958984,21.737271999999848
sparse,17,3017,free,flow,64,CL,3.1354665300008118,3.0,4.515551000027059,-188.06104589519342,1616.5566459356583,6750,True,27.119273900985718,26.984666999999718
sparse,17,3017,free,flow,64,V,28.95029951565128,30.0,-3.49900161449573,-188.06104589519342,1616.5566459356583,6750,True,27.119273900985718,26.984666999999718
sparse,17,3017,free,flow,64,ka,1.136905796644128,1.2,-5.257850279655992,-188.06104589519342,1616.5566459356583,6750,True,27.119273900985718,26.984666999999718
sparse,17,3017,free,flow,64,om_CL,0.29655075686697907,0.3,-1.149747711006973,-188.06104589519342,1616.5566459356583,6750,True,27.119273900985718,26.984666999999718
sparse,17,3017,free,flow,64,om_V,0.20686125401996455,0.2,3.4306270099822704,-188.06104589519342,1616.5566459356583,6750,True,27.119273900985718,26.984666999999718
sparse,17,3017,free,flow,64,om_ka,0.19084110102808696,0.4,-52.289724742978265,-188.06104589519342,1616.5566459356583,6750,True,27.119273900985718,26.984666999999718
sparse,17,3017,free,flow,64,sigma,0.21980360127549606,0.2,9.901800637748023,-188.06104589519342,1616.5566459356583,6750,True,27.119273900985718,26.984666999999718
sparse,18,3018,free,flow,1,CL,2.9189589969671537,3.0,-2.7013667677615447,-151.80710698057703,3621.642534825327,8750,True,34.00550174713135,33.82693600000039
sparse,18,3018,free,flow,1,V,29.97801443698622,30.0,-0.07328521004592876,-151.80710698057703,3621.642534825327,8750,True,34.00550174713135,33.82693600000039
sparse,18,3018,free,flow,1,ka,1.1146225256998241,1.2,-7.114789525014653,-151.80710698057703,3621.642534825327,8750,True,34.00550174713135,33.82693600000039
sparse,18,3018,free,flow,1,om_CL,0.2726982838892065,0.3,-9.100572036931155,-151.80710698057703,3621.642534825327,8750,True,34.00550174713135,33.82693600000039
sparse,18,3018,free,flow,1,om_V,0.1693081227352512,0.2,-15.345938632374407,-151.80710698057703,3621.642534825327,8750,True,34.00550174713135,33.82693600000039
sparse,18,3018,free,flow,1,om_ka,0.3548868693582108,0.4,-11.278282660447307,-151.80710698057703,3621.642534825327,8750,True,34.00550174713135,33.82693600000039
sparse,18,3018,free,flow,1,sigma,0.1989640398397519,0.2,-0.5179800801240614,-151.80710698057703,3621.642534825327,8750,True,34.00550174713135,33.82693600000039
sparse,18,3018,free,flow,8,CL,2.9433842811111495,3.0,-1.887190629628351,-151.78995774865552,3179.2951128966306,14250,True,15.389861106872559,15.316817999999785
sparse,18,3018,free,flow,8,V,29.831829093982538,30.0,-0.560569686724873,-151.78995774865552,3179.2951128966306,14250,True,15.389861106872559,15.316817999999785
sparse,18,3018,free,flow,8,ka,1.1164839305077383,1.2,-6.9596724576884705,-151.78995774865552,3179.2951128966306,14250,True,15.389861106872559,15.316817999999785
sparse,18,3018,free,flow,8,om_CL,0.27526746747644654,0.3,-8.244177507851152,-151.78995774865552,3179.2951128966306,14250,True,15.389861106872559,15.316817999999785
sparse,18,3018,free,flow,8,om_V,0.17070374500518048,0.2,-14.648127497409762,-151.78995774865552,3179.2951128966306,14250,True,15.389861106872559,15.316817999999785
sparse,18,3018,free,flow,8,om_ka,0.37438960462286985,0.4,-6.402598844282542,-151.78995774865552,3179.2951128966306,14250,True,15.389861106872559,15.316817999999785
sparse,18,3018,free,flow,8,sigma,0.1924080354963303,0.2,-3.795982251834862,-151.78995774865552,3179.2951128966306,14250,True,15.389861106872559,15.316817999999785
sparse,18,3018,free,flow,64,CL,2.91659948219718,3.0,-2.7800172600939956,-151.53318216390662,694.0599180365808,6000,True,24.11710214614868,23.983879999999772
sparse,18,3018,free,flow,64,V,30.084216011726326,30.0,0.280720039087754,-151.53318216390662,694.0599180365808,6000,True,24.11710214614868,23.983879999999772
sparse,18,3018,free,flow,64,ka,1.1015469823362491,1.2,-8.2044181386459,-151.53318216390662,694.0599180365808,6000,True,24.11710214614868,23.983879999999772
sparse,18,3018,free,flow,64,om_CL,0.27306226574429726,0.3,-8.979244751900909,-151.53318216390662,694.0599180365808,6000,True,24.11710214614868,23.983879999999772
sparse,18,3018,free,flow,64,om_V,0.17158054387637417,0.2,-14.20972806181292,-151.53318216390662,694.0599180365808,6000,True,24.11710214614868,23.983879999999772
sparse,18,3018,free,flow,64,om_ka,0.39964968258036393,0.4,-0.08757935490902313,-151.53318216390662,694.0599180365808,6000,True,24.11710214614868,23.983879999999772
sparse,18,3018,free,flow,64,sigma,0.19004430227369953,0.2,-4.977848863150238,-151.53318216390662,694.0599180365808,6000,True,24.11710214614868,23.983879999999772
sparse,19,3019,free,flow,1,CL,2.979988575817699,3.0,-0.6670474727433687,-174.77501289152264,3788.350969635216,13000,True,50.41080379486084,50.15738999999985
sparse,19,3019,free,flow,1,V,28.7608397859796,30.0,-4.130534046734671,-174.77501289152264,3788.350969635216,13000,True,50.41080379486084,50.15738999999985
sparse,19,3019,free,flow,1,ka,1.1908572964538975,1.2,-0.7618919621752059,-174.77501289152264,3788.350969635216,13000,True,50.41080379486084,50.15738999999985
sparse,19,3019,free,flow,1,om_CL,0.28511455925343104,0.3,-4.961813582189649,-174.77501289152264,3788.350969635216,13000,True,50.41080379486084,50.15738999999985
sparse,19,3019,free,flow,1,om_V,0.19714183222541357,0.2,-1.4290838872932226,-174.77501289152264,3788.350969635216,13000,True,50.41080379486084,50.15738999999985
sparse,19,3019,free,flow,1,om_ka,0.39648557651521915,0.4,-0.8786058711952177,-174.77501289152264,3788.350969635216,13000,True,50.41080379486084,50.15738999999985
sparse,19,3019,free,flow,1,sigma,0.20008773821825138,0.2,0.04386910912568265,-174.77501289152264,3788.350969635216,13000,True,50.41080379486084,50.15738999999985
sparse,19,3019,free,flow,8,CL,3.013114699004695,3.0,0.43715663348982875,-175.7659216748431,1176.79236548847,16500,True,17.73969602584839,17.664534000000003
sparse,19,3019,free,flow,8,V,28.58428290271841,30.0,-4.719056990938632,-175.7659216748431,1176.79236548847,16500,True,17.73969602584839,17.664534000000003
sparse,19,3019,free,flow,8,ka,1.2160665108448412,1.2,1.3388759037367692,-175.7659216748431,1176.79236548847,16500,True,17.73969602584839,17.664534000000003
sparse,19,3019,free,flow,8,om_CL,0.27715542868074095,0.3,-7.614857106419683,-175.7659216748431,1176.79236548847,16500,True,17.73969602584839,17.664534000000003
sparse,19,3019,free,flow,8,om_V,0.1863511672200486,0.2,-6.824416389975704,-175.7659216748431,1176.79236548847,16500,True,17.73969602584839,17.664534000000003
sparse,19,3019,free,flow,8,om_ka,0.40337759007480983,0.4,0.8443975187024527,-175.7659216748431,1176.79236548847,16500,True,17.73969602584839,17.664534000000003
sparse,19,3019,free,flow,8,sigma,0.20879571335676886,0.2,4.397856678384423,-175.7659216748431,1176.79236548847,16500,True,17.73969602584839,17.664534000000003
sparse,19,3019,free,flow,64,CL,2.945869609979514,3.0,-1.8043463340161974,-180.10121268838003,68.24606589001692,7500,True,30.127609968185425,29.956576999999925
sparse,19,3019,free,flow,64,V,28.877519574005348,30.0,-3.7416014199821745,-180.10121268838003,68.24606589001692,7500,True,30.127609968185425,29.956576999999925
sparse,19,3019,free,flow,64,ka,1.2244199007389733,1.2,2.0349917282477814,-180.10121268838003,68.24606589001692,7500,True,30.127609968185425,29.956576999999925
sparse,19,3019,free,flow,64,om_CL,0.2846314984154361,0.3,-5.1228338615212925,-180.10121268838003,68.24606589001692,7500,True,30.127609968185425,29.956576999999925
sparse,19,3019,free,flow,64,om_V,0.2028895092559491,0.2,1.4447546279745398,-180.10121268838003,68.24606589001692,7500,True,30.127609968185425,29.956576999999925
sparse,19,3019,free,flow,64,om_ka,0.4437002496377643,0.4,10.925062409441063,-180.10121268838003,68.24606589001692,7500,True,30.127609968185425,29.956576999999925
sparse,19,3019,free,flow,64,sigma,0.19309222397323436,0.2,-3.4538880133828247,-180.10121268838003,68.24606589001692,7500,True,30.127609968185425,29.956576999999925
sparse,20,3020,free,flow,1,CL,3.088815804417186,3.0,2.960526813906202,-158.49344233081706,3763.372086439269,4500,True,17.528413772583008,17.44077100000004
sparse,20,3020,free,flow,1,V,30.862369782610045,30.0,2.8745659420334846,-158.49344233081706,3763.372086439269,4500,True,17.528413772583008,17.44077100000004
sparse,20,3020,free,flow,1,ka,1.2660022480371136,1.2,5.500187336426136,-158.49344233081706,3763.372086439269,4500,True,17.528413772583008,17.44077100000004
sparse,20,3020,free,flow,1,om_CL,0.2657391523305813,0.3,-11.42028255647289,-158.49344233081706,3763.372086439269,4500,True,17.528413772583008,17.44077100000004
sparse,20,3020,free,flow,1,om_V,0.20150618593232045,0.2,0.7530929661602181,-158.49344233081706,3763.372086439269,4500,True,17.528413772583008,17.44077100000004
sparse,20,3020,free,flow,1,om_ka,0.26992119490765243,0.4,-32.519701273086895,-158.49344233081706,3763.372086439269,4500,True,17.528413772583008,17.44077100000004
sparse,20,3020,free,flow,1,sigma,0.21182533941501497,0.2,5.9126697075074786,-158.49344233081706,3763.372086439269,4500,True,17.528413772583008,17.44077100000004
sparse,20,3020,free,flow,8,CL,3.0263816832773105,3.0,0.8793894425770166,-157.61344021843036,3075.1379477818396,13250,True,14.342067956924438,14.269236999999976
sparse,20,3020,free,flow,8,V,31.01561064183964,30.0,3.3853688061321328,-157.61344021843036,3075.1379477818396,13250,True,14.342067956924438,14.269236999999976
sparse,20,3020,free,flow,8,ka,1.3080781208763117,1.2,9.006510073025979,-157.61344021843036,3075.1379477818396,13250,True,14.342067956924438,14.269236999999976
sparse,20,3020,free,flow,8,om_CL,0.2722530541090082,0.3,-9.248981963663935,-157.61344021843036,3075.1379477818396,13250,True,14.342067956924438,14.269236999999976
sparse,20,3020,free,flow,8,om_V,0.20059074870720217,0.2,0.29537435360108,-157.61344021843036,3075.1379477818396,13250,True,14.342067956924438,14.269236999999976
sparse,20,3020,free,flow,8,om_ka,0.31500148048317855,0.4,-21.249629879205365,-157.61344021843036,3075.1379477818396,13250,True,14.342067956924438,14.269236999999976
sparse,20,3020,free,flow,8,sigma,0.2036682003950305,0.2,1.8341001975152453,-157.61344021843036,3075.1379477818396,13250,True,14.342067956924438,14.269236999999976
sparse,20,3020,free,flow,64,CL,3.0094195640624597,3.0,0.3139854687486565,-157.11976221808578,2605.370940805448,14750,True,59.11152100563049,58.78383699999995
sparse,20,3020,free,flow,64,V,31.142787198895686,30.0,3.8092906629856196,-157.11976221808578,2605.370940805448,14750,True,59.11152100563049,58.78383699999995
sparse,20,3020,free,flow,64,ka,1.3127446695522362,1.2,9.395389129353022,-157.11976221808578,2605.370940805448,14750,True,59.11152100563049,58.78383699999995
sparse,20,3020,free,flow,64,om_CL,0.2706843056044688,0.3,-9.771898131843722,-157.11976221808578,2605.370940805448,14750,True,59.11152100563049,58.78383699999995
sparse,20,3020,free,flow,64,om_V,0.20363235424102563,0.2,1.81617712051281,-157.11976221808578,2605.370940805448,14750,True,59.11152100563049,58.78383699999995
sparse,20,3020,free,flow,64,om_ka,0.3721109664581694,0.4,-6.972258385457661,-157.11976221808578,2605.370940805448,14750,True,59.11152100563049,58.78383699999995
sparse,20,3020,free,flow,64,sigma,0.1910404217601026,0.2,-4.479789119948701,-157.11976221808578,2605.370940805448,14750,True,59.11152100563049,58.78383699999995
sparse,21,3021,free,flow,1,CL,2.9634476835032126,3.0,-1.218410549892912,-174.1202745037105,3801.0478414885815,10500,True,40.75235080718994,40.5498120000002
sparse,21,3021,free,flow,1,V,29.229147100886067,30.0,-2.5695096637131107,-174.1202745037105,3801.0478414885815,10500,True,40.75235080718994,40.5498120000002
sparse,21,3021,free,flow,1,ka,1.108824086732252,1.2,-7.597992772312323,-174.1202745037105,3801.0478414885815,10500,True,40.75235080718994,40.5498120000002
sparse,21,3021,free,flow,1,om_CL,0.2782028371079466,0.3,-7.265720964017805,-174.1202745037105,3801.0478414885815,10500,True,40.75235080718994,40.5498120000002
sparse,21,3021,free,flow,1,om_V,0.18464468058328215,0.2,-7.67765970835893,-174.1202745037105,3801.0478414885815,10500,True,40.75235080718994,40.5498120000002
sparse,21,3021,free,flow,1,om_ka,0.32098943237082206,0.4,-19.75264190729449,-174.1202745037105,3801.0478414885815,10500,True,40.75235080718994,40.5498120000002
sparse,21,3021,free,flow,1,sigma,0.21575085327886132,0.2,7.875426639430652,-174.1202745037105,3801.0478414885815,10500,True,40.75235080718994,40.5498120000002
sparse,21,3021,free,flow,8,CL,2.9864255532586768,3.0,-0.4524815580441081,-174.2952389744405,2742.98323743923,15500,True,16.765233039855957,16.680581000000075
sparse,21,3021,free,flow,8,V,29.17351376419752,30.0,-2.7549541193416025,-174.2952389744405,2742.98323743923,15500,True,16.765233039855957,16.680581000000075
sparse,21,3021,free,flow,8,ka,1.1056271846155483,1.2,-7.864401282037636,-174.2952389744405,2742.98323743923,15500,True,16.765233039855957,16.680581000000075
sparse,21,3021,free,flow,8,om_CL,0.2769239231054572,0.3,-7.692025631514259,-174.2952389744405,2742.98323743923,15500,True,16.765233039855957,16.680581000000075
sparse,21,3021,free,flow,8,om_V,0.18544837986991652,0.2,-7.275810065041743,-174.2952389744405,2742.98323743923,15500,True,16.765233039855957,16.680581000000075
sparse,21,3021,free,flow,8,om_ka,0.3026391274647809,0.4,-24.340218133804782,-174.2952389744405,2742.98323743923,15500,True,16.765233039855957,16.680581000000075
sparse,21,3021,free,flow,8,sigma,0.22036322315920995,0.2,10.181611579604967,-174.2952389744405,2742.98323743923,15500,True,16.765233039855957,16.680581000000075
sparse,21,3021,free,flow,64,CL,2.9393218462271866,3.0,-2.022605125760446,-175.02593172681424,2309.7592342978796,15500,True,61.98274803161621,61.68600699999979
sparse,21,3021,free,flow,64,V,29.38590208748502,30.0,-2.0469930417165947,-175.02593172681424,2309.7592342978796,15500,True,61.98274803161621,61.68600699999979
sparse,21,3021,free,flow,64,ka,1.1434862227766898,1.2,-4.709481435275849,-175.02593172681424,2309.7592342978796,15500,True,61.98274803161621,61.68600699999979
sparse,21,3021,free,flow,64,om_CL,0.27856990263493253,0.3,-7.143365788355819,-175.02593172681424,2309.7592342978796,15500,True,61.98274803161621,61.68600699999979
sparse,21,3021,free,flow,64,om_V,0.19166201672109243,0.2,-4.168991639453792,-175.02593172681424,2309.7592342978796,15500,True,61.98274803161621,61.68600699999979
sparse,21,3021,free,flow,64,om_ka,0.30721708380651574,0.4,-23.195729048371067,-175.02593172681424,2309.7592342978796,15500,True,61.98274803161621,61.68600699999979
sparse,21,3021,free,flow,64,sigma,0.229870368837071,0.2,14.935184418535487,-175.02593172681424,2309.7592342978796,15500,True,61.98274803161621,61.68600699999979
sparse,22,3022,free,flow,1,CL,3.072638505625446,3.0,2.4212835208481978,-194.2262567678284,3877.862022251761,8750,True,33.90852880477905,33.756079999999656
sparse,22,3022,free,flow,1,V,29.721896491683044,30.0,-0.9270116943898543,-194.2262567678284,3877.862022251761,8750,True,33.90852880477905,33.756079999999656
sparse,22,3022,free,flow,1,ka,1.0761405490772886,1.2,-10.321620910225944,-194.2262567678284,3877.862022251761,8750,True,33.90852880477905,33.756079999999656
sparse,22,3022,free,flow,1,om_CL,0.2899889911804056,0.3,-3.3370029398647936,-194.2262567678284,3877.862022251761,8750,True,33.90852880477905,33.756079999999656
sparse,22,3022,free,flow,1,om_V,0.19517349708350257,0.2,-2.413251458248722,-194.2262567678284,3877.862022251761,8750,True,33.90852880477905,33.756079999999656
sparse,22,3022,free,flow,1,om_ka,0.19491138268750008,0.4,-51.272154328124984,-194.2262567678284,3877.862022251761,8750,True,33.90852880477905,33.756079999999656
sparse,22,3022,free,flow,1,sigma,0.24487243557721933,0.2,22.43621778860966,-194.2262567678284,3877.862022251761,8750,True,33.90852880477905,33.756079999999656
sparse,22,3022,free,flow,8,CL,3.107976995619463,3.0,3.599233187315439,-194.22909431106538,2795.7583931360496,20500,True,22.23982524871826,22.051784999999654
sparse,22,3022,free,flow,8,V,29.5990986453978,30.0,-1.3363378486740036,-194.22909431106538,2795.7583931360496,20500,True,22.23982524871826,22.051784999999654
sparse,22,3022,free,flow,8,ka,1.0606958334076535,1.2,-11.608680549362205,-194.22909431106538,2795.7583931360496,20500,True,22.23982524871826,22.051784999999654
sparse,22,3022,free,flow,8,om_CL,0.2925996035484932,0.3,-2.466798817168936,-194.22909431106538,2795.7583931360496,20500,True,22.23982524871826,22.051784999999654
sparse,22,3022,free,flow,8,om_V,0.19218517190066783,0.2,-3.9074140496660883,-194.22909431106538,2795.7583931360496,20500,True,22.23982524871826,22.051784999999654
sparse,22,3022,free,flow,8,om_ka,0.19536766602633382,0.4,-51.158083493416555,-194.22909431106538,2795.7583931360496,20500,True,22.23982524871826,22.051784999999654
sparse,22,3022,free,flow,8,sigma,0.24555058476849265,0.2,22.775292384246317,-194.22909431106538,2795.7583931360496,20500,True,22.23982524871826,22.051784999999654
sparse,22,3022,free,flow,64,CL,3.0994912853033783,3.0,3.316376176779275,-194.17038338707712,2937.0034938272665,10000,True,40.17558312416077,39.973525000000336
sparse,22,3022,free,flow,64,V,29.40302013736929,30.0,-1.9899328754357033,-194.17038338707712,2937.0034938272665,10000,True,40.17558312416077,39.973525000000336
sparse,22,3022,free,flow,64,ka,1.062000620493545,1.2,-11.499948292204577,-194.17038338707712,2937.0034938272665,10000,True,40.17558312416077,39.973525000000336
sparse,22,3022,free,flow,64,om_CL,0.28895033898098743,0.3,-3.6832203396708527,-194.17038338707712,2937.0034938272665,10000,True,40.17558312416077,39.973525000000336
sparse,22,3022,free,flow,64,om_V,0.19645761930196498,0.2,-1.7711903490175152,-194.17038338707712,2937.0034938272665,10000,True,40.17558312416077,39.973525000000336
sparse,22,3022,free,flow,64,om_ka,0.24522960788384413,0.4,-38.692598029038976,-194.17038338707712,2937.0034938272665,10000,True,40.17558312416077,39.973525000000336
sparse,22,3022,free,flow,64,sigma,0.23753732998085036,0.2,18.768664990425176,-194.17038338707712,2937.0034938272665,10000,True,40.17558312416077,39.973525000000336
sparse,23,3023,free,flow,1,CL,2.908422685953822,3.0,-3.052577134872599,-206.84674661369533,3789.5089356305425,10250,True,39.768842935562134,39.557950999999775
sparse,23,3023,free,flow,1,V,30.00271884029307,30.0,0.009062800976901523,-206.84674661369533,3789.5089356305425,10250,True,39.768842935562134,39.557950999999775
sparse,23,3023,free,flow,1,ka,1.1239034968316188,1.2,-6.34137526403176,-206.84674661369533,3789.5089356305425,10250,True,39.768842935562134,39.557950999999775
sparse,23,3023,free,flow,1,om_CL,0.3078325649083586,0.3,2.6108549694528658,-206.84674661369533,3789.5089356305425,10250,True,39.768842935562134,39.557950999999775
sparse,23,3023,free,flow,1,om_V,0.24094268261029003,0.2,20.47134130514501,-206.84674661369533,3789.5089356305425,10250,True,39.768842935562134,39.557950999999775
sparse,23,3023,free,flow,1,om_ka,0.37641190159541693,0.4,-5.897024601145772,-206.84674661369533,3789.5089356305425,10250,True,39.768842935562134,39.557950999999775
sparse,23,3023,free,flow,1,sigma,0.22151425411541212,0.2,10.757127057706052,-206.84674661369533,3789.5089356305425,10250,True,39.768842935562134,39.557950999999775
sparse,23,3023,free,flow,8,CL,2.900969006519034,3.0,-3.301033116032196,-206.395807214149,2054.1296935880955,15750,True,17.03707790374756,16.943538999999873
sparse,23,3023,free,flow,8,V,30.050895980690207,30.0,0.16965326896735652,-206.395807214149,2054.1296935880955,15750,True,17.03707790374756,16.943538999999873
sparse,23,3023,free,flow,8,ka,1.1280886214494457,1.2,-5.992614879212858,-206.395807214149,2054.1296935880955,15750,True,17.03707790374756,16.943538999999873
sparse,23,3023,free,flow,8,om_CL,0.31803770064454595,0.3,6.012566881515321,-206.395807214149,2054.1296935880955,15750,True,17.03707790374756,16.943538999999873
sparse,23,3023,free,flow,8,om_V,0.24097351103273484,0.2,20.486755516367417,-206.395807214149,2054.1296935880955,15750,True,17.03707790374756,16.943538999999873
sparse,23,3023,free,flow,8,om_ka,0.4023141943137878,0.4,0.5785485784469413,-206.395807214149,2054.1296935880955,15750,True,17.03707790374756,16.943538999999873
sparse,23,3023,free,flow,8,sigma,0.21778255124433712,0.2,8.891275622168557,-206.395807214149,2054.1296935880955,15750,True,17.03707790374756,16.943538999999873
sparse,23,3023,free,flow,64,CL,2.8886992244325724,3.0,-3.7100258522475857,-206.1491590064578,2174.4876487521806,14500,True,57.94769096374512,57.656614000000445
sparse,23,3023,free,flow,64,V,29.81885397656383,30.0,-0.6038200781205679,-206.1491590064578,2174.4876487521806,14500,True,57.94769096374512,57.656614000000445
sparse,23,3023,free,flow,64,ka,1.1455812299345907,1.2,-4.5348975054507745,-206.1491590064578,2174.4876487521806,14500,True,57.94769096374512,57.656614000000445
sparse,23,3023,free,flow,64,om_CL,0.3143010973996417,0.3,4.7670324665472315,-206.1491590064578,2174.4876487521806,14500,True,57.94769096374512,57.656614000000445
sparse,23,3023,free,flow,64,om_V,0.24507201561962616,0.2,22.536007809813075,-206.1491590064578,2174.4876487521806,14500,True,57.94769096374512,57.656614000000445
sparse,23,3023,free,flow,64,om_ka,0.4638129971260106,0.4,15.953249281502643,-206.1491590064578,2174.4876487521806,14500,True,57.94769096374512,57.656614000000445
sparse,23,3023,free,flow,64,sigma,0.20702169795548522,0.2,3.5108489777426057,-206.1491590064578,2174.4876487521806,14500,True,57.94769096374512,57.656614000000445
sparse,24,3024,free,flow,1,CL,2.9729319011201163,3.0,-0.9022699626627902,-180.46319182403954,3682.9928536294133,8250,True,32.00987911224365,31.849424
sparse,24,3024,free,flow,1,V,31.98533798122579,30.0,6.617793270752633,-180.46319182403954,3682.9928536294133,8250,True,32.00987911224365,31.849424
sparse,24,3024,free,flow,1,ka,1.1891421936007212,1.2,-0.9048171999399002,-180.46319182403954,3682.9928536294133,8250,True,32.00987911224365,31.849424
sparse,24,3024,free,flow,1,om_CL,0.3203388644140385,0.3,6.7796214713461795,-180.46319182403954,3682.9928536294133,8250,True,32.00987911224365,31.849424
sparse,24,3024,free,flow,1,om_V,0.21821982294167225,0.2,9.109911470836117,-180.46319182403954,3682.9928536294133,8250,True,32.00987911224365,31.849424
sparse,24,3024,free,flow,1,om_ka,0.35898796402951194,0.4,-10.253008992622021,-180.46319182403954,3682.9928536294133,8250,True,32.00987911224365,31.849424
sparse,24,3024,free,flow,1,sigma,0.19822308875727176,0.2,-0.8884556213641231,-180.46319182403954,3682.9928536294133,8250,True,32.00987911224365,31.849424
sparse,24,3024,free,flow,8,CL,2.994076853118508,3.0,-0.19743822938306602,-179.830218630404,2944.906257158414,10500,True,11.414262056350708,11.357985000000554
sparse,24,3024,free,flow,8,V,31.51415737543672,30.0,5.047191251455737,-179.830218630404,2944.906257158414,10500,True,11.414262056350708,11.357985000000554
sparse,24,3024,free,flow,8,ka,1.2094877431492927,1.2,0.7906452624410661,-179.830218630404,2944.906257158414,10500,True,11.414262056350708,11.357985000000554
sparse,24,3024,free,flow,8,om_CL,0.32229197513112123,0.3,7.430658377040415,-179.830218630404,2944.906257158414,10500,True,11.414262056350708,11.357985000000554
sparse,24,3024,free,flow,8,om_V,0.22243924583251512,0.2,11.219622916257554,-179.830218630404,2944.906257158414,10500,True,11.414262056350708,11.357985000000554
sparse,24,3024,free,flow,8,om_ka,0.4054810398740912,0.4,1.3702599685227883,-179.830218630404,2944.906257158414,10500,True,11.414262056350708,11.357985000000554
sparse,24,3024,free,flow,8,sigma,0.18540043862158007,0.2,-7.299780689209972,-179.830218630404,2944.906257158414,10500,True,11.414262056350708,11.357985000000554
sparse,24,3024,free,flow,64,CL,3.0233727659280145,3.0,0.7790921976004839,-1908.5580732546773,1.9277612933187833,11750,True,47.12237000465393,46.865710000000036
sparse,24,3024,free,flow,64,V,31.64610030536234,30.0,5.487001017874462,-1908.5580732546773,1.9277612933187833,11750,True,47.12237000465393,46.865710000000036
sparse,24,3024,free,flow,64,ka,1.2035024177213762,1.2,0.2918681434480227,-1908.5580732546773,1.9277612933187833,11750,True,47.12237000465393,46.865710000000036
sparse,24,3024,free,flow,64,om_CL,0.32389217507357426,0.3,7.964058357858092,-1908.5580732546773,1.9277612933187833,11750,True,47.12237000465393,46.865710000000036
sparse,24,3024,free,flow,64,om_V,0.21729911313055505,0.2,8.649556565277521,-1908.5580732546773,1.9277612933187833,11750,True,47.12237000465393,46.865710000000036
sparse,24,3024,free,flow,64,om_ka,0.4267128130771672,0.4,6.678203269291791,-1908.5580732546773,1.9277612933187833,11750,True,47.12237000465393,46.865710000000036
sparse,24,3024,free,flow,64,sigma,0.1842454994044387,0.2,-7.877250297780649,-1908.5580732546773,1.9277612933187833,11750,True,47.12237000465393,46.865710000000036
sparse,25,3025,free,flow,1,CL,2.937718858759162,3.0,-2.0760380413612722,-186.70487964383335,3910.0250567682215,6500,True,25.27079486846924,25.144562999999835
sparse,25,3025,free,flow,1,V,29.613410446769343,30.0,-1.288631844102189,-186.70487964383335,3910.0250567682215,6500,True,25.27079486846924,25.144562999999835
sparse,25,3025,free,flow,1,ka,1.1088225416121156,1.2,-7.598121532323698,-186.70487964383335,3910.0250567682215,6500,True,25.27079486846924,25.144562999999835
sparse,25,3025,free,flow,1,om_CL,0.2827172610912732,0.3,-5.760912969575593,-186.70487964383335,3910.0250567682215,6500,True,25.27079486846924,25.144562999999835
sparse,25,3025,free,flow,1,om_V,0.2117993638184118,0.2,5.899681909205895,-186.70487964383335,3910.0250567682215,6500,True,25.27079486846924,25.144562999999835
sparse,25,3025,free,flow,1,om_ka,0.22950812622285263,0.4,-42.62296844428684,-186.70487964383335,3910.0250567682215,6500,True,25.27079486846924,25.144562999999835
sparse,25,3025,free,flow,1,sigma,0.23639316618509948,0.2,18.196583092549734,-186.70487964383335,3910.0250567682215,6500,True,25.27079486846924,25.144562999999835
sparse,25,3025,free,flow,8,CL,2.913441998733616,3.0,-2.8852667088794672,-186.6014928105125,3086.10586877373,13500,True,14.633187055587769,14.556537999999819
sparse,25,3025,free,flow,8,V,29.52302847047701,30.0,-1.5899050984099716,-186.6014928105125,3086.10586877373,13500,True,14.633187055587769,14.556537999999819
sparse,25,3025,free,flow,8,ka,1.128685304827904,1.2,-5.942891264341332,-186.6014928105125,3086.10586877373,13500,True,14.633187055587769,14.556537999999819
sparse,25,3025,free,flow,8,om_CL,0.2810678857499946,0.3,-6.310704750001802,-186.6014928105125,3086.10586877373,13500,True,14.633187055587769,14.556537999999819
sparse,25,3025,free,flow,8,om_V,0.2112119435223383,0.2,5.605971761169142,-186.6014928105125,3086.10586877373,13500,True,14.633187055587769,14.556537999999819
sparse,25,3025,free,flow,8,om_ka,0.2336902690561452,0.4,-41.577432735963704,-186.6014928105125,3086.10586877373,13500,True,14.633187055587769,14.556537999999819
sparse,25,3025,free,flow,8,sigma,0.23062615082344648,0.2,15.313075411723233,-186.6014928105125,3086.10586877373,13500,True,14.633187055587769,14.556537999999819
sparse,25,3025,free,flow,64,CL,2.926110189965143,3.0,-2.4629936678285613,-186.34741296909948,2815.248241650271,10000,True,39.1544771194458,38.01641100000052
sparse,25,3025,free,flow,64,V,29.115351545852985,30.0,-2.9488281804900516,-186.34741296909948,2815.248241650271,10000,True,39.1544771194458,38.01641100000052
sparse,25,3025,free,flow,64,ka,1.130082053301434,1.2,-5.826495558213833,-186.34741296909948,2815.248241650271,10000,True,39.1544771194458,38.01641100000052
sparse,25,3025,free,flow,64,om_CL,0.28859270590360697,0.3,-3.802431365464339,-186.34741296909948,2815.248241650271,10000,True,39.1544771194458,38.01641100000052
sparse,25,3025,free,flow,64,om_V,0.2169530233249298,0.2,8.476511662464894,-186.34741296909948,2815.248241650271,10000,True,39.1544771194458,38.01641100000052
sparse,25,3025,free,flow,64,om_ka,0.3086866184884877,0.4,-22.828345377878072,-186.34741296909948,2815.248241650271,10000,True,39.1544771194458,38.01641100000052
sparse,25,3025,free,flow,64,sigma,0.21986604512378713,0.2,9.933022561893559,-186.34741296909948,2815.248241650271,10000,True,39.1544771194458,38.01641100000052
sparse,26,3026,free,flow,1,CL,3.004395688071489,3.0,0.14652293571629413,-176.17525603298876,3617.9778134294124,12500,True,91.41463923454285,45.8752199999999
sparse,26,3026,free,flow,1,V,28.388008581786696,30.0,-5.37330472737768,-176.17525603298876,3617.9778134294124,12500,True,91.41463923454285,45.8752199999999
sparse,26,3026,free,flow,1,ka,1.1867572978520962,1.2,-1.1035585123253164,-176.17525603298876,3617.9778134294124,12500,True,91.41463923454285,45.8752199999999
sparse,26,3026,free,flow,1,om_CL,0.27591047594231094,0.3,-8.029841352563016,-176.17525603298876,3617.9778134294124,12500,True,91.41463923454285,45.8752199999999
sparse,26,3026,free,flow,1,om_V,0.17684955110694675,0.2,-11.57522444652663,-176.17525603298876,3617.9778134294124,12500,True,91.41463923454285,45.8752199999999
sparse,26,3026,free,flow,1,om_ka,0.31829005600246246,0.4,-20.427485999384388,-176.17525603298876,3617.9778134294124,12500,True,91.41463923454285,45.8752199999999
sparse,26,3026,free,flow,1,sigma,0.22418160753817382,0.2,12.090803769086902,-176.17525603298876,3617.9778134294124,12500,True,91.41463923454285,45.8752199999999
sparse,26,3026,free,flow,8,CL,2.9277446756604544,3.0,-2.4085108113181875,-175.41035087150553,3105.303112724361,16250,True,16.62218999862671,16.617236000000048
sparse,26,3026,free,flow,8,V,28.546852264521046,30.0,-4.843825784929845,-175.41035087150553,3105.303112724361,16250,True,16.62218999862671,16.617236000000048
sparse,26,3026,free,flow,8,ka,1.2119900269060295,1.2,0.9991689088357977,-175.41035087150553,3105.303112724361,16250,True,16.62218999862671,16.617236000000048
sparse,26,3026,free,flow,8,om_CL,0.28296593644057855,0.3,-5.678021186473814,-175.41035087150553,3105.303112724361,16250,True,16.62218999862671,16.617236000000048
sparse,26,3026,free,flow,8,om_V,0.1851760408571415,0.2,-7.41197957142925,-175.41035087150553,3105.303112724361,16250,True,16.62218999862671,16.617236000000048
sparse,26,3026,free,flow,8,om_ka,0.37772973490742595,0.4,-5.567566273143518,-175.41035087150553,3105.303112724361,16250,True,16.62218999862671,16.617236000000048
sparse,26,3026,free,flow,8,sigma,0.20813488670288585,0.2,4.06744335144292,-175.41035087150553,3105.303112724361,16250,True,16.62218999862671,16.617236000000048
sparse,26,3026,free,flow,64,CL,2.9603770625904615,3.0,-1.3207645803179495,-175.3524843198631,2524.378620131634,15500,True,116.6018738746643,61.538392999999814
sparse,26,3026,free,flow,64,V,28.263373768609263,30.0,-5.78875410463579,-175.3524843198631,2524.378620131634,15500,True,116.6018738746643,61.538392999999814
sparse,26,3026,free,flow,64,ka,1.2183291953761783,1.2,1.5274329480148656,-175.3524843198631,2524.378620131634,15500,True,116.6018738746643,61.538392999999814
sparse,26,3026,free,flow,64,om_CL,0.28082064680703717,0.3,-6.3931177309876075,-175.3524843198631,2524.378620131634,15500,True,116.6018738746643,61.538392999999814
sparse,26,3026,free,flow,64,om_V,0.1787275418223796,0.2,-10.636229088810207,-175.3524843198631,2524.378620131634,15500,True,116.6018738746643,61.538392999999814
sparse,26,3026,free,flow,64,om_ka,0.4098706039487314,0.4,2.467650987182851,-175.3524843198631,2524.378620131634,15500,True,116.6018738746643,61.538392999999814
sparse,26,3026,free,flow,64,sigma,0.20613354901238248,0.2,3.0667745061912357,-175.3524843198631,2524.378620131634,15500,True,116.6018738746643,61.538392999999814
sparse,27,3027,free,flow,1,CL,3.116465780828456,3.0,3.8821926942818643,-200.1541900618065,3709.3799499877855,6500,True,25.258570909500122,25.135284999999385
sparse,27,3027,free,flow,1,V,29.221347857672363,30.0,-2.595507141092123,-200.1541900618065,3709.3799499877855,6500,True,25.258570909500122,25.135284999999385
sparse,27,3027,free,flow,1,ka,1.2581873157453902,1.2,4.848942978782523,-200.1541900618065,3709.3799499877855,6500,True,25.258570909500122,25.135284999999385
sparse,27,3027,free,flow,1,om_CL,0.28121010185449224,0.3,-6.263299381835915,-200.1541900618065,3709.3799499877855,6500,True,25.258570909500122,25.135284999999385
sparse,27,3027,free,flow,1,om_V,0.19721870563518606,0.2,-1.3906471824069733,-200.1541900618065,3709.3799499877855,6500,True,25.258570909500122,25.135284999999385
sparse,27,3027,free,flow,1,om_ka,0.44130205722343646,0.4,10.325514305859109,-200.1541900618065,3709.3799499877855,6500,True,25.258570909500122,25.135284999999385
sparse,27,3027,free,flow,1,sigma,0.22874171045956088,0.2,14.370855229780432,-200.1541900618065,3709.3799499877855,6500,True,25.258570909500122,25.135284999999385
sparse,27,3027,free,flow,8,CL,3.090801018020288,3.0,3.026700600676261,-199.74523922426596,3299.6867966536465,9250,True,10.04992413520813,10.001240999999936
sparse,27,3027,free,flow,8,V,29.166545629704583,30.0,-2.778181234318057,-199.74523922426596,3299.6867966536465,9250,True,10.04992413520813,10.001240999999936
sparse,27,3027,free,flow,8,ka,1.2870244523101126,1.2,7.25203769250939,-199.74523922426596,3299.6867966536465,9250,True,10.04992413520813,10.001240999999936
sparse,27,3027,free,flow,8,om_CL,0.2795151998772079,0.3,-6.82826670759736,-199.74523922426596,3299.6867966536465,9250,True,10.04992413520813,10.001240999999936
sparse,27,3027,free,flow,8,om_V,0.2018523620323434,0.2,0.926181016171701,-199.74523922426596,3299.6867966536465,9250,True,10.04992413520813,10.001240999999936
sparse,27,3027,free,flow,8,om_ka,0.5024741710620391,0.4,25.618542765509762,-199.74523922426596,3299.6867966536465,9250,True,10.04992413520813,10.001240999999936
sparse,27,3027,free,flow,8,sigma,0.20990909144194514,0.2,4.954545720972564,-199.74523922426596,3299.6867966536465,9250,True,10.04992413520813,10.001240999999936
sparse,27,3027,free,flow,64,CL,3.1853325972275908,3.0,6.177753240919692,-200.35333137277928,1152.3564275414953,8750,True,35.09023475646973,34.91770799999995
sparse,27,3027,free,flow,64,V,28.59371662682289,30.0,-4.687611243923702,-200.35333137277928,1152.3564275414953,8750,True,35.09023475646973,34.91770799999995
sparse,27,3027,free,flow,64,ka,1.2800001879486769,1.2,6.66668232905641,-200.35333137277928,1152.3564275414953,8750,True,35.09023475646973,34.91770799999995
sparse,27,3027,free,flow,64,om_CL,0.2811331753778362,0.3,-6.2889415407212566,-200.35333137277928,1152.3564275414953,8750,True,35.09023475646973,34.91770799999995
sparse,27,3027,free,flow,64,om_V,0.20462144033221005,0.2,2.3107201661050207,-200.35333137277928,1152.3564275414953,8750,True,35.09023475646973,34.91770799999995
sparse,27,3027,free,flow,64,om_ka,0.5071767089280413,0.4,26.79417723201033,-200.35333137277928,1152.3564275414953,8750,True,35.09023475646973,34.91770799999995
sparse,27,3027,free,flow,64,sigma,0.2158044372080074,0.2,7.902218604003696,-200.35333137277928,1152.3564275414953,8750,True,35.09023475646973,34.91770799999995
sparse,28,3028,free,flow,1,CL,3.0727932672651375,3.0,2.4264422421712486,-170.639533402008,3816.2472702858936,6750,True,26.183547735214233,26.060795000000326
sparse,28,3028,free,flow,1,V,29.7328212494242,30.0,-0.8905958352526611,-170.639533402008,3816.2472702858936,6750,True,26.183547735214233,26.060795000000326
sparse,28,3028,free,flow,1,ka,1.1835299188539223,1.2,-1.372506762173135,-170.639533402008,3816.2472702858936,6750,True,26.183547735214233,26.060795000000326
sparse,28,3028,free,flow,1,om_CL,0.31804971372164914,0.3,6.016571240549718,-170.639533402008,3816.2472702858936,6750,True,26.183547735214233,26.060795000000326
sparse,28,3028,free,flow,1,om_V,0.1934575526199111,0.2,-3.271223690044456,-170.639533402008,3816.2472702858936,6750,True,26.183547735214233,26.060795000000326
sparse,28,3028,free,flow,1,om_ka,0.23836824054889597,0.4,-40.40793986277601,-170.639533402008,3816.2472702858936,6750,True,26.183547735214233,26.060795000000326
sparse,28,3028,free,flow,1,sigma,0.20058237119845973,0.2,0.29118559922985954,-170.639533402008,3816.2472702858936,6750,True,26.183547735214233,26.060795000000326
sparse,28,3028,free,flow,8,CL,3.027447225955536,3.0,0.914907531851202,-171.17738961465523,3031.5306758893853,6250,True,6.8290441036224365,6.7974700000004304
sparse,28,3028,free,flow,8,V,29.942394373477775,30.0,-0.19201875507408298,-171.17738961465523,3031.5306758893853,6250,True,6.8290441036224365,6.7974700000004304
sparse,28,3028,free,flow,8,ka,1.2134551482584761,1.2,1.1212623548730132,-171.17738961465523,3031.5306758893853,6250,True,6.8290441036224365,6.7974700000004304
sparse,28,3028,free,flow,8,om_CL,0.31442976158366276,0.3,4.8099205278875905,-171.17738961465523,3031.5306758893853,6250,True,6.8290441036224365,6.7974700000004304
sparse,28,3028,free,flow,8,om_V,0.18433091730105286,0.2,-7.834541349473576,-171.17738961465523,3031.5306758893853,6250,True,6.8290441036224365,6.7974700000004304
sparse,28,3028,free,flow,8,om_ka,0.20803957034655787,0.4,-47.99010741336053,-171.17738961465523,3031.5306758893853,6250,True,6.8290441036224365,6.7974700000004304
sparse,28,3028,free,flow,8,sigma,0.2066948315473863,0.2,3.3474157736931436,-171.17738961465523,3031.5306758893853,6250,True,6.8290441036224365,6.7974700000004304
sparse,28,3028,free,flow,64,CL,3.036589066757038,3.0,1.2196355585679293,-170.5218018040154,1961.515970406083,13000,True,52.000442028045654,51.70419799999945
sparse,28,3028,free,flow,64,V,29.81408271784253,30.0,-0.6197242738582295,-170.5218018040154,1961.515970406083,13000,True,52.000442028045654,51.70419799999945
sparse,28,3028,free,flow,64,ka,1.1930660263488602,1.2,-0.5778311375949826,-170.5218018040154,1961.515970406083,13000,True,52.000442028045654,51.70419799999945
sparse,28,3028,free,flow,64,om_CL,0.3187050339147986,0.3,6.235011304932869,-170.5218018040154,1961.515970406083,13000,True,52.000442028045654,51.70419799999945
sparse,28,3028,free,flow,64,om_V,0.2023607902651185,0.2,1.180395132559242,-170.5218018040154,1961.515970406083,13000,True,52.000442028045654,51.70419799999945
sparse,28,3028,free,flow,64,om_ka,0.30485209224478566,0.4,-23.78697693880359,-170.5218018040154,1961.515970406083,13000,True,52.000442028045654,51.70419799999945
sparse,28,3028,free,flow,64,sigma,0.1889350946074259,0.2,-5.532452696287049,-170.5218018040154,1961.515970406083,13000,True,52.000442028045654,51.70419799999945
sparse,29,3029,free,flow,1,CL,3.119866447092039,3.0,3.9955482364012993,-181.15244847556937,3797.4358693615723,5000,True,19.43380832672119,19.341542000000118
sparse,29,3029,free,flow,1,V,30.707916470692822,30.0,2.359721568976075,-181.15244847556937,3797.4358693615723,5000,True,19.43380832672119,19.341542000000118
sparse,29,3029,free,flow,1,ka,1.270195773990993,1.2,5.8496478325827574,-181.15244847556937,3797.4358693615723,5000,True,19.43380832672119,19.341542000000118
sparse,29,3029,free,flow,1,om_CL,0.2851285987516759,0.3,-4.957133749441364,-181.15244847556937,3797.4358693615723,5000,True,19.43380832672119,19.341542000000118
sparse,29,3029,free,flow,1,om_V,0.20855821682556921,0.2,4.279108412784602,-181.15244847556937,3797.4358693615723,5000,True,19.43380832672119,19.341542000000118
sparse,29,3029,free,flow,1,om_ka,0.2808303326992656,0.4,-29.792416825183604,-181.15244847556937,3797.4358693615723,5000,True,19.43380832672119,19.341542000000118
sparse,29,3029,free,flow,1,sigma,0.2245030215328382,0.2,12.251510766419086,-181.15244847556937,3797.4358693615723,5000,True,19.43380832672119,19.341542000000118
sparse,29,3029,free,flow,8,CL,3.0744727289039036,3.0,2.482424296796785,-181.95083322298407,2444.2182993021224,19750,True,21.279303789138794,21.16044199999942
sparse,29,3029,free,flow,8,V,30.887545621035752,30.0,2.9584854034525065,-181.95083322298407,2444.2182993021224,19750,True,21.279303789138794,21.16044199999942
sparse,29,3029,free,flow,8,ka,1.2602656456815045,1.2,5.022137140125375,-181.95083322298407,2444.2182993021224,19750,True,21.279303789138794,21.16044199999942
sparse,29,3029,free,flow,8,om_CL,0.28100772837911825,0.3,-6.33075720696058,-181.95083322298407,2444.2182993021224,19750,True,21.279303789138794,21.16044199999942
sparse,29,3029,free,flow,8,om_V,0.21388719570892725,0.2,6.943597854463621,-181.95083322298407,2444.2182993021224,19750,True,21.279303789138794,21.16044199999942
sparse,29,3029,free,flow,8,om_ka,0.20976143511949427,0.4,-47.55964122012644,-181.95083322298407,2444.2182993021224,19750,True,21.279303789138794,21.16044199999942
sparse,29,3029,free,flow,8,sigma,0.22938187930028994,0.2,14.690939650144964,-181.95083322298407,2444.2182993021224,19750,True,21.279303789138794,21.16044199999942
sparse,29,3029,free,flow,64,CL,3.10464947348328,3.0,3.488315782775997,-180.90559577908914,2908.1115020007283,2500,True,10.112912893295288,10.064656999999897
sparse,29,3029,free,flow,64,V,30.5410023029638,30.0,1.803341009879335,-180.90559577908914,2908.1115020007283,2500,True,10.112912893295288,10.064656999999897
sparse,29,3029,free,flow,64,ka,1.24694268753049,1.2,3.9118906275408447,-180.90559577908914,2908.1115020007283,2500,True,10.112912893295288,10.064656999999897
sparse,29,3029,free,flow,64,om_CL,0.28601316920161063,0.3,-4.662276932796454,-180.90559577908914,2908.1115020007283,2500,True,10.112912893295288,10.064656999999897
sparse,29,3029,free,flow,64,om_V,0.20560809035002686,0.2,2.8040451750134254,-180.90559577908914,2908.1115020007283,2500,True,10.112912893295288,10.064656999999897
sparse,29,3029,free,flow,64,om_ka,0.31960674407480866,0.4,-20.09831398129784,-180.90559577908914,2908.1115020007283,2500,True,10.112912893295288,10.064656999999897
sparse,29,3029,free,flow,64,sigma,0.21427879772482597,0.2,7.13939886241298,-180.90559577908914,2908.1115020007283,2500,True,10.112912893295288,10.064656999999897
