scenario,replicate,seed,posterior,family,K,param,estimate,truth,rel_bias_pct,marginal_ll,mean_ess,n_steps_run,converged,secs,cpu_secs
dense,0,3000,free,gaussian,1,CL,2.980658549246719,3.0,-0.6447150251093733,-198.9565251353237,1054.0554993960743,4250,True,2.1541528701782227,1.944918
dense,0,3000,free,gaussian,1,V,30.487379157670283,30.0,1.624597192234276,-198.9565251353237,1054.0554993960743,4250,True,2.1541528701782227,1.944918
dense,0,3000,free,gaussian,1,ka,1.191273160097924,1.2,-0.727236658506325,-198.9565251353237,1054.0554993960743,4250,True,2.1541528701782227,1.944918
dense,0,3000,free,gaussian,1,om_CL,0.3254100398367606,0.3,8.4700132789202,-198.9565251353237,1054.0554993960743,4250,True,2.1541528701782227,1.944918
dense,0,3000,free,gaussian,1,om_V,0.1985201188674704,0.2,-0.7399405662648073,-198.9565251353237,1054.0554993960743,4250,True,2.1541528701782227,1.944918
dense,0,3000,free,gaussian,1,om_ka,0.2766163773185445,0.4,-30.845905670363862,-198.9565251353237,1054.0554993960743,4250,True,2.1541528701782227,1.944918
dense,0,3000,free,gaussian,1,sigma,0.2174472693422681,0.2,8.723634671134045,-198.9565251353237,1054.0554993960743,4250,True,2.1541528701782227,1.944918
dense,0,3000,free,gaussian,8,CL,2.9384144778235624,3.0,-2.052850739214588,-194.05409727323968,1586.9370916795567,2500,True,1.447510004043579,1.4114940000000002
dense,0,3000,free,gaussian,8,V,30.18726134284122,30.0,0.6242044761374052,-194.05409727323968,1586.9370916795567,2500,True,1.447510004043579,1.4114940000000002
dense,0,3000,free,gaussian,8,ka,1.141460642561531,1.2,-4.878279786539078,-194.05409727323968,1586.9370916795567,2500,True,1.447510004043579,1.4114940000000002
dense,0,3000,free,gaussian,8,om_CL,0.3339204983424787,0.3,11.306832780826246,-194.05409727323968,1586.9370916795567,2500,True,1.447510004043579,1.4114940000000002
dense,0,3000,free,gaussian,8,om_V,0.2103829407948003,0.2,5.191470397400171,-194.05409727323968,1586.9370916795567,2500,True,1.447510004043579,1.4114940000000002
dense,0,3000,free,gaussian,8,om_ka,0.3254447080990848,0.4,-18.6388229752288,-194.05409727323968,1586.9370916795567,2500,True,1.447510004043579,1.4114940000000002
dense,0,3000,free,gaussian,8,sigma,0.204988957144693,0.2,2.4944785723464977,-194.05409727323968,1586.9370916795567,2500,True,1.447510004043579,1.4114940000000002
dense,0,3000,free,gaussian,64,CL,2.882260635069071,3.0,-3.924645497697629,-193.23283885200615,1574.2199528052283,4750,True,8.486645936965942,8.353496
dense,0,3000,free,gaussian,64,V,30.122279160960076,30.0,0.4075972032002539,-193.23283885200615,1574.2199528052283,4750,True,8.486645936965942,8.353496
dense,0,3000,free,gaussian,64,ka,1.1538831111910073,1.2,-3.843074067416056,-193.23283885200615,1574.2199528052283,4750,True,8.486645936965942,8.353496
dense,0,3000,free,gaussian,64,om_CL,0.3314459634937694,0.3,10.48198783125648,-193.23283885200615,1574.2199528052283,4750,True,8.486645936965942,8.353496
dense,0,3000,free,gaussian,64,om_V,0.2144418521465084,0.2,7.22092607325421,-193.23283885200615,1574.2199528052283,4750,True,8.486645936965942,8.353496
dense,0,3000,free,gaussian,64,om_ka,0.377514700622121,0.4,-5.621324844469755,-193.23283885200615,1574.2199528052283,4750,True,8.486645936965942,8.353496
dense,0,3000,free,gaussian,64,sigma,0.1999363980478429,0.2,-0.0318009760785498,-193.23283885200615,1574.2199528052283,4750,True,8.486645936965942,8.353496
dense,0,3000,amortized,gaussian,1,CL,2.9802286917925978,3.0,-0.6590436069134084,-212.82564790161112,1084.8925482293266,23250,True,12.87390112876892,12.675562
dense,0,3000,amortized,gaussian,1,V,29.87416069185378,30.0,-0.419464360487396,-212.82564790161112,1084.8925482293266,23250,True,12.87390112876892,12.675562
dense,0,3000,amortized,gaussian,1,ka,1.220130024734705,1.2,1.677502061225448,-212.82564790161112,1084.8925482293266,23250,True,12.87390112876892,12.675562
dense,0,3000,amortized,gaussian,1,om_CL,0.3066653042963344,0.3,2.221768098778147,-212.82564790161112,1084.8925482293266,23250,True,12.87390112876892,12.675562
dense,0,3000,amortized,gaussian,1,om_V,0.1924018916295015,0.2,-3.799054185249256,-212.82564790161112,1084.8925482293266,23250,True,12.87390112876892,12.675562
dense,0,3000,amortized,gaussian,1,om_ka,0.2479168525700342,0.4,-38.02078685749144,-212.82564790161112,1084.8925482293266,23250,True,12.87390112876892,12.675562
dense,0,3000,amortized,gaussian,1,sigma,0.2447504283211911,0.2,22.37521416059554,-212.82564790161112,1084.8925482293266,23250,True,12.87390112876892,12.675562
dense,0,3000,amortized,gaussian,8,CL,2.935270090661408,3.0,-2.1576636446197415,-193.36829775300515,1746.4831405274972,14750,True,10.627622365951538,10.49994
dense,0,3000,amortized,gaussian,8,V,30.148927799092604,30.0,0.496425996975347,-193.36829775300515,1746.4831405274972,14750,True,10.627622365951538,10.49994
dense,0,3000,amortized,gaussian,8,ka,1.154445194686134,1.2,-3.7962337761554927,-193.36829775300515,1746.4831405274972,14750,True,10.627622365951538,10.49994
dense,0,3000,amortized,gaussian,8,om_CL,0.3339997962618322,0.3,11.33326542061075,-193.36829775300515,1746.4831405274972,14750,True,10.627622365951538,10.49994
dense,0,3000,amortized,gaussian,8,om_V,0.1975419130996839,0.2,-1.2290434501580487,-193.36829775300515,1746.4831405274972,14750,True,10.627622365951538,10.49994
dense,0,3000,amortized,gaussian,8,om_ka,0.368717532304711,0.4,-7.820616923822256,-193.36829775300515,1746.4831405274972,14750,True,10.627622365951538,10.49994
dense,0,3000,amortized,gaussian,8,sigma,0.2033411777976553,0.2,1.6705888988276518,-193.36829775300515,1746.4831405274972,14750,True,10.627622365951538,10.49994
dense,0,3000,amortized,gaussian,64,CL,2.9220345704606747,3.0,-2.5988476513108427,-192.8103585796443,1726.6163645305946,3500,True,7.1700708866119385,7.081755999999999
dense,0,3000,amortized,gaussian,64,V,29.753087329378705,30.0,-0.823042235404318,-192.8103585796443,1726.6163645305946,3500,True,7.1700708866119385,7.081755999999999
dense,0,3000,amortized,gaussian,64,ka,1.1693028795782607,1.2,-2.5580933684782687,-192.8103585796443,1726.6163645305946,3500,True,7.1700708866119385,7.081755999999999
dense,0,3000,amortized,gaussian,64,om_CL,0.3285736552349041,0.3,9.52455174496806,-192.8103585796443,1726.6163645305946,3500,True,7.1700708866119385,7.081755999999999
dense,0,3000,amortized,gaussian,64,om_V,0.2095934922079332,0.2,4.796746103966603,-192.8103585796443,1726.6163645305946,3500,True,7.1700708866119385,7.081755999999999
dense,0,3000,amortized,gaussian,64,om_ka,0.3705846228326268,0.4,-7.353844291843298,-192.8103585796443,1726.6163645305946,3500,True,7.1700708866119385,7.081755999999999
dense,0,3000,amortized,gaussian,64,sigma,0.2002976499664565,0.2,0.1488249832282406,-192.8103585796443,1726.6163645305946,3500,True,7.1700708866119385,7.081755999999999
dense,1,3001,free,gaussian,1,CL,2.978562144736001,3.0,-0.7145951754666294,-202.0434937116018,2870.0369284882754,10250,True,3.727526187896729,3.6844390000000047
dense,1,3001,free,gaussian,1,V,28.75567291075551,30.0,-4.147756964148286,-202.0434937116018,2870.0369284882754,10250,True,3.727526187896729,3.6844390000000047
dense,1,3001,free,gaussian,1,ka,1.103387405391546,1.2,-8.051049550704496,-202.0434937116018,2870.0369284882754,10250,True,3.727526187896729,3.6844390000000047
dense,1,3001,free,gaussian,1,om_CL,0.3120765959601667,0.3,4.025531986722231,-202.0434937116018,2870.0369284882754,10250,True,3.727526187896729,3.6844390000000047
dense,1,3001,free,gaussian,1,om_V,0.0470099187060188,0.2,-76.49504064699056,-202.0434937116018,2870.0369284882754,10250,True,3.727526187896729,3.6844390000000047
dense,1,3001,free,gaussian,1,om_ka,0.4831208485463069,0.4,20.78021213657673,-202.0434937116018,2870.0369284882754,10250,True,3.727526187896729,3.6844390000000047
dense,1,3001,free,gaussian,1,sigma,0.2259851399350929,0.2,12.992569967546451,-202.0434937116018,2870.0369284882754,10250,True,3.727526187896729,3.6844390000000047
dense,1,3001,free,gaussian,8,CL,3.0010982332471157,3.0,0.0366077749038555,-186.3773090383564,1833.8839894827752,10750,True,5.687042713165283,5.608674000000001
dense,1,3001,free,gaussian,8,V,29.657242874012937,30.0,-1.1425237532902106,-186.3773090383564,1833.8839894827752,10750,True,5.687042713165283,5.608674000000001
dense,1,3001,free,gaussian,8,ka,1.1420162130491165,1.2,-4.831982245906955,-186.3773090383564,1833.8839894827752,10750,True,5.687042713165283,5.608674000000001
dense,1,3001,free,gaussian,8,om_CL,0.3119635874364515,0.3,3.9878624788171617,-186.3773090383564,1833.8839894827752,10750,True,5.687042713165283,5.608674000000001
dense,1,3001,free,gaussian,8,om_V,0.1427160812069282,0.2,-28.64195939653588,-186.3773090383564,1833.8839894827752,10750,True,5.687042713165283,5.608674000000001
dense,1,3001,free,gaussian,8,om_ka,0.4268578476035116,0.4,6.714461900877905,-186.3773090383564,1833.8839894827752,10750,True,5.687042713165283,5.608674000000001
dense,1,3001,free,gaussian,8,sigma,0.2058028873157257,0.2,2.9014436578628646,-186.3773090383564,1833.8839894827752,10750,True,5.687042713165283,5.608674000000001
dense,1,3001,free,gaussian,64,CL,3.0225947854710924,3.0,0.7531595157030798,-186.21573935157647,1715.7121269979025,6250,True,11.1965069770813,11.030644000000002
dense,1,3001,free,gaussian,64,V,28.900719131417404,30.0,-3.664269561941987,-186.21573935157647,1715.7121269979025,6250,True,11.1965069770813,11.030644000000002
dense,1,3001,free,gaussian,64,ka,1.1501157503018304,1.2,-4.157020808180793,-186.21573935157647,1715.7121269979025,6250,True,11.1965069770813,11.030644000000002
dense,1,3001,free,gaussian,64,om_CL,0.3140667598822298,0.3,4.688919960743276,-186.21573935157647,1715.7121269979025,6250,True,11.1965069770813,11.030644000000002
dense,1,3001,free,gaussian,64,om_V,0.1619336215512197,0.2,-19.033189224390135,-186.21573935157647,1715.7121269979025,6250,True,11.1965069770813,11.030644000000002
dense,1,3001,free,gaussian,64,om_ka,0.4290415590925531,0.4,7.260389773138281,-186.21573935157647,1715.7121269979025,6250,True,11.1965069770813,11.030644000000002
dense,1,3001,free,gaussian,64,sigma,0.2057196843149982,0.2,2.859842157499126,-186.21573935157647,1715.7121269979025,6250,True,11.1965069770813,11.030644000000002
dense,1,3001,amortized,gaussian,1,CL,2.9973793226121184,3.0,-0.0873559129293877,-205.99513805709475,3741.5785664416103,25000,False,13.3842031955719,13.295313
dense,1,3001,amortized,gaussian,1,V,28.776388836029792,30.0,-4.078703879900694,-205.99513805709475,3741.5785664416103,25000,False,13.3842031955719,13.295313
dense,1,3001,amortized,gaussian,1,ka,1.104692168494822,1.2,-7.942319292098154,-205.99513805709475,3741.5785664416103,25000,False,13.3842031955719,13.295313
dense,1,3001,amortized,gaussian,1,om_CL,0.3115060637110074,0.3,3.8353545703358103,-205.99513805709475,3741.5785664416103,25000,False,13.3842031955719,13.295313
dense,1,3001,amortized,gaussian,1,om_V,0.0086304870742506,0.2,-95.68475646287467,-205.99513805709475,3741.5785664416103,25000,False,13.3842031955719,13.295313
dense,1,3001,amortized,gaussian,1,om_ka,0.508407154118197,0.4,27.101788529549253,-205.99513805709475,3741.5785664416103,25000,False,13.3842031955719,13.295313
dense,1,3001,amortized,gaussian,1,sigma,0.2266593810525706,0.2,13.329690526285324,-205.99513805709475,3741.5785664416103,25000,False,13.3842031955719,13.295313
dense,1,3001,amortized,gaussian,8,CL,2.9808199685603594,3.0,-0.6393343813213548,-186.2552941612177,1738.891599955767,25000,False,17.644730806350708,17.495001000000002
dense,1,3001,amortized,gaussian,8,V,29.42896395908275,30.0,-1.903453469724153,-186.2552941612177,1738.891599955767,25000,False,17.644730806350708,17.495001000000002
dense,1,3001,amortized,gaussian,8,ka,1.1663850909794171,1.2,-2.8012424183819036,-186.2552941612177,1738.891599955767,25000,False,17.644730806350708,17.495001000000002
dense,1,3001,amortized,gaussian,8,om_CL,0.3101660203870555,0.3,3.388673462351851,-186.2552941612177,1738.891599955767,25000,False,17.644730806350708,17.495001000000002
dense,1,3001,amortized,gaussian,8,om_V,0.1469210904771081,0.2,-26.53945476144595,-186.2552941612177,1738.891599955767,25000,False,17.644730806350708,17.495001000000002
dense,1,3001,amortized,gaussian,8,om_ka,0.4421576830775005,0.4,10.539420769375129,-186.2552941612177,1738.891599955767,25000,False,17.644730806350708,17.495001000000002
dense,1,3001,amortized,gaussian,8,sigma,0.2036472864965153,0.2,1.823643248257678,-186.2552941612177,1738.891599955767,25000,False,17.644730806350708,17.495001000000002
dense,1,3001,amortized,gaussian,64,CL,2.9400537175738055,3.0,-1.9982094142064828,-186.2267853658256,1933.9403213931848,13750,True,27.426239013671875,27.127038999999996
dense,1,3001,amortized,gaussian,64,V,29.34878582569505,30.0,-2.1707139143498466,-186.2267853658256,1933.9403213931848,13750,True,27.426239013671875,27.127038999999996
dense,1,3001,amortized,gaussian,64,ka,1.1800633980649526,1.2,-1.6613834945872763,-186.2267853658256,1933.9403213931848,13750,True,27.426239013671875,27.127038999999996
dense,1,3001,amortized,gaussian,64,om_CL,0.3080811874733761,0.3,2.6937291577920353,-186.2267853658256,1933.9403213931848,13750,True,27.426239013671875,27.127038999999996
dense,1,3001,amortized,gaussian,64,om_V,0.1612881104735125,0.2,-19.35594476324376,-186.2267853658256,1933.9403213931848,13750,True,27.426239013671875,27.127038999999996
dense,1,3001,amortized,gaussian,64,om_ka,0.4239639144764591,0.4,5.990978619114782,-186.2267853658256,1933.9403213931848,13750,True,27.426239013671875,27.127038999999996
dense,1,3001,amortized,gaussian,64,sigma,0.2020924601328423,0.2,1.0462300664211557,-186.2267853658256,1933.9403213931848,13750,True,27.426239013671875,27.127038999999996
dense,2,3002,free,gaussian,1,CL,2.91793640968588,3.0,-2.7354530104706676,-203.39350444839704,1147.3589159182889,9500,True,3.464346170425415,3.429937999999993
dense,2,3002,free,gaussian,1,V,30.4825170843018,30.0,1.6083902810060025,-203.39350444839704,1147.3589159182889,9500,True,3.464346170425415,3.429937999999993
dense,2,3002,free,gaussian,1,ka,1.2230633931294508,1.2,1.9219494274542357,-203.39350444839704,1147.3589159182889,9500,True,3.464346170425415,3.429937999999993
dense,2,3002,free,gaussian,1,om_CL,0.3073725858892691,0.3,2.457528629756363,-203.39350444839704,1147.3589159182889,9500,True,3.464346170425415,3.429937999999993
dense,2,3002,free,gaussian,1,om_V,0.2034086789693072,0.2,1.7043394846536355,-203.39350444839704,1147.3589159182889,9500,True,3.464346170425415,3.429937999999993
dense,2,3002,free,gaussian,1,om_ka,0.3069489246763741,0.4,-23.26276883090647,-203.39350444839704,1147.3589159182889,9500,True,3.464346170425415,3.429937999999993
dense,2,3002,free,gaussian,1,sigma,0.2176070494299824,0.2,8.803524714991196,-203.39350444839704,1147.3589159182889,9500,True,3.464346170425415,3.429937999999993
dense,2,3002,free,gaussian,8,CL,2.946001625201246,3.0,-1.7999458266251118,-193.95170287939504,1584.9211258222022,7500,True,3.9071531295776367,3.873920999999996
dense,2,3002,free,gaussian,8,V,29.80511232125052,30.0,-0.6496255958316036,-193.95170287939504,1584.9211258222022,7500,True,3.9071531295776367,3.873920999999996
dense,2,3002,free,gaussian,8,ka,1.2044721907168463,1.2,0.3726825597371956,-193.95170287939504,1584.9211258222022,7500,True,3.9071531295776367,3.873920999999996
dense,2,3002,free,gaussian,8,om_CL,0.3128223906545104,0.3,4.274130218170136,-193.95170287939504,1584.9211258222022,7500,True,3.9071531295776367,3.873920999999996
dense,2,3002,free,gaussian,8,om_V,0.2195475988016804,0.2,9.773799400840222,-193.95170287939504,1584.9211258222022,7500,True,3.9071531295776367,3.873920999999996
dense,2,3002,free,gaussian,8,om_ka,0.3959807446364335,0.4,-1.0048138408916134,-193.95170287939504,1584.9211258222022,7500,True,3.9071531295776367,3.873920999999996
dense,2,3002,free,gaussian,8,sigma,0.1979575213841092,0.2,-1.0212393079453708,-193.95170287939504,1584.9211258222022,7500,True,3.9071531295776367,3.873920999999996
dense,2,3002,free,gaussian,64,CL,2.909253830686656,3.0,-3.0248723104448003,-193.59771028707348,1781.7628101495711,10250,True,17.890056133270264,17.661104999999992
dense,2,3002,free,gaussian,64,V,30.76719660609237,30.0,2.557322020307886,-193.59771028707348,1781.7628101495711,10250,True,17.890056133270264,17.661104999999992
dense,2,3002,free,gaussian,64,ka,1.2131784575204916,1.2,1.0982047933743022,-193.59771028707348,1781.7628101495711,10250,True,17.890056133270264,17.661104999999992
dense,2,3002,free,gaussian,64,om_CL,0.314286896305285,0.3,4.762298768428356,-193.59771028707348,1781.7628101495711,10250,True,17.890056133270264,17.661104999999992
dense,2,3002,free,gaussian,64,om_V,0.228614539731532,0.2,14.307269865766,-193.59771028707348,1781.7628101495711,10250,True,17.890056133270264,17.661104999999992
dense,2,3002,free,gaussian,64,om_ka,0.4114307609841597,0.4,2.8576902460399345,-193.59771028707348,1781.7628101495711,10250,True,17.890056133270264,17.661104999999992
dense,2,3002,free,gaussian,64,sigma,0.1960545546084504,0.2,-1.9727226957747672,-193.59771028707348,1781.7628101495711,10250,True,17.890056133270264,17.661104999999992
dense,2,3002,amortized,gaussian,1,CL,2.9115128717884375,3.0,-2.9495709403854153,-209.89581552486288,824.8285730973979,25000,False,13.591763257980348,13.462105000000008
dense,2,3002,amortized,gaussian,1,V,31.02976081315702,30.0,3.4325360438567287,-209.89581552486288,824.8285730973979,25000,False,13.591763257980348,13.462105000000008
dense,2,3002,amortized,gaussian,1,ka,1.263067933552661,1.2,5.255661129388412,-209.89581552486288,824.8285730973979,25000,False,13.591763257980348,13.462105000000008
dense,2,3002,amortized,gaussian,1,om_CL,0.2933338792029641,0.3,-2.222040265678608,-209.89581552486288,824.8285730973979,25000,False,13.591763257980348,13.462105000000008
dense,2,3002,amortized,gaussian,1,om_V,0.2138358873042272,0.2,6.917943652113623,-209.89581552486288,824.8285730973979,25000,False,13.591763257980348,13.462105000000008
dense,2,3002,amortized,gaussian,1,om_ka,0.3061708892521093,0.4,-23.45727768697267,-209.89581552486288,824.8285730973979,25000,False,13.591763257980348,13.462105000000008
dense,2,3002,amortized,gaussian,1,sigma,0.2410127227106656,0.2,20.50636135533279,-209.89581552486288,824.8285730973979,25000,False,13.591763257980348,13.462105000000008
dense,2,3002,amortized,gaussian,8,CL,3.06040948790413,3.0,2.013649596804331,-195.72096249051273,1430.0349993004645,18500,True,13.19058895111084,13.027961000000005
dense,2,3002,amortized,gaussian,8,V,29.83463275171635,30.0,-0.5512241609455041,-195.72096249051273,1430.0349993004645,18500,True,13.19058895111084,13.027961000000005
dense,2,3002,amortized,gaussian,8,ka,1.2161364451345755,1.2,1.344703761214631,-195.72096249051273,1430.0349993004645,18500,True,13.19058895111084,13.027961000000005
dense,2,3002,amortized,gaussian,8,om_CL,0.3004703005896965,0.3,0.1567668632321643,-195.72096249051273,1430.0349993004645,18500,True,13.19058895111084,13.027961000000005
dense,2,3002,amortized,gaussian,8,om_V,0.227014711025048,0.2,13.507355512524022,-195.72096249051273,1430.0349993004645,18500,True,13.19058895111084,13.027961000000005
dense,2,3002,amortized,gaussian,8,om_ka,0.3746136069200048,0.4,-6.346598269998795,-195.72096249051273,1430.0349993004645,18500,True,13.19058895111084,13.027961000000005
dense,2,3002,amortized,gaussian,8,sigma,0.1961443936473648,0.2,-1.9278031763175776,-195.72096249051273,1430.0349993004645,18500,True,13.19058895111084,13.027961000000005
dense,2,3002,amortized,gaussian,64,CL,2.864460690583694,3.0,-4.517976980543533,-193.95757410542228,1833.8434554228816,17000,True,33.561651945114136,33.278910000000025
dense,2,3002,amortized,gaussian,64,V,29.828485686057512,30.0,-0.5717143798082939,-193.95757410542228,1833.8434554228816,17000,True,33.561651945114136,33.278910000000025
dense,2,3002,amortized,gaussian,64,ka,1.2304566306511198,1.2,2.538052554259984,-193.95757410542228,1833.8434554228816,17000,True,33.561651945114136,33.278910000000025
dense,2,3002,amortized,gaussian,64,om_CL,0.3128548750941088,0.3,4.28495836470294,-193.95757410542228,1833.8434554228816,17000,True,33.561651945114136,33.278910000000025
dense,2,3002,amortized,gaussian,64,om_V,0.2226985531278438,0.2,11.349276563921917,-193.95757410542228,1833.8434554228816,17000,True,33.561651945114136,33.278910000000025
dense,2,3002,amortized,gaussian,64,om_ka,0.4083506214490592,0.4,2.087655362264809,-193.95757410542228,1833.8434554228816,17000,True,33.561651945114136,33.278910000000025
dense,2,3002,amortized,gaussian,64,sigma,0.1987291187799164,0.2,-0.6354406100418097,-193.95757410542228,1833.8434554228816,17000,True,33.561651945114136,33.278910000000025
dense,3,3003,free,gaussian,1,CL,3.0635930826430022,3.0,2.1197694214334075,-131.7979250926545,1179.0729102747275,10250,True,3.632997989654541,3.608651999999978
dense,3,3003,free,gaussian,1,V,30.797500109036022,30.0,2.658333696786741,-131.7979250926545,1179.0729102747275,10250,True,3.632997989654541,3.608651999999978
dense,3,3003,free,gaussian,1,ka,1.2797967235989622,1.2,6.64972696658019,-131.7979250926545,1179.0729102747275,10250,True,3.632997989654541,3.608651999999978
dense,3,3003,free,gaussian,1,om_CL,0.3178709795135868,0.3,5.9569931711956166,-131.7979250926545,1179.0729102747275,10250,True,3.632997989654541,3.608651999999978
dense,3,3003,free,gaussian,1,om_V,0.1579425183562405,0.2,-21.02874082187972,-131.7979250926545,1179.0729102747275,10250,True,3.632997989654541,3.608651999999978
dense,3,3003,free,gaussian,1,om_ka,0.2846722644453994,0.4,-28.83193388865014,-131.7979250926545,1179.0729102747275,10250,True,3.632997989654541,3.608651999999978
dense,3,3003,free,gaussian,1,sigma,0.199550445518657,0.2,-0.2247772406714782,-131.7979250926545,1179.0729102747275,10250,True,3.632997989654541,3.608651999999978
dense,3,3003,free,gaussian,8,CL,3.0624381593340635,3.0,2.0812719778021163,-126.15493148800692,1535.0818309159129,16250,True,8.184273958206177,8.141302999999994
dense,3,3003,free,gaussian,8,V,30.005459627190227,30.0,0.0181987573007565,-126.15493148800692,1535.0818309159129,16250,True,8.184273958206177,8.141302999999994
dense,3,3003,free,gaussian,8,ka,1.2618079516747494,1.2,5.15066263956245,-126.15493148800692,1535.0818309159129,16250,True,8.184273958206177,8.141302999999994
dense,3,3003,free,gaussian,8,om_CL,0.3216422849840428,0.3,7.214094994680934,-126.15493148800692,1535.0818309159129,16250,True,8.184273958206177,8.141302999999994
dense,3,3003,free,gaussian,8,om_V,0.1712646481945227,0.2,-14.367675902738617,-126.15493148800692,1535.0818309159129,16250,True,8.184273958206177,8.141302999999994
dense,3,3003,free,gaussian,8,om_ka,0.3220775745677249,0.4,-19.48060635806878,-126.15493148800692,1535.0818309159129,16250,True,8.184273958206177,8.141302999999994
dense,3,3003,free,gaussian,8,sigma,0.1816487381791001,0.2,-9.17563091044994,-126.15493148800692,1535.0818309159129,16250,True,8.184273958206177,8.141302999999994
dense,3,3003,free,gaussian,64,CL,2.984097403624544,3.0,-0.5300865458485404,-124.54830166055297,1941.9373977463283,11000,True,18.64086318016052,18.470023999999995
dense,3,3003,free,gaussian,64,V,30.544388743845655,30.0,1.814629146152183,-124.54830166055297,1941.9373977463283,11000,True,18.64086318016052,18.470023999999995
dense,3,3003,free,gaussian,64,ka,1.2500757073433422,1.2,4.172975611945184,-124.54830166055297,1941.9373977463283,11000,True,18.64086318016052,18.470023999999995
dense,3,3003,free,gaussian,64,om_CL,0.3254430242371305,0.3,8.481008079043507,-124.54830166055297,1941.9373977463283,11000,True,18.64086318016052,18.470023999999995
dense,3,3003,free,gaussian,64,om_V,0.1705009983649003,0.2,-14.749500817549844,-124.54830166055297,1941.9373977463283,11000,True,18.64086318016052,18.470023999999995
dense,3,3003,free,gaussian,64,om_ka,0.3524853011049305,0.4,-11.87867472376737,-124.54830166055297,1941.9373977463283,11000,True,18.64086318016052,18.470023999999995
dense,3,3003,free,gaussian,64,sigma,0.1805378030796979,0.2,-9.731098460151037,-124.54830166055297,1941.9373977463283,11000,True,18.64086318016052,18.470023999999995
dense,3,3003,amortized,gaussian,1,CL,3.1451029078538455,3.0,4.8367635951281835,-128.56217877559385,1363.9757718956878,15750,True,8.382244110107422,8.338246999999996
dense,3,3003,amortized,gaussian,1,V,30.61541101019348,30.0,2.051370033978266,-128.56217877559385,1363.9757718956878,15750,True,8.382244110107422,8.338246999999996
dense,3,3003,amortized,gaussian,1,ka,1.262793053173935,1.2,5.232754431161261,-128.56217877559385,1363.9757718956878,15750,True,8.382244110107422,8.338246999999996
dense,3,3003,amortized,gaussian,1,om_CL,0.3243762591559402,0.3,8.12541971864674,-128.56217877559385,1363.9757718956878,15750,True,8.382244110107422,8.338246999999996
dense,3,3003,amortized,gaussian,1,om_V,0.1486303354036962,0.2,-25.684832298151896,-128.56217877559385,1363.9757718956878,15750,True,8.382244110107422,8.338246999999996
dense,3,3003,amortized,gaussian,1,om_ka,0.2837222212411127,0.4,-29.06944468972182,-128.56217877559385,1363.9757718956878,15750,True,8.382244110107422,8.338246999999996
dense,3,3003,amortized,gaussian,1,sigma,0.1937303961423075,0.2,-3.1348019288462425,-128.56217877559385,1363.9757718956878,15750,True,8.382244110107422,8.338246999999996
dense,3,3003,amortized,gaussian,8,CL,3.072239957740587,3.0,2.4079985913529,-124.50297321263862,1929.7963711296804,16250,True,11.247788906097412,11.188670000000002
dense,3,3003,amortized,gaussian,8,V,30.476889560697927,30.0,1.5896318689930904,-124.50297321263862,1929.7963711296804,16250,True,11.247788906097412,11.188670000000002
dense,3,3003,amortized,gaussian,8,ka,1.2418834421899652,1.2,3.490286849163767,-124.50297321263862,1929.7963711296804,16250,True,11.247788906097412,11.188670000000002
dense,3,3003,amortized,gaussian,8,om_CL,0.322761369967674,0.3,7.587123322558028,-124.50297321263862,1929.7963711296804,16250,True,11.247788906097412,11.188670000000002
dense,3,3003,amortized,gaussian,8,om_V,0.1656843042828673,0.2,-17.157847858566317,-124.50297321263862,1929.7963711296804,16250,True,11.247788906097412,11.188670000000002
dense,3,3003,amortized,gaussian,8,om_ka,0.3284441930477654,0.4,-17.888951738058655,-124.50297321263862,1929.7963711296804,16250,True,11.247788906097412,11.188670000000002
dense,3,3003,amortized,gaussian,8,sigma,0.1827270626861465,0.2,-8.636468656926715,-124.50297321263862,1929.7963711296804,16250,True,11.247788906097412,11.188670000000002
dense,3,3003,amortized,gaussian,64,CL,3.026162414027359,3.0,0.8720804675786287,-124.67198390534314,1943.4648903949465,21750,True,41.96088099479675,41.69260900000003
dense,3,3003,amortized,gaussian,64,V,30.454810021500887,30.0,1.5160334050029551,-124.67198390534314,1943.4648903949465,21750,True,41.96088099479675,41.69260900000003
dense,3,3003,amortized,gaussian,64,ka,1.2550534896161072,1.2,4.58779080134227,-124.67198390534314,1943.4648903949465,21750,True,41.96088099479675,41.69260900000003
dense,3,3003,amortized,gaussian,64,om_CL,0.3235513147802339,0.3,7.850438260077976,-124.67198390534314,1943.4648903949465,21750,True,41.96088099479675,41.69260900000003
dense,3,3003,amortized,gaussian,64,om_V,0.173381479273307,0.2,-13.309260363346466,-124.67198390534314,1943.4648903949465,21750,True,41.96088099479675,41.69260900000003
dense,3,3003,amortized,gaussian,64,om_ka,0.3416561322885847,0.4,-14.585966927853828,-124.67198390534314,1943.4648903949465,21750,True,41.96088099479675,41.69260900000003
dense,3,3003,amortized,gaussian,64,sigma,0.1828219205969412,0.2,-8.58903970152941,-124.67198390534314,1943.4648903949465,21750,True,41.96088099479675,41.69260900000003
dense,4,3004,free,gaussian,1,CL,2.90831427806178,3.0,-3.0561907312739964,-219.1884722319487,1393.4083197361208,15250,True,5.381778955459595,5.342466000000002
dense,4,3004,free,gaussian,1,V,31.449291234855924,30.0,4.830970782853078,-219.1884722319487,1393.4083197361208,15250,True,5.381778955459595,5.342466000000002
dense,4,3004,free,gaussian,1,ka,1.2504010583219214,1.2,4.200088193493453,-219.1884722319487,1393.4083197361208,15250,True,5.381778955459595,5.342466000000002
dense,4,3004,free,gaussian,1,om_CL,0.3415121186906286,0.3,13.8373728968762,-219.1884722319487,1393.4083197361208,15250,True,5.381778955459595,5.342466000000002
dense,4,3004,free,gaussian,1,om_V,0.2594692857174754,0.2,29.734642858737697,-219.1884722319487,1393.4083197361208,15250,True,5.381778955459595,5.342466000000002
dense,4,3004,free,gaussian,1,om_ka,0.2160069823900214,0.4,-45.99825440249465,-219.1884722319487,1393.4083197361208,15250,True,5.381778955459595,5.342466000000002
dense,4,3004,free,gaussian,1,sigma,0.2196742202967625,0.2,9.837110148381276,-219.1884722319487,1393.4083197361208,15250,True,5.381778955459595,5.342466000000002
dense,4,3004,free,gaussian,8,CL,2.8203419565668177,3.0,-5.988601447772742,-210.17289355440343,1414.26601373804,4000,True,2.0823779106140137,2.067022000000009
dense,4,3004,free,gaussian,8,V,31.56370890773876,30.0,5.212363025795868,-210.17289355440343,1414.26601373804,4000,True,2.0823779106140137,2.067022000000009
dense,4,3004,free,gaussian,8,ka,1.2201355471318056,1.2,1.6779622609838043,-210.17289355440343,1414.26601373804,4000,True,2.0823779106140137,2.067022000000009
dense,4,3004,free,gaussian,8,om_CL,0.3478451206216327,0.3,15.94837354054424,-210.17289355440343,1414.26601373804,4000,True,2.0823779106140137,2.067022000000009
dense,4,3004,free,gaussian,8,om_V,0.249832051255891,0.2,24.916025627945533,-210.17289355440343,1414.26601373804,4000,True,2.0823779106140137,2.067022000000009
dense,4,3004,free,gaussian,8,om_ka,0.3563734208508169,0.4,-10.906644787295765,-210.17289355440343,1414.26601373804,4000,True,2.0823779106140137,2.067022000000009
dense,4,3004,free,gaussian,8,sigma,0.2022941605980309,0.2,1.1470802990154598,-210.17289355440343,1414.26601373804,4000,True,2.0823779106140137,2.067022000000009
dense,4,3004,free,gaussian,64,CL,2.9167273850244726,3.0,-2.77575383251758,-208.3143128669703,1596.141832499046,9750,True,16.84656596183777,16.53600799999998
dense,4,3004,free,gaussian,64,V,31.303834907347568,30.0,4.346116357825226,-208.3143128669703,1596.141832499046,9750,True,16.84656596183777,16.53600799999998
dense,4,3004,free,gaussian,64,ka,1.2267012527838648,1.2,2.2251043986554015,-208.3143128669703,1596.141832499046,9750,True,16.84656596183777,16.53600799999998
dense,4,3004,free,gaussian,64,om_CL,0.3502042056247973,0.3,16.734735208265775,-208.3143128669703,1596.141832499046,9750,True,16.84656596183777,16.53600799999998
dense,4,3004,free,gaussian,64,om_V,0.2518266419335912,0.2,25.91332096679561,-208.3143128669703,1596.141832499046,9750,True,16.84656596183777,16.53600799999998
dense,4,3004,free,gaussian,64,om_ka,0.3788747590518787,0.4,-5.281310237030336,-208.3143128669703,1596.141832499046,9750,True,16.84656596183777,16.53600799999998
dense,4,3004,free,gaussian,64,sigma,0.1972333382158584,0.2,-1.3833308920707943,-208.3143128669703,1596.141832499046,9750,True,16.84656596183777,16.53600799999998
dense,4,3004,amortized,gaussian,1,CL,2.9356696364591284,3.0,-2.1443454513623874,-218.21977741088085,1098.064596604862,15750,True,8.406136274337769,8.348704999999995
dense,4,3004,amortized,gaussian,1,V,31.35703287187512,30.0,4.523442906250399,-218.21977741088085,1098.064596604862,15750,True,8.406136274337769,8.348704999999995
dense,4,3004,amortized,gaussian,1,ka,1.2571290663311396,1.2,4.760755527594974,-218.21977741088085,1098.064596604862,15750,True,8.406136274337769,8.348704999999995
dense,4,3004,amortized,gaussian,1,om_CL,0.342207278572106,0.3,14.069092857368684,-218.21977741088085,1098.064596604862,15750,True,8.406136274337769,8.348704999999995
dense,4,3004,amortized,gaussian,1,om_V,0.2350231897283532,0.2,17.511594864176622,-218.21977741088085,1098.064596604862,15750,True,8.406136274337769,8.348704999999995
dense,4,3004,amortized,gaussian,1,om_ka,0.2410729674650184,0.4,-39.7317581337454,-218.21977741088085,1098.064596604862,15750,True,8.406136274337769,8.348704999999995
dense,4,3004,amortized,gaussian,1,sigma,0.2214851191710186,0.2,10.742559585509293,-218.21977741088085,1098.064596604862,15750,True,8.406136274337769,8.348704999999995
dense,4,3004,amortized,gaussian,8,CL,2.9360274942078575,3.0,-2.1324168597380844,-208.77477809445568,1035.3316514866085,9000,True,6.307822942733765,6.263701000000026
dense,4,3004,amortized,gaussian,8,V,30.669020795190896,30.0,2.2300693173029864,-208.77477809445568,1035.3316514866085,9000,True,6.307822942733765,6.263701000000026
dense,4,3004,amortized,gaussian,8,ka,1.2407176938860969,1.2,3.3931411571747434,-208.77477809445568,1035.3316514866085,9000,True,6.307822942733765,6.263701000000026
dense,4,3004,amortized,gaussian,8,om_CL,0.3370807549986113,0.3,12.360251666203766,-208.77477809445568,1035.3316514866085,9000,True,6.307822942733765,6.263701000000026
dense,4,3004,amortized,gaussian,8,om_V,0.2446245159939186,0.2,22.31225799695931,-208.77477809445568,1035.3316514866085,9000,True,6.307822942733765,6.263701000000026
dense,4,3004,amortized,gaussian,8,om_ka,0.3572042310836344,0.4,-10.698942229091388,-208.77477809445568,1035.3316514866085,9000,True,6.307822942733765,6.263701000000026
dense,4,3004,amortized,gaussian,8,sigma,0.2058322697112848,0.2,2.9161348556423907,-208.77477809445568,1035.3316514866085,9000,True,6.307822942733765,6.263701000000026
dense,4,3004,amortized,gaussian,64,CL,2.949304207003439,3.0,-1.6898597665520338,-208.91679607004147,1856.2329371347164,4750,True,9.27612805366516,9.21190200000001
dense,4,3004,amortized,gaussian,64,V,31.0173710042345,30.0,3.3912366807816716,-208.91679607004147,1856.2329371347164,4750,True,9.27612805366516,9.21190200000001
dense,4,3004,amortized,gaussian,64,ka,1.2595470157089748,1.2,4.962251309081234,-208.91679607004147,1856.2329371347164,4750,True,9.27612805366516,9.21190200000001
dense,4,3004,amortized,gaussian,64,om_CL,0.3381143276452437,0.3,12.70477588174792,-208.91679607004147,1856.2329371347164,4750,True,9.27612805366516,9.21190200000001
dense,4,3004,amortized,gaussian,64,om_V,0.2534255322927604,0.2,26.712766146380183,-208.91679607004147,1856.2329371347164,4750,True,9.27612805366516,9.21190200000001
dense,4,3004,amortized,gaussian,64,om_ka,0.3551927302547527,0.4,-11.201817436311822,-208.91679607004147,1856.2329371347164,4750,True,9.27612805366516,9.21190200000001
dense,4,3004,amortized,gaussian,64,sigma,0.2005237482055976,0.2,0.2618741027988341,-208.91679607004147,1856.2329371347164,4750,True,9.27612805366516,9.21190200000001
dense,5,3005,free,gaussian,1,CL,2.945334811812914,3.0,-1.8221729395695292,-178.38209343749,1131.395571335384,10750,True,3.8113880157470703,3.7873010000000136
dense,5,3005,free,gaussian,1,V,29.744944299356103,30.0,-0.8501856688129786,-178.38209343749,1131.395571335384,10750,True,3.8113880157470703,3.7873010000000136
dense,5,3005,free,gaussian,1,ka,1.2737502919765666,1.2,6.1458576647138905,-178.38209343749,1131.395571335384,10750,True,3.8113880157470703,3.7873010000000136
dense,5,3005,free,gaussian,1,om_CL,0.2835609650818637,0.3,-5.479678306045436,-178.38209343749,1131.395571335384,10750,True,3.8113880157470703,3.7873010000000136
dense,5,3005,free,gaussian,1,om_V,0.1748590275140005,0.2,-12.570486242999722,-178.38209343749,1131.395571335384,10750,True,3.8113880157470703,3.7873010000000136
dense,5,3005,free,gaussian,1,om_ka,0.3454536874558016,0.4,-13.636578136049597,-178.38209343749,1131.395571335384,10750,True,3.8113880157470703,3.7873010000000136
dense,5,3005,free,gaussian,1,sigma,0.2168482492284274,0.2,8.424124614213726,-178.38209343749,1131.395571335384,10750,True,3.8113880157470703,3.7873010000000136
dense,5,3005,free,gaussian,8,CL,2.8378999049883733,3.0,-5.403336500387557,-173.55381281896132,1660.4997347909316,5000,True,2.585252046585083,2.568333999999993
dense,5,3005,free,gaussian,8,V,29.825443888093925,30.0,-0.5818537063535819,-173.55381281896132,1660.4997347909316,5000,True,2.585252046585083,2.568333999999993
dense,5,3005,free,gaussian,8,ka,1.2662984952667442,1.2,5.5248746055620215,-173.55381281896132,1660.4997347909316,5000,True,2.585252046585083,2.568333999999993
dense,5,3005,free,gaussian,8,om_CL,0.2844793626094521,0.3,-5.1735457968492735,-173.55381281896132,1660.4997347909316,5000,True,2.585252046585083,2.568333999999993
dense,5,3005,free,gaussian,8,om_V,0.1969369394792806,0.2,-1.5315302603597092,-173.55381281896132,1660.4997347909316,5000,True,2.585252046585083,2.568333999999993
dense,5,3005,free,gaussian,8,om_ka,0.3909533629226414,0.4,-2.2616592693396607,-173.55381281896132,1660.4997347909316,5000,True,2.585252046585083,2.568333999999993
dense,5,3005,free,gaussian,8,sigma,0.1975227223185243,0.2,-1.2386388407378406,-173.55381281896132,1660.4997347909316,5000,True,2.585252046585083,2.568333999999993
dense,5,3005,free,gaussian,64,CL,2.8724135156198067,3.0,-4.252882812673109,-172.71790889319692,1880.2748790716928,7500,True,12.70163106918335,12.625153999999952
dense,5,3005,free,gaussian,64,V,29.436793299476975,30.0,-1.877355668410073,-172.71790889319692,1880.2748790716928,7500,True,12.70163106918335,12.625153999999952
dense,5,3005,free,gaussian,64,ka,1.257013242881,1.2,4.751103573416682,-172.71790889319692,1880.2748790716928,7500,True,12.70163106918335,12.625153999999952
dense,5,3005,free,gaussian,64,om_CL,0.2791469471041723,0.3,-6.951017631942559,-172.71790889319692,1880.2748790716928,7500,True,12.70163106918335,12.625153999999952
dense,5,3005,free,gaussian,64,om_V,0.201438735773475,0.2,0.7193678867374875,-172.71790889319692,1880.2748790716928,7500,True,12.70163106918335,12.625153999999952
dense,5,3005,free,gaussian,64,om_ka,0.4059985439105579,0.4,1.4996359776394683,-172.71790889319692,1880.2748790716928,7500,True,12.70163106918335,12.625153999999952
dense,5,3005,free,gaussian,64,sigma,0.2007259250092933,0.2,0.3629625046466522,-172.71790889319692,1880.2748790716928,7500,True,12.70163106918335,12.625153999999952
dense,5,3005,amortized,gaussian,1,CL,2.9238558179946694,3.0,-2.538139400177686,-179.43753222293304,1235.347561291892,17250,True,9.228755235671995,9.17563899999999
dense,5,3005,amortized,gaussian,1,V,29.6126843244086,30.0,-1.2910522519713414,-179.43753222293304,1235.347561291892,17250,True,9.228755235671995,9.17563899999999
dense,5,3005,amortized,gaussian,1,ka,1.2831539345824274,1.2,6.929494548535624,-179.43753222293304,1235.347561291892,17250,True,9.228755235671995,9.17563899999999
dense,5,3005,amortized,gaussian,1,om_CL,0.2792069815527085,0.3,-6.93100614909716,-179.43753222293304,1235.347561291892,17250,True,9.228755235671995,9.17563899999999
dense,5,3005,amortized,gaussian,1,om_V,0.1702682787411128,0.2,-14.86586062944359,-179.43753222293304,1235.347561291892,17250,True,9.228755235671995,9.17563899999999
dense,5,3005,amortized,gaussian,1,om_ka,0.329266314652017,0.4,-17.683421336995753,-179.43753222293304,1235.347561291892,17250,True,9.228755235671995,9.17563899999999
dense,5,3005,amortized,gaussian,1,sigma,0.2158720627121556,0.2,7.93603135607783,-179.43753222293304,1235.347561291892,17250,True,9.228755235671995,9.17563899999999
dense,5,3005,amortized,gaussian,8,CL,2.934714328456463,3.0,-2.1761890514512348,-173.44179356702804,1650.3032519799565,25000,False,17.377569913864136,17.27209700000003
dense,5,3005,amortized,gaussian,8,V,29.656742911019535,30.0,-1.1441902966015505,-173.44179356702804,1650.3032519799565,25000,False,17.377569913864136,17.27209700000003
dense,5,3005,amortized,gaussian,8,ka,1.2959916085774217,1.2,7.999300714785126,-173.44179356702804,1650.3032519799565,25000,False,17.377569913864136,17.27209700000003
dense,5,3005,amortized,gaussian,8,om_CL,0.2785469019594115,0.3,-7.151032680196143,-173.44179356702804,1650.3032519799565,25000,False,17.377569913864136,17.27209700000003
dense,5,3005,amortized,gaussian,8,om_V,0.1978554271778964,0.2,-1.0722864110517816,-173.44179356702804,1650.3032519799565,25000,False,17.377569913864136,17.27209700000003
dense,5,3005,amortized,gaussian,8,om_ka,0.3867419480029867,0.4,-3.314512999253324,-173.44179356702804,1650.3032519799565,25000,False,17.377569913864136,17.27209700000003
dense,5,3005,amortized,gaussian,8,sigma,0.198364109643773,0.2,-0.8179451781134967,-173.44179356702804,1650.3032519799565,25000,False,17.377569913864136,17.27209700000003
dense,5,3005,amortized,gaussian,64,CL,2.9638095926617685,3.0,-1.2063469112743843,-172.94002092477552,1785.3801376212728,21500,True,41.508166790008545,41.25993999999997
dense,5,3005,amortized,gaussian,64,V,29.58587640143119,30.0,-1.3804119952293683,-172.94002092477552,1785.3801376212728,21500,True,41.508166790008545,41.25993999999997
dense,5,3005,amortized,gaussian,64,ka,1.2478337350359217,1.2,3.986144586326808,-172.94002092477552,1785.3801376212728,21500,True,41.508166790008545,41.25993999999997
dense,5,3005,amortized,gaussian,64,om_CL,0.2728228322492321,0.3,-9.059055916922633,-172.94002092477552,1785.3801376212728,21500,True,41.508166790008545,41.25993999999997
dense,5,3005,amortized,gaussian,64,om_V,0.1954633545533217,0.2,-2.268322723339114,-172.94002092477552,1785.3801376212728,21500,True,41.508166790008545,41.25993999999997
dense,5,3005,amortized,gaussian,64,om_ka,0.4131316204891535,0.4,3.2829051222883763,-172.94002092477552,1785.3801376212728,21500,True,41.508166790008545,41.25993999999997
dense,5,3005,amortized,gaussian,64,sigma,0.1958248170595575,0.2,-2.0875914702212226,-172.94002092477552,1785.3801376212728,21500,True,41.508166790008545,41.25993999999997
dense,6,3006,free,gaussian,1,CL,2.904085662423526,3.0,-3.1971445858824645,-192.0503671145797,1585.0151737876392,19000,True,6.667830944061279,6.625456999999983
dense,6,3006,free,gaussian,1,V,30.226480720872875,30.0,0.7549357362429158,-192.0503671145797,1585.0151737876392,19000,True,6.667830944061279,6.625456999999983
dense,6,3006,free,gaussian,1,ka,1.1696274598378107,1.2,-2.5310450135157723,-192.0503671145797,1585.0151737876392,19000,True,6.667830944061279,6.625456999999983
dense,6,3006,free,gaussian,1,om_CL,0.2919260852640105,0.3,-2.691304911996484,-192.0503671145797,1585.0151737876392,19000,True,6.667830944061279,6.625456999999983
dense,6,3006,free,gaussian,1,om_V,0.223958292185975,0.2,11.979146092987502,-192.0503671145797,1585.0151737876392,19000,True,6.667830944061279,6.625456999999983
dense,6,3006,free,gaussian,1,om_ka,0.1927540845987337,0.4,-51.81147885031656,-192.0503671145797,1585.0151737876392,19000,True,6.667830944061279,6.625456999999983
dense,6,3006,free,gaussian,1,sigma,0.2185301373812115,0.2,9.265068690605752,-192.0503671145797,1585.0151737876392,19000,True,6.667830944061279,6.625456999999983
dense,6,3006,free,gaussian,8,CL,2.8890298399165784,3.0,-3.699005336114055,-183.32931508772103,1756.5995853303543,5250,True,2.7205240726470947,2.7024710000000027
dense,6,3006,free,gaussian,8,V,30.45862523370412,30.0,1.5287507790137294,-183.32931508772103,1756.5995853303543,5250,True,2.7205240726470947,2.7024710000000027
dense,6,3006,free,gaussian,8,ka,1.150159008227453,1.2,-4.153415981045572,-183.32931508772103,1756.5995853303543,5250,True,2.7205240726470947,2.7024710000000027
dense,6,3006,free,gaussian,8,om_CL,0.2866423029119057,0.3,-4.452565696031419,-183.32931508772103,1756.5995853303543,5250,True,2.7205240726470947,2.7024710000000027
dense,6,3006,free,gaussian,8,om_V,0.2284718817873393,0.2,14.235940893669682,-183.32931508772103,1756.5995853303543,5250,True,2.7205240726470947,2.7024710000000027
dense,6,3006,free,gaussian,8,om_ka,0.2957409729436912,0.4,-26.064756764077195,-183.32931508772103,1756.5995853303543,5250,True,2.7205240726470947,2.7024710000000027
dense,6,3006,free,gaussian,8,sigma,0.2050339409091855,0.2,2.5169704545927596,-183.32931508772103,1756.5995853303543,5250,True,2.7205240726470947,2.7024710000000027
dense,6,3006,free,gaussian,64,CL,2.9115618955652702,3.0,-2.9479368144909923,-182.72635597538735,1802.536085138596,6000,True,10.230777025222778,10.171429999999988
dense,6,3006,free,gaussian,64,V,30.606172178325743,30.0,2.020573927752487,-182.72635597538735,1802.536085138596,6000,True,10.230777025222778,10.171429999999988
dense,6,3006,free,gaussian,64,ka,1.1200897611153315,1.2,-6.659186573722368,-182.72635597538735,1802.536085138596,6000,True,10.230777025222778,10.171429999999988
dense,6,3006,free,gaussian,64,om_CL,0.2861572993708513,0.3,-4.614233543049554,-182.72635597538735,1802.536085138596,6000,True,10.230777025222778,10.171429999999988
dense,6,3006,free,gaussian,64,om_V,0.2294599813392037,0.2,14.729990669601843,-182.72635597538735,1802.536085138596,6000,True,10.230777025222778,10.171429999999988
dense,6,3006,free,gaussian,64,om_ka,0.3474320933619381,0.4,-13.141976659515484,-182.72635597538735,1802.536085138596,6000,True,10.230777025222778,10.171429999999988
dense,6,3006,free,gaussian,64,sigma,0.200841579841063,0.2,0.420789920531503,-182.72635597538735,1802.536085138596,6000,True,10.230777025222778,10.171429999999988
dense,6,3006,amortized,gaussian,1,CL,2.8958540859751087,3.0,-3.4715304674963754,-200.34327230039423,1193.7972818346316,23500,True,12.500505924224854,12.416720999999995
dense,6,3006,amortized,gaussian,1,V,30.930264639305264,30.0,3.100882131017547,-200.34327230039423,1193.7972818346316,23500,True,12.500505924224854,12.416720999999995
dense,6,3006,amortized,gaussian,1,ka,1.1710747575975753,1.2,-2.4104368668687224,-200.34327230039423,1193.7972818346316,23500,True,12.500505924224854,12.416720999999995
dense,6,3006,amortized,gaussian,1,om_CL,0.2827302113288292,0.3,-5.756596223723579,-200.34327230039423,1193.7972818346316,23500,True,12.500505924224854,12.416720999999995
dense,6,3006,amortized,gaussian,1,om_V,0.2163714889971732,0.2,8.185744498586624,-200.34327230039423,1193.7972818346316,23500,True,12.500505924224854,12.416720999999995
dense,6,3006,amortized,gaussian,1,om_ka,0.1890588063682451,0.4,-52.73529840793871,-200.34327230039423,1193.7972818346316,23500,True,12.500505924224854,12.416720999999995
dense,6,3006,amortized,gaussian,1,sigma,0.2438204708783475,0.2,21.910235439173785,-200.34327230039423,1193.7972818346316,23500,True,12.500505924224854,12.416720999999995
dense,6,3006,amortized,gaussian,8,CL,3.0045080548340506,3.0,0.150268494468353,-184.17647517157152,1979.454685299291,23750,True,16.618197917938232,16.470991999999967
dense,6,3006,amortized,gaussian,8,V,30.00297593771089,30.0,0.0099197923696318,-184.17647517157152,1979.454685299291,23750,True,16.618197917938232,16.470991999999967
dense,6,3006,amortized,gaussian,8,ka,1.169975438421032,1.2,-2.502046798247319,-184.17647517157152,1979.454685299291,23750,True,16.618197917938232,16.470991999999967
dense,6,3006,amortized,gaussian,8,om_CL,0.291066564045466,0.3,-2.977811984844647,-184.17647517157152,1979.454685299291,23750,True,16.618197917938232,16.470991999999967
dense,6,3006,amortized,gaussian,8,om_V,0.2158052893973516,0.2,7.902644698675825,-184.17647517157152,1979.454685299291,23750,True,16.618197917938232,16.470991999999967
dense,6,3006,amortized,gaussian,8,om_ka,0.3007359740704109,0.4,-24.81600648239726,-184.17647517157152,1979.454685299291,23750,True,16.618197917938232,16.470991999999967
dense,6,3006,amortized,gaussian,8,sigma,0.2073075373194816,0.2,3.653768659740833,-184.17647517157152,1979.454685299291,23750,True,16.618197917938232,16.470991999999967
dense,6,3006,amortized,gaussian,64,CL,2.879349696542296,3.0,-4.02167678192346,-182.05066686247864,1765.304074958286,11250,True,21.715147018432617,21.59655299999997
dense,6,3006,amortized,gaussian,64,V,30.669251898656924,30.0,2.2308396621897466,-182.05066686247864,1765.304074958286,11250,True,21.715147018432617,21.59655299999997
dense,6,3006,amortized,gaussian,64,ka,1.140336738505886,1.2,-4.971938457842828,-182.05066686247864,1765.304074958286,11250,True,21.715147018432617,21.59655299999997
dense,6,3006,amortized,gaussian,64,om_CL,0.2925472787220817,0.3,-2.4842404259727653,-182.05066686247864,1765.304074958286,11250,True,21.715147018432617,21.59655299999997
dense,6,3006,amortized,gaussian,64,om_V,0.22659585632195,0.2,13.297928160975012,-182.05066686247864,1765.304074958286,11250,True,21.715147018432617,21.59655299999997
dense,6,3006,amortized,gaussian,64,om_ka,0.356430514845654,0.4,-10.8923712885865,-182.05066686247864,1765.304074958286,11250,True,21.715147018432617,21.59655299999997
dense,6,3006,amortized,gaussian,64,sigma,0.2003136116245403,0.2,0.1568058122701776,-182.05066686247864,1765.304074958286,11250,True,21.715147018432617,21.59655299999997
dense,7,3007,free,gaussian,1,CL,3.0556102952251347,3.0,1.8536765075044908,-157.65120068262817,1323.7901249045392,18750,True,6.582275867462158,6.538375999999971
dense,7,3007,free,gaussian,1,V,30.81703522456852,30.0,2.7234507485617363,-157.65120068262817,1323.7901249045392,18750,True,6.582275867462158,6.538375999999971
dense,7,3007,free,gaussian,1,ka,1.1761557005459566,1.2,-1.9870249545036096,-157.65120068262817,1323.7901249045392,18750,True,6.582275867462158,6.538375999999971
dense,7,3007,free,gaussian,1,om_CL,0.2657208921590925,0.3,-11.426369280302495,-157.65120068262817,1323.7901249045392,18750,True,6.582275867462158,6.538375999999971
dense,7,3007,free,gaussian,1,om_V,0.1841997343845203,0.2,-7.900132807739851,-157.65120068262817,1323.7901249045392,18750,True,6.582275867462158,6.538375999999971
dense,7,3007,free,gaussian,1,om_ka,0.2461738434985007,0.4,-38.45653912537483,-157.65120068262817,1323.7901249045392,18750,True,6.582275867462158,6.538375999999971
dense,7,3007,free,gaussian,1,sigma,0.2122038828129256,0.2,6.1019414064628075,-157.65120068262817,1323.7901249045392,18750,True,6.582275867462158,6.538375999999971
dense,7,3007,free,gaussian,8,CL,3.100079236635392,3.0,3.3359745545130735,-151.85396565278933,1684.0908222655353,4500,True,2.354302883148194,2.333158000000026
dense,7,3007,free,gaussian,8,V,30.70399648927123,30.0,2.3466549642374326,-151.85396565278933,1684.0908222655353,4500,True,2.354302883148194,2.333158000000026
dense,7,3007,free,gaussian,8,ka,1.1429676660414858,1.2,-4.752694496542846,-151.85396565278933,1684.0908222655353,4500,True,2.354302883148194,2.333158000000026
dense,7,3007,free,gaussian,8,om_CL,0.2701282952524847,0.3,-9.957234915838423,-151.85396565278933,1684.0908222655353,4500,True,2.354302883148194,2.333158000000026
dense,7,3007,free,gaussian,8,om_V,0.1946575830809085,0.2,-2.671208459545729,-151.85396565278933,1684.0908222655353,4500,True,2.354302883148194,2.333158000000026
dense,7,3007,free,gaussian,8,om_ka,0.3285876128669957,0.4,-17.853096783251072,-151.85396565278933,1684.0908222655353,4500,True,2.354302883148194,2.333158000000026
dense,7,3007,free,gaussian,8,sigma,0.2012557605808912,0.2,0.6278802904456232,-151.85396565278933,1684.0908222655353,4500,True,2.354302883148194,2.333158000000026
dense,7,3007,free,gaussian,64,CL,3.067023853289135,3.0,2.2341284429711727,-150.62055029273398,1924.4811584495628,5250,True,8.850136041641235,8.802718000000027
dense,7,3007,free,gaussian,64,V,30.48253256133151,30.0,1.6084418711050337,-150.62055029273398,1924.4811584495628,5250,True,8.850136041641235,8.802718000000027
dense,7,3007,free,gaussian,64,ka,1.162199254605895,1.2,-3.1500621161754117,-150.62055029273398,1924.4811584495628,5250,True,8.850136041641235,8.802718000000027
dense,7,3007,free,gaussian,64,om_CL,0.2687120648349858,0.3,-10.429311721671404,-150.62055029273398,1924.4811584495628,5250,True,8.850136041641235,8.802718000000027
dense,7,3007,free,gaussian,64,om_V,0.1969297383457811,0.2,-1.53513082710946,-150.62055029273398,1924.4811584495628,5250,True,8.850136041641235,8.802718000000027
dense,7,3007,free,gaussian,64,om_ka,0.3380077745785624,0.4,-15.498056355359404,-150.62055029273398,1924.4811584495628,5250,True,8.850136041641235,8.802718000000027
dense,7,3007,free,gaussian,64,sigma,0.1964048131812218,0.2,-1.797593409389106,-150.62055029273398,1924.4811584495628,5250,True,8.850136041641235,8.802718000000027
dense,7,3007,amortized,gaussian,1,CL,3.1691806822686295,3.0,5.6393560756209835,-169.24624294844403,1493.5073798094936,25000,False,13.275187969207764,13.202474999999936
dense,7,3007,amortized,gaussian,1,V,30.624885975365014,30.0,2.082953251216715,-169.24624294844403,1493.5073798094936,25000,False,13.275187969207764,13.202474999999936
dense,7,3007,amortized,gaussian,1,ka,1.188896786515637,1.2,-0.9252677903635784,-169.24624294844403,1493.5073798094936,25000,False,13.275187969207764,13.202474999999936
dense,7,3007,amortized,gaussian,1,om_CL,0.2477043807773653,0.3,-17.43187307421156,-169.24624294844403,1493.5073798094936,25000,False,13.275187969207764,13.202474999999936
dense,7,3007,amortized,gaussian,1,om_V,0.1802548652532903,0.2,-9.872567373354846,-169.24624294844403,1493.5073798094936,25000,False,13.275187969207764,13.202474999999936
dense,7,3007,amortized,gaussian,1,om_ka,0.2200164035064629,0.4,-44.99589912338428,-169.24624294844403,1493.5073798094936,25000,False,13.275187969207764,13.202474999999936
dense,7,3007,amortized,gaussian,1,sigma,0.2390627861801063,0.2,19.53139309005315,-169.24624294844403,1493.5073798094936,25000,False,13.275187969207764,13.202474999999936
dense,7,3007,amortized,gaussian,8,CL,2.998626872688358,3.0,-0.0457709103880728,-151.8017982835063,1542.300193007656,13250,True,9.203191995620728,9.153022000000078
dense,7,3007,amortized,gaussian,8,V,30.354766240823107,30.0,1.182554136077023,-151.8017982835063,1542.300193007656,13250,True,9.203191995620728,9.153022000000078
dense,7,3007,amortized,gaussian,8,ka,1.147655323125894,1.2,-4.362056406175504,-151.8017982835063,1542.300193007656,13250,True,9.203191995620728,9.153022000000078
dense,7,3007,amortized,gaussian,8,om_CL,0.2732524764407418,0.3,-8.915841186419378,-151.8017982835063,1542.300193007656,13250,True,9.203191995620728,9.153022000000078
dense,7,3007,amortized,gaussian,8,om_V,0.2055577245653584,0.2,2.778862282679234,-151.8017982835063,1542.300193007656,13250,True,9.203191995620728,9.153022000000078
dense,7,3007,amortized,gaussian,8,om_ka,0.3017568114181621,0.4,-24.56079714545947,-151.8017982835063,1542.300193007656,13250,True,9.203191995620728,9.153022000000078
dense,7,3007,amortized,gaussian,8,sigma,0.1960597850406619,0.2,-1.9701074796690257,-151.8017982835063,1542.300193007656,13250,True,9.203191995620728,9.153022000000078
dense,7,3007,amortized,gaussian,64,CL,3.120476648557094,3.0,4.0158882852364615,-151.5268249986181,2003.7386299565749,24000,True,46.33886384963989,46.03931899999998
dense,7,3007,amortized,gaussian,64,V,29.94074549468944,30.0,-0.1975150177018747,-151.5268249986181,2003.7386299565749,24000,True,46.33886384963989,46.03931899999998
dense,7,3007,amortized,gaussian,64,ka,1.192114445292188,1.2,-0.6571295589843373,-151.5268249986181,2003.7386299565749,24000,True,46.33886384963989,46.03931899999998
dense,7,3007,amortized,gaussian,64,om_CL,0.2710431990902328,0.3,-9.652266969922383,-151.5268249986181,2003.7386299565749,24000,True,46.33886384963989,46.03931899999998
dense,7,3007,amortized,gaussian,64,om_V,0.19771471130991,0.2,-1.142644345044963,-151.5268249986181,2003.7386299565749,24000,True,46.33886384963989,46.03931899999998
dense,7,3007,amortized,gaussian,64,om_ka,0.3313117366806281,0.4,-17.172065829842985,-151.5268249986181,2003.7386299565749,24000,True,46.33886384963989,46.03931899999998
dense,7,3007,amortized,gaussian,64,sigma,0.1956811641501699,0.2,-2.1594179249150303,-151.5268249986181,2003.7386299565749,24000,True,46.33886384963989,46.03931899999998
dense,8,3008,free,gaussian,1,CL,3.0022859048564907,3.0,0.0761968285496905,-185.2573001973943,1154.3804909355713,11500,True,4.067998886108398,4.0412750000000415
dense,8,3008,free,gaussian,1,V,30.05774477192502,30.0,0.1924825730833982,-185.2573001973943,1154.3804909355713,11500,True,4.067998886108398,4.0412750000000415
dense,8,3008,free,gaussian,1,ka,1.1695737230346002,1.2,-2.535523080449982,-185.2573001973943,1154.3804909355713,11500,True,4.067998886108398,4.0412750000000415
dense,8,3008,free,gaussian,1,om_CL,0.300556690492416,0.3,0.1855634974720077,-185.2573001973943,1154.3804909355713,11500,True,4.067998886108398,4.0412750000000415
dense,8,3008,free,gaussian,1,om_V,0.1521780638781625,0.2,-23.91096806091876,-185.2573001973943,1154.3804909355713,11500,True,4.067998886108398,4.0412750000000415
dense,8,3008,free,gaussian,1,om_ka,0.3376686115773762,0.4,-15.582847105655938,-185.2573001973943,1154.3804909355713,11500,True,4.067998886108398,4.0412750000000415
dense,8,3008,free,gaussian,1,sigma,0.2168612689147677,0.2,8.430634457383844,-185.2573001973943,1154.3804909355713,11500,True,4.067998886108398,4.0412750000000415
dense,8,3008,free,gaussian,8,CL,3.1359150388001913,3.0,4.53050129333971,-178.9229795449043,1549.6122469174916,13250,True,6.736550092697144,6.690287000000012
dense,8,3008,free,gaussian,8,V,29.673826378198815,30.0,-1.0872454060039516,-178.9229795449043,1549.6122469174916,13250,True,6.736550092697144,6.690287000000012
dense,8,3008,free,gaussian,8,ka,1.125219943933696,1.2,-6.231671338858658,-178.9229795449043,1549.6122469174916,13250,True,6.736550092697144,6.690287000000012
dense,8,3008,free,gaussian,8,om_CL,0.3001833378237614,0.3,0.0611126079204845,-178.9229795449043,1549.6122469174916,13250,True,6.736550092697144,6.690287000000012
dense,8,3008,free,gaussian,8,om_V,0.179478563449501,0.2,-10.260718275249475,-178.9229795449043,1549.6122469174916,13250,True,6.736550092697144,6.690287000000012
dense,8,3008,free,gaussian,8,om_ka,0.3747260474676051,0.4,-6.318488133098737,-178.9229795449043,1549.6122469174916,13250,True,6.736550092697144,6.690287000000012
dense,8,3008,free,gaussian,8,sigma,0.1984960000212678,0.2,-0.7519999893660645,-178.9229795449043,1549.6122469174916,13250,True,6.736550092697144,6.690287000000012
dense,8,3008,free,gaussian,64,CL,2.9828231766766353,3.0,-0.5725607774454892,-178.22069787044893,1684.2992112477918,4250,True,7.233844041824341,7.18950099999995
dense,8,3008,free,gaussian,64,V,30.212024732033573,30.0,0.7067491067785762,-178.22069787044893,1684.2992112477918,4250,True,7.233844041824341,7.18950099999995
dense,8,3008,free,gaussian,64,ka,1.1143867436818926,1.2,-7.134438026508946,-178.22069787044893,1684.2992112477918,4250,True,7.233844041824341,7.18950099999995
dense,8,3008,free,gaussian,64,om_CL,0.2985009977248973,0.3,-0.49966742503423,-178.22069787044893,1684.2992112477918,4250,True,7.233844041824341,7.18950099999995
dense,8,3008,free,gaussian,64,om_V,0.1831533235605812,0.2,-8.423338219709406,-178.22069787044893,1684.2992112477918,4250,True,7.233844041824341,7.18950099999995
dense,8,3008,free,gaussian,64,om_ka,0.3898243112993712,0.4,-2.5439221751571983,-178.22069787044893,1684.2992112477918,4250,True,7.233844041824341,7.18950099999995
dense,8,3008,free,gaussian,64,sigma,0.1997728631691141,0.2,-0.1135684154429522,-178.22069787044893,1684.2992112477918,4250,True,7.233844041824341,7.18950099999995
dense,8,3008,amortized,gaussian,1,CL,3.0948741256270327,3.0,3.162470854234422,-196.82200502903703,1057.7432546314824,17250,True,9.276519060134888,9.216228
dense,8,3008,amortized,gaussian,1,V,29.832298502597173,30.0,-0.5590049913427583,-196.82200502903703,1057.7432546314824,17250,True,9.276519060134888,9.216228
dense,8,3008,amortized,gaussian,1,ka,1.1440707032061517,1.2,-4.660774732820709,-196.82200502903703,1057.7432546314824,17250,True,9.276519060134888,9.216228
dense,8,3008,amortized,gaussian,1,om_CL,0.3041520811624502,0.3,1.3840270541500648,-196.82200502903703,1057.7432546314824,17250,True,9.276519060134888,9.216228
dense,8,3008,amortized,gaussian,1,om_V,0.1027382286371045,0.2,-48.6308856814477,-196.82200502903703,1057.7432546314824,17250,True,9.276519060134888,9.216228
dense,8,3008,amortized,gaussian,1,om_ka,0.3813862830896354,0.4,-4.653429227591155,-196.82200502903703,1057.7432546314824,17250,True,9.276519060134888,9.216228
dense,8,3008,amortized,gaussian,1,sigma,0.231942570444758,0.2,15.971285222379006,-196.82200502903703,1057.7432546314824,17250,True,9.276519060134888,9.216228
dense,8,3008,amortized,gaussian,8,CL,3.0338173418544305,3.0,1.1272447284810176,-178.0498623780856,1676.3329053724956,23500,True,16.091248750686646,15.95401000000004
dense,8,3008,amortized,gaussian,8,V,30.141707671259272,30.0,0.4723589041975747,-178.0498623780856,1676.3329053724956,23500,True,16.091248750686646,15.95401000000004
dense,8,3008,amortized,gaussian,8,ka,1.120257680228764,1.2,-6.64519331426966,-178.0498623780856,1676.3329053724956,23500,True,16.091248750686646,15.95401000000004
dense,8,3008,amortized,gaussian,8,om_CL,0.3051875234688935,0.3,1.7291744896311876,-178.0498623780856,1676.3329053724956,23500,True,16.091248750686646,15.95401000000004
dense,8,3008,amortized,gaussian,8,om_V,0.1701714104338589,0.2,-14.914294783070533,-178.0498623780856,1676.3329053724956,23500,True,16.091248750686646,15.95401000000004
dense,8,3008,amortized,gaussian,8,om_ka,0.3800861760693396,0.4,-4.978455982665109,-178.0498623780856,1676.3329053724956,23500,True,16.091248750686646,15.95401000000004
dense,8,3008,amortized,gaussian,8,sigma,0.2014524639002023,0.2,0.726231950101186,-178.0498623780856,1676.3329053724956,23500,True,16.091248750686646,15.95401000000004
dense,8,3008,amortized,gaussian,64,CL,3.0313695293138205,3.0,1.045650977127351,-177.85012240168726,1824.8900517363793,18000,True,33.507264137268066,33.35811699999999
dense,8,3008,amortized,gaussian,64,V,29.854677573030305,30.0,-0.4844080898989844,-177.85012240168726,1824.8900517363793,18000,True,33.507264137268066,33.35811699999999
dense,8,3008,amortized,gaussian,64,ka,1.1325012907954233,1.2,-5.624892433714724,-177.85012240168726,1824.8900517363793,18000,True,33.507264137268066,33.35811699999999
dense,8,3008,amortized,gaussian,64,om_CL,0.2997198810219293,0.3,-0.0933729926902068,-177.85012240168726,1824.8900517363793,18000,True,33.507264137268066,33.35811699999999
dense,8,3008,amortized,gaussian,64,om_V,0.1913591185861794,0.2,-4.320440706910302,-177.85012240168726,1824.8900517363793,18000,True,33.507264137268066,33.35811699999999
dense,8,3008,amortized,gaussian,64,om_ka,0.3755692988687948,0.4,-6.107675282801304,-177.85012240168726,1824.8900517363793,18000,True,33.507264137268066,33.35811699999999
dense,8,3008,amortized,gaussian,64,sigma,0.1975990614934803,0.2,-1.200469253259839,-177.85012240168726,1824.8900517363793,18000,True,33.507264137268066,33.35811699999999
dense,9,3009,free,gaussian,1,CL,3.10567267428966,3.0,3.522422476321996,-165.55869778424517,1107.4217461214823,16500,True,5.605053901672363,5.5839520000000675
dense,9,3009,free,gaussian,1,V,30.981060121900473,30.0,3.27020040633491,-165.55869778424517,1107.4217461214823,16500,True,5.605053901672363,5.5839520000000675
dense,9,3009,free,gaussian,1,ka,1.266732932840568,1.2,5.561077736713993,-165.55869778424517,1107.4217461214823,16500,True,5.605053901672363,5.5839520000000675
dense,9,3009,free,gaussian,1,om_CL,0.2914728221424273,0.3,-2.842392619190892,-165.55869778424517,1107.4217461214823,16500,True,5.605053901672363,5.5839520000000675
dense,9,3009,free,gaussian,1,om_V,0.1851400690577669,0.2,-7.429965471116559,-165.55869778424517,1107.4217461214823,16500,True,5.605053901672363,5.5839520000000675
dense,9,3009,free,gaussian,1,om_ka,0.2636518752069439,0.4,-34.08703119826402,-165.55869778424517,1107.4217461214823,16500,True,5.605053901672363,5.5839520000000675
dense,9,3009,free,gaussian,1,sigma,0.212499480986361,0.2,6.249740493180513,-165.55869778424517,1107.4217461214823,16500,True,5.605053901672363,5.5839520000000675
dense,9,3009,free,gaussian,8,CL,3.1627039367806296,3.0,5.4234645593543185,-161.68490281681224,1595.0302790128108,4500,True,2.247390031814575,2.238008000000036
dense,9,3009,free,gaussian,8,V,30.195360485710182,30.0,0.6512016190339409,-161.68490281681224,1595.0302790128108,4500,True,2.247390031814575,2.238008000000036
dense,9,3009,free,gaussian,8,ka,1.2522339036910717,1.2,4.352825307589311,-161.68490281681224,1595.0302790128108,4500,True,2.247390031814575,2.238008000000036
dense,9,3009,free,gaussian,8,om_CL,0.2996002923254448,0.3,-0.1332358915184054,-161.68490281681224,1595.0302790128108,4500,True,2.247390031814575,2.238008000000036
dense,9,3009,free,gaussian,8,om_V,0.1950029553559696,0.2,-2.4985223220151953,-161.68490281681224,1595.0302790128108,4500,True,2.247390031814575,2.238008000000036
dense,9,3009,free,gaussian,8,om_ka,0.3371430003468122,0.4,-15.714249913296936,-161.68490281681224,1595.0302790128108,4500,True,2.247390031814575,2.238008000000036
dense,9,3009,free,gaussian,8,sigma,0.196150293497936,0.2,-1.924853251031991,-161.68490281681224,1595.0302790128108,4500,True,2.247390031814575,2.238008000000036
dense,9,3009,free,gaussian,64,CL,3.1392246594143485,3.0,4.640821980478282,-161.3011529258307,1835.2165378733907,7250,True,11.938676118850708,11.842092000000092
dense,9,3009,free,gaussian,64,V,30.566572437256237,30.0,1.8885747908541244,-161.3011529258307,1835.2165378733907,7250,True,11.938676118850708,11.842092000000092
dense,9,3009,free,gaussian,64,ka,1.2545633270073189,1.2,4.5469439172765584,-161.3011529258307,1835.2165378733907,7250,True,11.938676118850708,11.842092000000092
dense,9,3009,free,gaussian,64,om_CL,0.2946000572108688,0.3,-1.7999809297103802,-161.3011529258307,1835.2165378733907,7250,True,11.938676118850708,11.842092000000092
dense,9,3009,free,gaussian,64,om_V,0.1980204703162277,0.2,-0.9897648418861482,-161.3011529258307,1835.2165378733907,7250,True,11.938676118850708,11.842092000000092
dense,9,3009,free,gaussian,64,om_ka,0.3539461202965933,0.4,-11.513469925851684,-161.3011529258307,1835.2165378733907,7250,True,11.938676118850708,11.842092000000092
dense,9,3009,free,gaussian,64,sigma,0.1959748082150664,0.2,-2.012595892466787,-161.3011529258307,1835.2165378733907,7250,True,11.938676118850708,11.842092000000092
dense,9,3009,amortized,gaussian,1,CL,2.948173567035289,3.0,-1.7275477654903633,-180.00444871878085,1586.873166473605,22000,True,12.551249027252195,11.37952699999994
dense,9,3009,amortized,gaussian,1,V,30.41494553237398,30.0,1.383151774579936,-180.00444871878085,1586.873166473605,22000,True,12.551249027252195,11.37952699999994
dense,9,3009,amortized,gaussian,1,ka,1.2995711088363178,1.2,8.297592403026485,-180.00444871878085,1586.873166473605,22000,True,12.551249027252195,11.37952699999994
dense,9,3009,amortized,gaussian,1,om_CL,0.2973158649139978,0.3,-0.8947116953340422,-180.00444871878085,1586.873166473605,22000,True,12.551249027252195,11.37952699999994
dense,9,3009,amortized,gaussian,1,om_V,0.1771498429410988,0.2,-11.425078529450584,-180.00444871878085,1586.873166473605,22000,True,12.551249027252195,11.37952699999994
dense,9,3009,amortized,gaussian,1,om_ka,0.2313205860409821,0.4,-42.16985348975446,-180.00444871878085,1586.873166473605,22000,True,12.551249027252195,11.37952699999994
dense,9,3009,amortized,gaussian,1,sigma,0.2315691351626252,0.2,15.784567581312622,-180.00444871878085,1586.873166473605,22000,True,12.551249027252195,11.37952699999994
dense,9,3009,amortized,gaussian,8,CL,3.070408778357178,3.0,2.346959278572595,-161.95141590270475,1549.035516360285,21000,True,14.224241971969604,14.17095699999993
dense,9,3009,amortized,gaussian,8,V,30.674859870656014,30.0,2.249532902186727,-161.95141590270475,1549.035516360285,21000,True,14.224241971969604,14.17095699999993
dense,9,3009,amortized,gaussian,8,ka,1.2033925119734594,1.2,0.2827093311216222,-161.95141590270475,1549.035516360285,21000,True,14.224241971969604,14.17095699999993
dense,9,3009,amortized,gaussian,8,om_CL,0.2992761430960355,0.3,-0.2412856346548272,-161.95141590270475,1549.035516360285,21000,True,14.224241971969604,14.17095699999993
dense,9,3009,amortized,gaussian,8,om_V,0.1912174264016571,0.2,-4.391286799171431,-161.95141590270475,1549.035516360285,21000,True,14.224241971969604,14.17095699999993
dense,9,3009,amortized,gaussian,8,om_ka,0.3667399331148036,0.4,-8.315016721299111,-161.95141590270475,1549.035516360285,21000,True,14.224241971969604,14.17095699999993
dense,9,3009,amortized,gaussian,8,sigma,0.1946863587610136,0.2,-2.656820619493197,-161.95141590270475,1549.035516360285,21000,True,14.224241971969604,14.17095699999993
dense,9,3009,amortized,gaussian,64,CL,3.1098495900845955,3.0,3.66165300281985,-161.27132469378546,1906.5765141262484,5250,True,9.930636882781982,9.88091499999996
dense,9,3009,amortized,gaussian,64,V,29.98416870412326,30.0,-0.0527709862558012,-161.27132469378546,1906.5765141262484,5250,True,9.930636882781982,9.88091499999996
dense,9,3009,amortized,gaussian,64,ka,1.2187633587333866,1.2,1.56361322778222,-161.27132469378546,1906.5765141262484,5250,True,9.930636882781982,9.88091499999996
dense,9,3009,amortized,gaussian,64,om_CL,0.2973393860666654,0.3,-0.8868713111115367,-161.27132469378546,1906.5765141262484,5250,True,9.930636882781982,9.88091499999996
dense,9,3009,amortized,gaussian,64,om_V,0.197516537634091,0.2,-1.2417311829545086,-161.27132469378546,1906.5765141262484,5250,True,9.930636882781982,9.88091499999996
dense,9,3009,amortized,gaussian,64,om_ka,0.3640873271912786,0.4,-8.978168202180349,-161.27132469378546,1906.5765141262484,5250,True,9.930636882781982,9.88091499999996
dense,9,3009,amortized,gaussian,64,sigma,0.1924415164436989,0.2,-3.7792417781505327,-161.27132469378546,1906.5765141262484,5250,True,9.930636882781982,9.88091499999996
dense,10,3010,free,gaussian,1,CL,3.124881092671226,3.0,4.1627030890408685,-218.5602882547956,3121.6573638458967,12750,True,4.3504369258880615,4.334291000000007
dense,10,3010,free,gaussian,1,V,31.41141487523562,30.0,4.704716250785405,-218.5602882547956,3121.6573638458967,12750,True,4.3504369258880615,4.334291000000007
dense,10,3010,free,gaussian,1,ka,1.2332128534094158,1.2,2.767737784117985,-218.5602882547956,3121.6573638458967,12750,True,4.3504369258880615,4.334291000000007
dense,10,3010,free,gaussian,1,om_CL,0.310994757543108,0.3,3.664919181036008,-218.5602882547956,3121.6573638458967,12750,True,4.3504369258880615,4.334291000000007
dense,10,3010,free,gaussian,1,om_V,0.0458468787655729,0.2,-77.07656061721352,-218.5602882547956,3121.6573638458967,12750,True,4.3504369258880615,4.334291000000007
dense,10,3010,free,gaussian,1,om_ka,0.4925329406252582,0.4,23.13323515631456,-218.5602882547956,3121.6573638458967,12750,True,4.3504369258880615,4.334291000000007
dense,10,3010,free,gaussian,1,sigma,0.2328995802524619,0.2,16.44979012623096,-218.5602882547956,3121.6573638458967,12750,True,4.3504369258880615,4.334291000000007
dense,10,3010,free,gaussian,8,CL,3.0809151809123527,3.0,2.697172697078424,-198.0775572823156,1923.3570733265155,8500,True,4.196776866912842,4.180891999999972
dense,10,3010,free,gaussian,8,V,31.580254297927677,30.0,5.267514326425592,-198.0775572823156,1923.3570733265155,8500,True,4.196776866912842,4.180891999999972
dense,10,3010,free,gaussian,8,ka,1.250124240490227,1.2,4.177020040852261,-198.0775572823156,1923.3570733265155,8500,True,4.196776866912842,4.180891999999972
dense,10,3010,free,gaussian,8,om_CL,0.3069865870090728,0.3,2.328862336357614,-198.0775572823156,1923.3570733265155,8500,True,4.196776866912842,4.180891999999972
dense,10,3010,free,gaussian,8,om_V,0.1608111723835099,0.2,-19.594413808245044,-198.0775572823156,1923.3570733265155,8500,True,4.196776866912842,4.180891999999972
dense,10,3010,free,gaussian,8,om_ka,0.4272234709724337,0.4,6.805867743108429,-198.0775572823156,1923.3570733265155,8500,True,4.196776866912842,4.180891999999972
dense,10,3010,free,gaussian,8,sigma,0.2077499786521098,0.2,3.874989326054928,-198.0775572823156,1923.3570733265155,8500,True,4.196776866912842,4.180891999999972
dense,10,3010,free,gaussian,64,CL,3.0775404258748753,3.0,2.5846808624958437,-197.78764568111717,2027.8304911802584,7250,True,309.9087266921997,11.502025000000003
dense,10,3010,free,gaussian,64,V,31.807731527723952,30.0,6.0257717590798405,-197.78764568111717,2027.8304911802584,7250,True,309.9087266921997,11.502025000000003
dense,10,3010,free,gaussian,64,ka,1.246707547976322,1.2,3.892295664693513,-197.78764568111717,2027.8304911802584,7250,True,309.9087266921997,11.502025000000003
dense,10,3010,free,gaussian,64,om_CL,0.3166732378099072,0.3,5.557745936635754,-197.78764568111717,2027.8304911802584,7250,True,309.9087266921997,11.502025000000003
dense,10,3010,free,gaussian,64,om_V,0.1701501466636533,0.2,-14.924926668173311,-197.78764568111717,2027.8304911802584,7250,True,309.9087266921997,11.502025000000003
dense,10,3010,free,gaussian,64,om_ka,0.4326231394188433,0.4,8.155784854710815,-197.78764568111717,2027.8304911802584,7250,True,309.9087266921997,11.502025000000003
dense,10,3010,free,gaussian,64,sigma,0.2070890867688286,0.2,3.544543384414317,-197.78764568111717,2027.8304911802584,7250,True,309.9087266921997,11.502025000000003
dense,10,3010,amortized,gaussian,1,CL,3.060249185012274,3.0,2.0083061670758053,-222.34671487607957,3746.4842725134176,22750,True,12.135772943496704,11.648702999999957
dense,10,3010,amortized,gaussian,1,V,31.03373370357971,30.0,3.445779011932366,-222.34671487607957,3746.4842725134176,22750,True,12.135772943496704,11.648702999999957
dense,10,3010,amortized,gaussian,1,ka,1.2175820262590102,1.2,1.465168854917524,-222.34671487607957,3746.4842725134176,22750,True,12.135772943496704,11.648702999999957
dense,10,3010,amortized,gaussian,1,om_CL,0.3103911478062336,0.3,3.4637159354112086,-222.34671487607957,3746.4842725134176,22750,True,12.135772943496704,11.648702999999957
dense,10,3010,amortized,gaussian,1,om_V,0.0136117027010286,0.2,-93.1941486494857,-222.34671487607957,3746.4842725134176,22750,True,12.135772943496704,11.648702999999957
dense,10,3010,amortized,gaussian,1,om_ka,0.5107073157182519,0.4,27.67682892956297,-222.34671487607957,3746.4842725134176,22750,True,12.135772943496704,11.648702999999957
dense,10,3010,amortized,gaussian,1,sigma,0.2349164340051998,0.2,17.458217002599905,-222.34671487607957,3746.4842725134176,22750,True,12.135772943496704,11.648702999999957
dense,10,3010,amortized,gaussian,8,CL,3.126766366803952,3.0,4.225545560131734,-199.00503023014085,1715.2328085204786,10500,True,6.876266956329346,6.849739999999997
dense,10,3010,amortized,gaussian,8,V,31.680236603293334,30.0,5.600788677644459,-199.00503023014085,1715.2328085204786,10500,True,6.876266956329346,6.849739999999997
dense,10,3010,amortized,gaussian,8,ka,1.244724462508328,1.2,3.727038542360672,-199.00503023014085,1715.2328085204786,10500,True,6.876266956329346,6.849739999999997
dense,10,3010,amortized,gaussian,8,om_CL,0.320256697224184,0.3,6.752232408061349,-199.00503023014085,1715.2328085204786,10500,True,6.876266956329346,6.849739999999997
dense,10,3010,amortized,gaussian,8,om_V,0.1515360158427685,0.2,-24.23199207861576,-199.00503023014085,1715.2328085204786,10500,True,6.876266956329346,6.849739999999997
dense,10,3010,amortized,gaussian,8,om_ka,0.4180940466379106,0.4,4.523511659477661,-199.00503023014085,1715.2328085204786,10500,True,6.876266956329346,6.849739999999997
dense,10,3010,amortized,gaussian,8,sigma,0.2074282152204208,0.2,3.714107610210404,-199.00503023014085,1715.2328085204786,10500,True,6.876266956329346,6.849739999999997
dense,10,3010,amortized,gaussian,64,CL,3.089584221800457,3.0,2.9861407266819,-198.3912820614763,1908.6056341912936,19250,True,332.94204020500183,34.754053
dense,10,3010,amortized,gaussian,64,V,31.699365475428745,30.0,5.6645515847624734,-198.3912820614763,1908.6056341912936,19250,True,332.94204020500183,34.754053
dense,10,3010,amortized,gaussian,64,ka,1.2916763338652837,1.2,7.639694488773644,-198.3912820614763,1908.6056341912936,19250,True,332.94204020500183,34.754053
dense,10,3010,amortized,gaussian,64,om_CL,0.3222843754190229,0.3,7.428125139674317,-198.3912820614763,1908.6056341912936,19250,True,332.94204020500183,34.754053
dense,10,3010,amortized,gaussian,64,om_V,0.1733574637275234,0.2,-13.321268136238269,-198.3912820614763,1908.6056341912936,19250,True,332.94204020500183,34.754053
dense,10,3010,amortized,gaussian,64,om_ka,0.4341017311930225,0.4,8.525432798255627,-198.3912820614763,1908.6056341912936,19250,True,332.94204020500183,34.754053
dense,10,3010,amortized,gaussian,64,sigma,0.2082702419223846,0.2,4.135120961192312,-198.3912820614763,1908.6056341912936,19250,True,332.94204020500183,34.754053
dense,11,3011,free,gaussian,1,CL,3.0873756912199934,3.0,2.912523040666448,-196.303378215324,1226.1600049671592,8750,True,2.820729970932007,2.802881999999954
dense,11,3011,free,gaussian,1,V,29.86680398220136,30.0,-0.4439867259954748,-196.303378215324,1226.1600049671592,8750,True,2.820729970932007,2.802881999999954
dense,11,3011,free,gaussian,1,ka,1.199930901614925,1.2,-0.005758198756219,-196.303378215324,1226.1600049671592,8750,True,2.820729970932007,2.802881999999954
dense,11,3011,free,gaussian,1,om_CL,0.2814668487986984,0.3,-6.177717067100519,-196.303378215324,1226.1600049671592,8750,True,2.820729970932007,2.802881999999954
dense,11,3011,free,gaussian,1,om_V,0.151363150283605,0.2,-24.31842485819749,-196.303378215324,1226.1600049671592,8750,True,2.820729970932007,2.802881999999954
dense,11,3011,free,gaussian,1,om_ka,0.3633672689963153,0.4,-9.158182750921188,-196.303378215324,1226.1600049671592,8750,True,2.820729970932007,2.802881999999954
dense,11,3011,free,gaussian,1,sigma,0.219037872460456,0.2,9.518936230228036,-196.303378215324,1226.1600049671592,8750,True,2.820729970932007,2.802881999999954
dense,11,3011,free,gaussian,8,CL,3.0933696056283715,3.0,3.112320187612383,-190.58610405434092,1705.13956274274,9000,True,4.158334016799927,4.142624999999953
dense,11,3011,free,gaussian,8,V,29.641728296250335,30.0,-1.194239012498883,-190.58610405434092,1705.13956274274,9000,True,4.158334016799927,4.142624999999953
dense,11,3011,free,gaussian,8,ka,1.1718813687480634,1.2,-2.343219270994716,-190.58610405434092,1705.13956274274,9000,True,4.158334016799927,4.142624999999953
dense,11,3011,free,gaussian,8,om_CL,0.2798505176093361,0.3,-6.716494130221295,-190.58610405434092,1705.13956274274,9000,True,4.158334016799927,4.142624999999953
dense,11,3011,free,gaussian,8,om_V,0.1712337982960566,0.2,-14.383100851971696,-190.58610405434092,1705.13956274274,9000,True,4.158334016799927,4.142624999999953
dense,11,3011,free,gaussian,8,om_ka,0.401698002078858,0.4,0.424500519714488,-190.58610405434092,1705.13956274274,9000,True,4.158334016799927,4.142624999999953
dense,11,3011,free,gaussian,8,sigma,0.2064057221581773,0.2,3.202861079088654,-190.58610405434092,1705.13956274274,9000,True,4.158334016799927,4.142624999999953
dense,11,3011,free,gaussian,64,CL,3.10572505147463,3.0,3.5241683824876655,-191.24450187448895,1833.2530131530757,2000,True,3.1893699169158936,3.1739129999999705
dense,11,3011,free,gaussian,64,V,29.4703391557743,30.0,-1.7655361474189963,-191.24450187448895,1833.2530131530757,2000,True,3.1893699169158936,3.1739129999999705
dense,11,3011,free,gaussian,64,ka,1.1863376361357714,1.2,-1.138530322019049,-191.24450187448895,1833.2530131530757,2000,True,3.1893699169158936,3.1739129999999705
dense,11,3011,free,gaussian,64,om_CL,0.2858271778223684,0.3,-4.7242740592105354,-191.24450187448895,1833.2530131530757,2000,True,3.1893699169158936,3.1739129999999705
dense,11,3011,free,gaussian,64,om_V,0.1843568292676005,0.2,-7.821585366199743,-191.24450187448895,1833.2530131530757,2000,True,3.1893699169158936,3.1739129999999705
dense,11,3011,free,gaussian,64,om_ka,0.4099845165835148,0.4,2.4961291458787116,-191.24450187448895,1833.2530131530757,2000,True,3.1893699169158936,3.1739129999999705
dense,11,3011,free,gaussian,64,sigma,0.2049216583889422,0.2,2.460829194471131,-191.24450187448895,1833.2530131530757,2000,True,3.1893699169158936,3.1739129999999705
dense,11,3011,amortized,gaussian,1,CL,2.9664146081704685,3.0,-1.1195130609843822,-203.3812048466224,1490.6712294054416,24250,True,12.231480121612549,12.162776000000008
dense,11,3011,amortized,gaussian,1,V,30.01526466914089,30.0,0.0508822304696347,-203.3812048466224,1490.6712294054416,24250,True,12.231480121612549,12.162776000000008
dense,11,3011,amortized,gaussian,1,ka,1.2047430083207329,1.2,0.3952506933943926,-203.3812048466224,1490.6712294054416,24250,True,12.231480121612549,12.162776000000008
dense,11,3011,amortized,gaussian,1,om_CL,0.2954241834334525,0.3,-1.5252721888491436,-203.3812048466224,1490.6712294054416,24250,True,12.231480121612549,12.162776000000008
dense,11,3011,amortized,gaussian,1,om_V,0.1142696659898387,0.2,-42.865167005080615,-203.3812048466224,1490.6712294054416,24250,True,12.231480121612549,12.162776000000008
dense,11,3011,amortized,gaussian,1,om_ka,0.4325224852781499,0.4,8.130621319537484,-203.3812048466224,1490.6712294054416,24250,True,12.231480121612549,12.162776000000008
dense,11,3011,amortized,gaussian,1,sigma,0.2337928034452181,0.2,16.89640172260906,-203.3812048466224,1490.6712294054416,24250,True,12.231480121612549,12.162776000000008
dense,11,3011,amortized,gaussian,8,CL,2.8523032595279556,3.0,-4.92322468240148,-193.4724643105646,1800.709151990885,18250,True,656.4649169445038,12.143197999999984
dense,11,3011,amortized,gaussian,8,V,30.09800107775338,30.0,0.3266702591779354,-193.4724643105646,1800.709151990885,18250,True,656.4649169445038,12.143197999999984
dense,11,3011,amortized,gaussian,8,ka,1.2252206273926391,1.2,2.1017189493865995,-193.4724643105646,1800.709151990885,18250,True,656.4649169445038,12.143197999999984
dense,11,3011,amortized,gaussian,8,om_CL,0.2961755018610669,0.3,-1.274832712977699,-193.4724643105646,1800.709151990885,18250,True,656.4649169445038,12.143197999999984
dense,11,3011,amortized,gaussian,8,om_V,0.1762654270131371,0.2,-11.867286493431424,-193.4724643105646,1800.709151990885,18250,True,656.4649169445038,12.143197999999984
dense,11,3011,amortized,gaussian,8,om_ka,0.3886631337251502,0.4,-2.8342165687124385,-193.4724643105646,1800.709151990885,18250,True,656.4649169445038,12.143197999999984
dense,11,3011,amortized,gaussian,8,sigma,0.2082293412155408,0.2,4.11467060777039,-193.4724643105646,1800.709151990885,18250,True,656.4649169445038,12.143197999999984
dense,11,3011,amortized,gaussian,64,CL,3.002838018193588,3.0,0.0946006064529362,-190.5413790048237,1938.7879971650425,21250,True,42.72345590591431,41.39365099999998
dense,11,3011,amortized,gaussian,64,V,29.39939142726211,30.0,-2.0020285757929677,-190.5413790048237,1938.7879971650425,21250,True,42.72345590591431,41.39365099999998
dense,11,3011,amortized,gaussian,64,ka,1.1845623792159914,1.2,-1.2864683986673806,-190.5413790048237,1938.7879971650425,21250,True,42.72345590591431,41.39365099999998
dense,11,3011,amortized,gaussian,64,om_CL,0.2823185905225464,0.3,-5.893803159151187,-190.5413790048237,1938.7879971650425,21250,True,42.72345590591431,41.39365099999998
dense,11,3011,amortized,gaussian,64,om_V,0.1897496191733196,0.2,-5.125190413340183,-190.5413790048237,1938.7879971650425,21250,True,42.72345590591431,41.39365099999998
dense,11,3011,amortized,gaussian,64,om_ka,0.4018760471212935,0.4,0.4690117803233806,-190.5413790048237,1938.7879971650425,21250,True,42.72345590591431,41.39365099999998
dense,11,3011,amortized,gaussian,64,sigma,0.2086089121282108,0.2,4.304456064105399,-190.5413790048237,1938.7879971650425,21250,True,42.72345590591431,41.39365099999998
dense,12,3012,free,gaussian,1,CL,3.0230759049033336,3.0,0.7691968301111185,-152.57681190439328,1078.5931789598171,11500,True,4.026795148849487,3.993880999999987
dense,12,3012,free,gaussian,1,V,30.1878067708046,30.0,0.6260225693486632,-152.57681190439328,1078.5931789598171,11500,True,4.026795148849487,3.993880999999987
dense,12,3012,free,gaussian,1,ka,1.216426513128712,1.2,1.3688760940593347,-152.57681190439328,1078.5931789598171,11500,True,4.026795148849487,3.993880999999987
dense,12,3012,free,gaussian,1,om_CL,0.3007311585864231,0.3,0.2437195288077139,-152.57681190439328,1078.5931789598171,11500,True,4.026795148849487,3.993880999999987
dense,12,3012,free,gaussian,1,om_V,0.1558268181575973,0.2,-22.08659092120134,-152.57681190439328,1078.5931789598171,11500,True,4.026795148849487,3.993880999999987
dense,12,3012,free,gaussian,1,om_ka,0.3230533519847183,0.4,-19.236662003820417,-152.57681190439328,1078.5931789598171,11500,True,4.026795148849487,3.993880999999987
dense,12,3012,free,gaussian,1,sigma,0.2081862034439892,0.2,4.093101721994604,-152.57681190439328,1078.5931789598171,11500,True,4.026795148849487,3.993880999999987
dense,12,3012,free,gaussian,8,CL,2.9927680509635692,3.0,-0.2410649678810254,-147.26350345534138,1731.4884702068064,8000,True,4.08719277381897,4.057245999999964
dense,12,3012,free,gaussian,8,V,30.24859671798824,30.0,0.8286557266274622,-147.26350345534138,1731.4884702068064,8000,True,4.08719277381897,4.057245999999964
dense,12,3012,free,gaussian,8,ka,1.195223620201064,1.2,-0.3980316499113309,-147.26350345534138,1731.4884702068064,8000,True,4.08719277381897,4.057245999999964
dense,12,3012,free,gaussian,8,om_CL,0.2988676009039385,0.3,-0.3774663653538143,-147.26350345534138,1731.4884702068064,8000,True,4.08719277381897,4.057245999999964
dense,12,3012,free,gaussian,8,om_V,0.1718271203295802,0.2,-14.086439835209909,-147.26350345534138,1731.4884702068064,8000,True,4.08719277381897,4.057245999999964
dense,12,3012,free,gaussian,8,om_ka,0.3686437961119403,0.4,-7.839050972014927,-147.26350345534138,1731.4884702068064,8000,True,4.08719277381897,4.057245999999964
dense,12,3012,free,gaussian,8,sigma,0.18958789249891,0.2,-5.206053750544975,-147.26350345534138,1731.4884702068064,8000,True,4.08719277381897,4.057245999999964
dense,12,3012,free,gaussian,64,CL,2.9532795481678957,3.0,-1.5573483944034756,-146.83609832507273,1925.3717335720423,6750,True,11.836636781692505,11.660367999999949
dense,12,3012,free,gaussian,64,V,29.77814513281342,30.0,-0.7395162239552633,-146.83609832507273,1925.3717335720423,6750,True,11.836636781692505,11.660367999999949
dense,12,3012,free,gaussian,64,ka,1.2211811566540642,1.2,1.7650963878386905,-146.83609832507273,1925.3717335720423,6750,True,11.836636781692505,11.660367999999949
dense,12,3012,free,gaussian,64,om_CL,0.2994688818149297,0.3,-0.1770393950234298,-146.83609832507273,1925.3717335720423,6750,True,11.836636781692505,11.660367999999949
dense,12,3012,free,gaussian,64,om_V,0.1834486178731157,0.2,-8.275691063442142,-146.83609832507273,1925.3717335720423,6750,True,11.836636781692505,11.660367999999949
dense,12,3012,free,gaussian,64,om_ka,0.3730943312060332,0.4,-6.726417198491707,-146.83609832507273,1925.3717335720423,6750,True,11.836636781692505,11.660367999999949
dense,12,3012,free,gaussian,64,sigma,0.1878607815685413,0.2,-6.069609215729312,-146.83609832507273,1925.3717335720423,6750,True,11.836636781692505,11.660367999999949
dense,12,3012,amortized,gaussian,1,CL,2.9569414557805813,3.0,-1.435284807313956,-153.2417252750117,1214.554486553279,14500,True,7.767366886138916,7.717241999999942
dense,12,3012,amortized,gaussian,1,V,29.880549482856253,30.0,-0.3981683904791566,-153.2417252750117,1214.554486553279,14500,True,7.767366886138916,7.717241999999942
dense,12,3012,amortized,gaussian,1,ka,1.2263150212591043,1.2,2.1929184382586953,-153.2417252750117,1214.554486553279,14500,True,7.767366886138916,7.717241999999942
dense,12,3012,amortized,gaussian,1,om_CL,0.2904406486654622,0.3,-3.1864504448459083,-153.2417252750117,1214.554486553279,14500,True,7.767366886138916,7.717241999999942
dense,12,3012,amortized,gaussian,1,om_V,0.1512131712151137,0.2,-24.393414392443148,-153.2417252750117,1214.554486553279,14500,True,7.767366886138916,7.717241999999942
dense,12,3012,amortized,gaussian,1,om_ka,0.3149636105216621,0.4,-21.259097369584463,-153.2417252750117,1214.554486553279,14500,True,7.767366886138916,7.717241999999942
dense,12,3012,amortized,gaussian,1,sigma,0.2063086107129422,0.2,3.1543053564711263,-153.2417252750117,1214.554486553279,14500,True,7.767366886138916,7.717241999999942
dense,12,3012,amortized,gaussian,8,CL,2.9523746480240605,3.0,-1.5875117325313175,-147.3627567076162,1700.9683941020414,21750,True,15.580260276794434,15.357192000000056
dense,12,3012,amortized,gaussian,8,V,29.591912699429695,30.0,-1.3602910019010157,-147.3627567076162,1700.9683941020414,21750,True,15.580260276794434,15.357192000000056
dense,12,3012,amortized,gaussian,8,ka,1.1968302696412845,1.2,-0.2641441965596236,-147.3627567076162,1700.9683941020414,21750,True,15.580260276794434,15.357192000000056
dense,12,3012,amortized,gaussian,8,om_CL,0.2915732517561891,0.3,-2.8089160812702816,-147.3627567076162,1700.9683941020414,21750,True,15.580260276794434,15.357192000000056
dense,12,3012,amortized,gaussian,8,om_V,0.1785729349082503,0.2,-10.713532545874855,-147.3627567076162,1700.9683941020414,21750,True,15.580260276794434,15.357192000000056
dense,12,3012,amortized,gaussian,8,om_ka,0.3484780029509116,0.4,-12.880499262272108,-147.3627567076162,1700.9683941020414,21750,True,15.580260276794434,15.357192000000056
dense,12,3012,amortized,gaussian,8,sigma,0.1935517912574955,0.2,-3.224104371252257,-147.3627567076162,1700.9683941020414,21750,True,15.580260276794434,15.357192000000056
dense,12,3012,amortized,gaussian,64,CL,2.9826340570336423,3.0,-0.578864765545258,-146.87034302271454,1959.6743798560776,24500,True,48.632192850112915,48.22076800000002
dense,12,3012,amortized,gaussian,64,V,29.418547442866853,30.0,-1.938175190443824,-146.87034302271454,1959.6743798560776,24500,True,48.632192850112915,48.22076800000002
dense,12,3012,amortized,gaussian,64,ka,1.2203977046895695,1.2,1.6998087241307989,-146.87034302271454,1959.6743798560776,24500,True,48.632192850112915,48.22076800000002
dense,12,3012,amortized,gaussian,64,om_CL,0.2949903582824564,0.3,-1.6698805725145114,-146.87034302271454,1959.6743798560776,24500,True,48.632192850112915,48.22076800000002
dense,12,3012,amortized,gaussian,64,om_V,0.1845092863807034,0.2,-7.745356809648274,-146.87034302271454,1959.6743798560776,24500,True,48.632192850112915,48.22076800000002
dense,12,3012,amortized,gaussian,64,om_ka,0.3628562387475279,0.4,-9.285940313118024,-146.87034302271454,1959.6743798560776,24500,True,48.632192850112915,48.22076800000002
dense,12,3012,amortized,gaussian,64,sigma,0.1909741680722137,0.2,-4.512915963893124,-146.87034302271454,1959.6743798560776,24500,True,48.632192850112915,48.22076800000002
dense,13,3013,free,gaussian,1,CL,2.8901854133795815,3.0,-3.660486220680618,-165.2938073705928,1260.9400381572018,20750,True,7.298757076263428,7.242866000000049
dense,13,3013,free,gaussian,1,V,30.272681864853663,30.0,0.9089395495122212,-165.2938073705928,1260.9400381572018,20750,True,7.298757076263428,7.242866000000049
dense,13,3013,free,gaussian,1,ka,1.227212022585271,1.2,2.2676685487725834,-165.2938073705928,1260.9400381572018,20750,True,7.298757076263428,7.242866000000049
dense,13,3013,free,gaussian,1,om_CL,0.292773559955288,0.3,-2.4088133482373193,-165.2938073705928,1260.9400381572018,20750,True,7.298757076263428,7.242866000000049
dense,13,3013,free,gaussian,1,om_V,0.1365996383386,0.2,-31.70018083069999,-165.2938073705928,1260.9400381572018,20750,True,7.298757076263428,7.242866000000049
dense,13,3013,free,gaussian,1,om_ka,0.3803714126547607,0.4,-4.907146836309828,-165.2938073705928,1260.9400381572018,20750,True,7.298757076263428,7.242866000000049
dense,13,3013,free,gaussian,1,sigma,0.209410873445482,0.2,4.705436722741027,-165.2938073705928,1260.9400381572018,20750,True,7.298757076263428,7.242866000000049
dense,13,3013,free,gaussian,8,CL,2.9273279696174077,3.0,-2.422401012753076,-160.1535157961704,1725.6958189378615,14750,True,7.474737167358398,7.430204000000003
dense,13,3013,free,gaussian,8,V,29.534702568614065,30.0,-1.550991437953127,-160.1535157961704,1725.6958189378615,14750,True,7.474737167358398,7.430204000000003
dense,13,3013,free,gaussian,8,ka,1.235948446333407,1.2,2.9957038611172493,-160.1535157961704,1725.6958189378615,14750,True,7.474737167358398,7.430204000000003
dense,13,3013,free,gaussian,8,om_CL,0.2912646595241275,0.3,-2.9117801586241443,-160.1535157961704,1725.6958189378615,14750,True,7.474737167358398,7.430204000000003
dense,13,3013,free,gaussian,8,om_V,0.1783614100030479,0.2,-10.819294998476058,-160.1535157961704,1725.6958189378615,14750,True,7.474737167358398,7.430204000000003
dense,13,3013,free,gaussian,8,om_ka,0.403041336866527,0.4,0.7603342166317556,-160.1535157961704,1725.6958189378615,14750,True,7.474737167358398,7.430204000000003
dense,13,3013,free,gaussian,8,sigma,0.1944559792781565,0.2,-2.772010360921742,-160.1535157961704,1725.6958189378615,14750,True,7.474737167358398,7.430204000000003
dense,13,3013,free,gaussian,64,CL,2.902417147504479,3.0,-3.2527617498506967,-159.7710026769565,1940.7159029722268,4000,True,6.8261449337005615,6.784536000000003
dense,13,3013,free,gaussian,64,V,29.91352095300344,30.0,-0.2882634899885279,-159.7710026769565,1940.7159029722268,4000,True,6.8261449337005615,6.784536000000003
dense,13,3013,free,gaussian,64,ka,1.2472984766658974,1.2,3.941539722158123,-159.7710026769565,1940.7159029722268,4000,True,6.8261449337005615,6.784536000000003
dense,13,3013,free,gaussian,64,om_CL,0.301323102316468,0.3,0.4410341054893463,-159.7710026769565,1940.7159029722268,4000,True,6.8261449337005615,6.784536000000003
dense,13,3013,free,gaussian,64,om_V,0.1810832482727153,0.2,-9.45837586364233,-159.7710026769565,1940.7159029722268,4000,True,6.8261449337005615,6.784536000000003
dense,13,3013,free,gaussian,64,om_ka,0.4213389182557652,0.4,5.334729563941307,-159.7710026769565,1940.7159029722268,4000,True,6.8261449337005615,6.784536000000003
dense,13,3013,free,gaussian,64,sigma,0.1913839467868227,0.2,-4.308026606588633,-159.7710026769565,1940.7159029722268,4000,True,6.8261449337005615,6.784536000000003
dense,13,3013,amortized,gaussian,1,CL,2.886416841813924,3.0,-3.7861052728692,-166.2443383562516,1383.683513552074,16750,True,8.999617099761963,8.942532000000028
dense,13,3013,amortized,gaussian,1,V,29.895848326027025,30.0,-0.3471722465765836,-166.2443383562516,1383.683513552074,16750,True,8.999617099761963,8.942532000000028
dense,13,3013,amortized,gaussian,1,ka,1.2296191167902435,1.2,2.468259732520295,-166.2443383562516,1383.683513552074,16750,True,8.999617099761963,8.942532000000028
dense,13,3013,amortized,gaussian,1,om_CL,0.2902662432669736,0.3,-3.244585577675448,-166.2443383562516,1383.683513552074,16750,True,8.999617099761963,8.942532000000028
dense,13,3013,amortized,gaussian,1,om_V,0.1312216680411843,0.2,-34.38916597940784,-166.2443383562516,1383.683513552074,16750,True,8.999617099761963,8.942532000000028
dense,13,3013,amortized,gaussian,1,om_ka,0.3859321566903854,0.4,-3.516960827403659,-166.2443383562516,1383.683513552074,16750,True,8.999617099761963,8.942532000000028
dense,13,3013,amortized,gaussian,1,sigma,0.2083438358643963,0.2,4.171917932198177,-166.2443383562516,1383.683513552074,16750,True,8.999617099761963,8.942532000000028
dense,13,3013,amortized,gaussian,8,CL,2.968146629897666,3.0,-1.061779003411134,-160.078388840475,1751.6792999159636,25000,False,17.34353017807007,17.245496000000003
dense,13,3013,amortized,gaussian,8,V,29.96899507034559,30.0,-0.1033497655147049,-160.078388840475,1751.6792999159636,25000,False,17.34353017807007,17.245496000000003
dense,13,3013,amortized,gaussian,8,ka,1.229961404193821,1.2,2.4967836828184153,-160.078388840475,1751.6792999159636,25000,False,17.34353017807007,17.245496000000003
dense,13,3013,amortized,gaussian,8,om_CL,0.2928395910527978,0.3,-2.3868029824007193,-160.078388840475,1751.6792999159636,25000,False,17.34353017807007,17.245496000000003
dense,13,3013,amortized,gaussian,8,om_V,0.1719747059034987,0.2,-14.012647048250614,-160.078388840475,1751.6792999159636,25000,False,17.34353017807007,17.245496000000003
dense,13,3013,amortized,gaussian,8,om_ka,0.3883424694034139,0.4,-2.9143826491465212,-160.078388840475,1751.6792999159636,25000,False,17.34353017807007,17.245496000000003
dense,13,3013,amortized,gaussian,8,sigma,0.1961128914670076,0.2,-1.9435542664961865,-160.078388840475,1751.6792999159636,25000,False,17.34353017807007,17.245496000000003
dense,13,3013,amortized,gaussian,64,CL,2.9189954403514973,3.0,-2.7001519882834244,-159.8228892093912,1763.9997596219166,12250,True,23.839396953582764,23.68846099999996
dense,13,3013,amortized,gaussian,64,V,29.987625282290377,30.0,-0.0412490590320757,-159.8228892093912,1763.9997596219166,12250,True,23.839396953582764,23.68846099999996
dense,13,3013,amortized,gaussian,64,ka,1.209626325732956,1.2,0.802193811079673,-159.8228892093912,1763.9997596219166,12250,True,23.839396953582764,23.68846099999996
dense,13,3013,amortized,gaussian,64,om_CL,0.2956114948887418,0.3,-1.4628350370860708,-159.8228892093912,1763.9997596219166,12250,True,23.839396953582764,23.68846099999996
dense,13,3013,amortized,gaussian,64,om_V,0.1794734997055297,0.2,-10.263250147235128,-159.8228892093912,1763.9997596219166,12250,True,23.839396953582764,23.68846099999996
dense,13,3013,amortized,gaussian,64,om_ka,0.4001388810406316,0.4,0.0347202601578972,-159.8228892093912,1763.9997596219166,12250,True,23.839396953582764,23.68846099999996
dense,13,3013,amortized,gaussian,64,sigma,0.1946447324668873,0.2,-2.6776337665563585,-159.8228892093912,1763.9997596219166,12250,True,23.839396953582764,23.68846099999996
dense,14,3014,free,gaussian,1,CL,2.961984423183415,3.0,-1.2671858938861618,-176.79583711034186,1434.5466760316767,14750,True,5.191776990890503,5.160499999999956
dense,14,3014,free,gaussian,1,V,30.483242560358477,30.0,1.6108085345282557,-176.79583711034186,1434.5466760316767,14750,True,5.191776990890503,5.160499999999956
dense,14,3014,free,gaussian,1,ka,1.1520600864892594,1.2,-3.9949927925617135,-176.79583711034186,1434.5466760316767,14750,True,5.191776990890503,5.160499999999956
dense,14,3014,free,gaussian,1,om_CL,0.3070835631903901,0.3,2.3611877301300543,-176.79583711034186,1434.5466760316767,14750,True,5.191776990890503,5.160499999999956
dense,14,3014,free,gaussian,1,om_V,0.1139522429589693,0.2,-43.023878520515346,-176.79583711034186,1434.5466760316767,14750,True,5.191776990890503,5.160499999999956
dense,14,3014,free,gaussian,1,om_ka,0.4107172176427732,0.4,2.679304410693292,-176.79583711034186,1434.5466760316767,14750,True,5.191776990890503,5.160499999999956
dense,14,3014,free,gaussian,1,sigma,0.2152540191937371,0.2,7.627009596868544,-176.79583711034186,1434.5466760316767,14750,True,5.191776990890503,5.160499999999956
dense,14,3014,free,gaussian,8,CL,2.9271938011048437,3.0,-2.426873296505209,-166.8199178802896,1781.7631355318542,13000,True,6.594884157180786,6.556589999999915
dense,14,3014,free,gaussian,8,V,30.28428661601192,30.0,0.947622053373074,-166.8199178802896,1781.7631355318542,13000,True,6.594884157180786,6.556589999999915
dense,14,3014,free,gaussian,8,ka,1.1637666760413068,1.2,-3.0194436632244304,-166.8199178802896,1781.7631355318542,13000,True,6.594884157180786,6.556589999999915
dense,14,3014,free,gaussian,8,om_CL,0.309052322732154,0.3,3.017440910718002,-166.8199178802896,1781.7631355318542,13000,True,6.594884157180786,6.556589999999915
dense,14,3014,free,gaussian,8,om_V,0.1634796446144732,0.2,-18.26017769276339,-166.8199178802896,1781.7631355318542,13000,True,6.594884157180786,6.556589999999915
dense,14,3014,free,gaussian,8,om_ka,0.4252620217992949,0.4,6.315505449823733,-166.8199178802896,1781.7631355318542,13000,True,6.594884157180786,6.556589999999915
dense,14,3014,free,gaussian,8,sigma,0.1950474273299334,0.2,-2.476286335033273,-166.8199178802896,1781.7631355318542,13000,True,6.594884157180786,6.556589999999915
dense,14,3014,free,gaussian,64,CL,2.995877200199472,3.0,-0.1374266600176069,-165.97073333952122,1871.952664490383,8000,True,13.569552183151243,13.486374000000067
dense,14,3014,free,gaussian,64,V,30.445256785969978,30.0,1.4841892865665802,-165.97073333952122,1871.952664490383,8000,True,13.569552183151243,13.486374000000067
dense,14,3014,free,gaussian,64,ka,1.1357068799210566,1.2,-5.357760006578616,-165.97073333952122,1871.952664490383,8000,True,13.569552183151243,13.486374000000067
dense,14,3014,free,gaussian,64,om_CL,0.3059893755586071,0.3,1.996458519535708,-165.97073333952122,1871.952664490383,8000,True,13.569552183151243,13.486374000000067
dense,14,3014,free,gaussian,64,om_V,0.1751838854973869,0.2,-12.408057251306545,-165.97073333952122,1871.952664490383,8000,True,13.569552183151243,13.486374000000067
dense,14,3014,free,gaussian,64,om_ka,0.4143498883021114,0.4,3.587472075527856,-165.97073333952122,1871.952664490383,8000,True,13.569552183151243,13.486374000000067
dense,14,3014,free,gaussian,64,sigma,0.19718461779357,0.2,-1.4076911032149668,-165.97073333952122,1871.952664490383,8000,True,13.569552183151243,13.486374000000067
dense,14,3014,amortized,gaussian,1,CL,2.9960635710473924,3.0,-0.1312142984202532,-183.438106488534,1425.6610639000387,25000,False,13.35657787322998,13.279809999999998
dense,14,3014,amortized,gaussian,1,V,30.32159779642549,30.0,1.0719926547516323,-183.438106488534,1425.6610639000387,25000,False,13.35657787322998,13.279809999999998
dense,14,3014,amortized,gaussian,1,ka,1.1538927432599555,1.2,-3.8422713950036864,-183.438106488534,1425.6610639000387,25000,False,13.35657787322998,13.279809999999998
dense,14,3014,amortized,gaussian,1,om_CL,0.2955939509123633,0.3,-1.468683029212233,-183.438106488534,1425.6610639000387,25000,False,13.35657787322998,13.279809999999998
dense,14,3014,amortized,gaussian,1,om_V,0.1015519839264344,0.2,-49.22400803678277,-183.438106488534,1425.6610639000387,25000,False,13.35657787322998,13.279809999999998
dense,14,3014,amortized,gaussian,1,om_ka,0.3934200215722839,0.4,-1.6449946069290315,-183.438106488534,1425.6610639000387,25000,False,13.35657787322998,13.279809999999998
dense,14,3014,amortized,gaussian,1,sigma,0.2290925880550129,0.2,14.546294027506445,-183.438106488534,1425.6610639000387,25000,False,13.35657787322998,13.279809999999998
dense,14,3014,amortized,gaussian,8,CL,2.8591399684031793,3.0,-4.69533438656069,-166.11213892700806,1763.6803067151952,25000,False,17.589311838150024,17.460599999999886
dense,14,3014,amortized,gaussian,8,V,30.205898631907136,30.0,0.6863287730237863,-166.11213892700806,1763.6803067151952,25000,False,17.589311838150024,17.460599999999886
dense,14,3014,amortized,gaussian,8,ka,1.11832777248077,1.2,-6.806018959935842,-166.11213892700806,1763.6803067151952,25000,False,17.589311838150024,17.460599999999886
dense,14,3014,amortized,gaussian,8,om_CL,0.3187542977796407,0.3,6.251432593213591,-166.11213892700806,1763.6803067151952,25000,False,17.589311838150024,17.460599999999886
dense,14,3014,amortized,gaussian,8,om_V,0.1713920227989899,0.2,-14.303988600505024,-166.11213892700806,1763.6803067151952,25000,False,17.589311838150024,17.460599999999886
dense,14,3014,amortized,gaussian,8,om_ka,0.4186194988315388,0.4,4.654874707884712,-166.11213892700806,1763.6803067151952,25000,False,17.589311838150024,17.460599999999886
dense,14,3014,amortized,gaussian,8,sigma,0.1967340211892667,0.2,-1.6329894053666163,-166.11213892700806,1763.6803067151952,25000,False,17.589311838150024,17.460599999999886
dense,14,3014,amortized,gaussian,64,CL,2.936699826597585,3.0,-2.1100057800805003,-166.31492742321697,2000.9040850236577,2500,True,4.933553218841553,4.9033969999998135
dense,14,3014,amortized,gaussian,64,V,30.25167601890682,30.0,0.8389200630227359,-166.31492742321697,2000.9040850236577,2500,True,4.933553218841553,4.9033969999998135
dense,14,3014,amortized,gaussian,64,ka,1.1585968120840382,1.2,-3.45026565966348,-166.31492742321697,2000.9040850236577,2500,True,4.933553218841553,4.9033969999998135
dense,14,3014,amortized,gaussian,64,om_CL,0.3107628499955761,0.3,3.587616665192047,-166.31492742321697,2000.9040850236577,2500,True,4.933553218841553,4.9033969999998135
dense,14,3014,amortized,gaussian,64,om_V,0.1693686545414509,0.2,-15.315672729274532,-166.31492742321697,2000.9040850236577,2500,True,4.933553218841553,4.9033969999998135
dense,14,3014,amortized,gaussian,64,om_ka,0.4094360750070825,0.4,2.359018751770636,-166.31492742321697,2000.9040850236577,2500,True,4.933553218841553,4.9033969999998135
dense,14,3014,amortized,gaussian,64,sigma,0.1954606949357069,0.2,-2.26965253214656,-166.31492742321697,2000.9040850236577,2500,True,4.933553218841553,4.9033969999998135
dense,15,3015,free,gaussian,1,CL,3.0001032850998612,3.0,0.0034428366620412,-212.16078951027689,1526.017149480021,15500,True,5.461212873458862,5.42697800000019
dense,15,3015,free,gaussian,1,V,30.40269399407301,30.0,1.3423133135767056,-212.16078951027689,1526.017149480021,15500,True,5.461212873458862,5.42697800000019
dense,15,3015,free,gaussian,1,ka,1.1625664635160753,1.2,-3.119461373660389,-212.16078951027689,1526.017149480021,15500,True,5.461212873458862,5.42697800000019
dense,15,3015,free,gaussian,1,om_CL,0.3394309351197068,0.3,13.143645039902284,-212.16078951027689,1526.017149480021,15500,True,5.461212873458862,5.42697800000019
dense,15,3015,free,gaussian,1,om_V,0.1080915605094698,0.2,-45.954219745265064,-212.16078951027689,1526.017149480021,15500,True,5.461212873458862,5.42697800000019
dense,15,3015,free,gaussian,1,om_ka,0.4221001752384452,0.4,5.525043809611302,-212.16078951027689,1526.017149480021,15500,True,5.461212873458862,5.42697800000019
dense,15,3015,free,gaussian,1,sigma,0.2240178462918918,0.2,12.0089231459459,-212.16078951027689,1526.017149480021,15500,True,5.461212873458862,5.42697800000019
dense,15,3015,free,gaussian,8,CL,3.013931101671024,3.0,0.4643700557007986,-200.59807215794908,1793.5229917553495,9000,True,4.59183406829834,4.563679000000093
dense,15,3015,free,gaussian,8,V,30.262650472525504,30.0,0.8755015750850129,-200.59807215794908,1793.5229917553495,9000,True,4.59183406829834,4.563679000000093
dense,15,3015,free,gaussian,8,ka,1.1570019780562066,1.2,-3.58316849531611,-200.59807215794908,1793.5229917553495,9000,True,4.59183406829834,4.563679000000093
dense,15,3015,free,gaussian,8,om_CL,0.3452035056535079,0.3,15.06783521783598,-200.59807215794908,1793.5229917553495,9000,True,4.59183406829834,4.563679000000093
dense,15,3015,free,gaussian,8,om_V,0.167371538164902,0.2,-16.314230917548965,-200.59807215794908,1793.5229917553495,9000,True,4.59183406829834,4.563679000000093
dense,15,3015,free,gaussian,8,om_ka,0.4229030385966559,0.4,5.725759649163969,-200.59807215794908,1793.5229917553495,9000,True,4.59183406829834,4.563679000000093
dense,15,3015,free,gaussian,8,sigma,0.2020188585443211,0.2,1.0094292721605502,-200.59807215794908,1793.5229917553495,9000,True,4.59183406829834,4.563679000000093
dense,15,3015,free,gaussian,64,CL,2.9603019679634546,3.0,-1.3232677345515145,-199.6074074679833,1790.5969979776523,2000,True,3.489561080932617,3.465435999999954
dense,15,3015,free,gaussian,64,V,30.53275346121555,30.0,1.7758448707184964,-199.6074074679833,1790.5969979776523,2000,True,3.489561080932617,3.465435999999954
dense,15,3015,free,gaussian,64,ka,1.158187405753718,1.2,-3.4843828538568267,-199.6074074679833,1790.5969979776523,2000,True,3.489561080932617,3.465435999999954
dense,15,3015,free,gaussian,64,om_CL,0.3423267788257098,0.3,14.108926275236614,-199.6074074679833,1790.5969979776523,2000,True,3.489561080932617,3.465435999999954
dense,15,3015,free,gaussian,64,om_V,0.1845354189190657,0.2,-7.732290540467159,-199.6074074679833,1790.5969979776523,2000,True,3.489561080932617,3.465435999999954
dense,15,3015,free,gaussian,64,om_ka,0.4657513540633451,0.4,16.43783851583627,-199.6074074679833,1790.5969979776523,2000,True,3.489561080932617,3.465435999999954
dense,15,3015,free,gaussian,64,sigma,0.2004549357171055,0.2,0.2274678585527378,-199.6074074679833,1790.5969979776523,2000,True,3.489561080932617,3.465435999999954
dense,15,3015,amortized,gaussian,1,CL,3.015268955364686,3.0,0.5089651788228622,-231.8411483721951,3655.9830949982497,23500,True,12.584582328796388,12.506840000000013
dense,15,3015,amortized,gaussian,1,V,29.79393231112696,30.0,-0.6868922962434709,-231.8411483721951,3655.9830949982497,23500,True,12.584582328796388,12.506840000000013
dense,15,3015,amortized,gaussian,1,ka,1.1248142240328711,1.2,-6.26548133059407,-231.8411483721951,3655.9830949982497,23500,True,12.584582328796388,12.506840000000013
dense,15,3015,amortized,gaussian,1,om_CL,0.3504103131275745,0.3,16.803437709191517,-231.8411483721951,3655.9830949982497,23500,True,12.584582328796388,12.506840000000013
dense,15,3015,amortized,gaussian,1,om_V,0.0178839760781591,0.2,-91.05801196092044,-231.8411483721951,3655.9830949982497,23500,True,12.584582328796388,12.506840000000013
dense,15,3015,amortized,gaussian,1,om_ka,0.4739526800297154,0.4,18.48817000742886,-231.8411483721951,3655.9830949982497,23500,True,12.584582328796388,12.506840000000013
dense,15,3015,amortized,gaussian,1,sigma,0.2375184831485219,0.2,18.75924157426094,-231.8411483721951,3655.9830949982497,23500,True,12.584582328796388,12.506840000000013
dense,15,3015,amortized,gaussian,8,CL,2.998509211344353,3.0,-0.0496929551882482,-200.65008324670333,1716.480147253814,24500,True,17.065696954727173,16.963083000000097
dense,15,3015,amortized,gaussian,8,V,30.18716422909961,30.0,0.6238807636653713,-200.65008324670333,1716.480147253814,24500,True,17.065696954727173,16.963083000000097
dense,15,3015,amortized,gaussian,8,ka,1.1392544092762635,1.2,-5.062132560311369,-200.65008324670333,1716.480147253814,24500,True,17.065696954727173,16.963083000000097
dense,15,3015,amortized,gaussian,8,om_CL,0.3441711059217668,0.3,14.723701973922292,-200.65008324670333,1716.480147253814,24500,True,17.065696954727173,16.963083000000097
dense,15,3015,amortized,gaussian,8,om_V,0.1672681796539966,0.2,-16.36591017300168,-200.65008324670333,1716.480147253814,24500,True,17.065696954727173,16.963083000000097
dense,15,3015,amortized,gaussian,8,om_ka,0.4440684312277217,0.4,11.017107806930424,-200.65008324670333,1716.480147253814,24500,True,17.065696954727173,16.963083000000097
dense,15,3015,amortized,gaussian,8,sigma,0.2062706388888239,0.2,3.135319444411977,-200.65008324670333,1716.480147253814,24500,True,17.065696954727173,16.963083000000097
dense,15,3015,amortized,gaussian,64,CL,3.059849477279373,3.0,1.9949825759791056,-199.89684298817232,1677.0956712560808,16000,True,32.007636070251465,31.71646099999998
dense,15,3015,amortized,gaussian,64,V,30.366945922064513,30.0,1.2231530735483769,-199.89684298817232,1677.0956712560808,16000,True,32.007636070251465,31.71646099999998
dense,15,3015,amortized,gaussian,64,ka,1.1808693646841144,1.2,-1.594219609657129,-199.89684298817232,1677.0956712560808,16000,True,32.007636070251465,31.71646099999998
dense,15,3015,amortized,gaussian,64,om_CL,0.3434014525758785,0.3,14.467150858626177,-199.89684298817232,1677.0956712560808,16000,True,32.007636070251465,31.71646099999998
dense,15,3015,amortized,gaussian,64,om_V,0.1823234851923269,0.2,-8.838257403836549,-199.89684298817232,1677.0956712560808,16000,True,32.007636070251465,31.71646099999998
dense,15,3015,amortized,gaussian,64,om_ka,0.454908069846929,0.4,13.727017461732258,-199.89684298817232,1677.0956712560808,16000,True,32.007636070251465,31.71646099999998
dense,15,3015,amortized,gaussian,64,sigma,0.1999551336443062,0.2,-0.0224331778469061,-199.89684298817232,1677.0956712560808,16000,True,32.007636070251465,31.71646099999998
dense,16,3016,free,gaussian,1,CL,2.81936871361452,3.0,-6.021042879515992,-193.31733365447155,1083.4832642668098,8750,True,3.1153793334960938,3.096361999999999
dense,16,3016,free,gaussian,1,V,30.06265442847866,30.0,0.2088480949288632,-193.31733365447155,1083.4832642668098,8750,True,3.1153793334960938,3.096361999999999
dense,16,3016,free,gaussian,1,ka,1.277934296807951,1.2,6.494524733995921,-193.31733365447155,1083.4832642668098,8750,True,3.1153793334960938,3.096361999999999
dense,16,3016,free,gaussian,1,om_CL,0.3140615590138031,0.3,4.687186337934394,-193.31733365447155,1083.4832642668098,8750,True,3.1153793334960938,3.096361999999999
dense,16,3016,free,gaussian,1,om_V,0.1802819066420107,0.2,-9.859046678994634,-193.31733365447155,1083.4832642668098,8750,True,3.1153793334960938,3.096361999999999
dense,16,3016,free,gaussian,1,om_ka,0.3265158917498892,0.4,-18.371027062527705,-193.31733365447155,1083.4832642668098,8750,True,3.1153793334960938,3.096361999999999
dense,16,3016,free,gaussian,1,sigma,0.2156538156228703,0.2,7.826907811435177,-193.31733365447155,1083.4832642668098,8750,True,3.1153793334960938,3.096361999999999
dense,16,3016,free,gaussian,8,CL,2.8925368366011184,3.0,-3.5821054466293876,-186.7594594500904,1492.2849009828758,4000,True,2.0979278087615967,2.0827050000000327
dense,16,3016,free,gaussian,8,V,28.872409334351097,30.0,-3.758635552163021,-186.7594594500904,1492.2849009828758,4000,True,2.0979278087615967,2.0827050000000327
dense,16,3016,free,gaussian,8,ka,1.268635254649458,1.2,5.719604554121516,-186.7594594500904,1492.2849009828758,4000,True,2.0979278087615967,2.0827050000000327
dense,16,3016,free,gaussian,8,om_CL,0.3106556122871847,0.3,3.5518707623949006,-186.7594594500904,1492.2849009828758,4000,True,2.0979278087615967,2.0827050000000327
dense,16,3016,free,gaussian,8,om_V,0.1972197457571467,0.2,-1.3901271214266375,-186.7594594500904,1492.2849009828758,4000,True,2.0979278087615967,2.0827050000000327
dense,16,3016,free,gaussian,8,om_ka,0.4000599199522067,0.4,0.0149799880516804,-186.7594594500904,1492.2849009828758,4000,True,2.0979278087615967,2.0827050000000327
dense,16,3016,free,gaussian,8,sigma,0.2029161601150747,0.2,1.4580800575373505,-186.7594594500904,1492.2849009828758,4000,True,2.0979278087615967,2.0827050000000327
dense,16,3016,free,gaussian,64,CL,2.8331023266556565,3.0,-5.563255778144782,-186.8587095919147,1806.9366089854232,2250,True,4.0338969230651855,3.99417799999992
dense,16,3016,free,gaussian,64,V,29.247531466555767,30.0,-2.5082284448141103,-186.8587095919147,1806.9366089854232,2250,True,4.0338969230651855,3.99417799999992
dense,16,3016,free,gaussian,64,ka,1.2603608821917245,1.2,5.030073515977044,-186.8587095919147,1806.9366089854232,2250,True,4.0338969230651855,3.99417799999992
dense,16,3016,free,gaussian,64,om_CL,0.3173900154762721,0.3,5.796671825424057,-186.8587095919147,1806.9366089854232,2250,True,4.0338969230651855,3.99417799999992
dense,16,3016,free,gaussian,64,om_V,0.1989327242717502,0.2,-0.5336378641248724,-186.8587095919147,1806.9366089854232,2250,True,4.0338969230651855,3.99417799999992
dense,16,3016,free,gaussian,64,om_ka,0.4073309968325894,0.4,1.832749208147341,-186.8587095919147,1806.9366089854232,2250,True,4.0338969230651855,3.99417799999992
dense,16,3016,free,gaussian,64,sigma,0.1958774435063867,0.2,-2.061278246806658,-186.8587095919147,1806.9366089854232,2250,True,4.0338969230651855,3.99417799999992
dense,16,3016,amortized,gaussian,1,CL,2.8790635851432653,3.0,-4.0312138285578225,-191.96648356446968,1146.3366792514712,20500,True,11.402149200439451,11.282421999999997
dense,16,3016,amortized,gaussian,1,V,29.7694015414875,30.0,-0.7686615283749987,-191.96648356446968,1146.3366792514712,20500,True,11.402149200439451,11.282421999999997
dense,16,3016,amortized,gaussian,1,ka,1.2498386137128696,1.2,4.153217809405807,-191.96648356446968,1146.3366792514712,20500,True,11.402149200439451,11.282421999999997
dense,16,3016,amortized,gaussian,1,om_CL,0.317954338127444,0.3,5.98477937581469,-191.96648356446968,1146.3366792514712,20500,True,11.402149200439451,11.282421999999997
dense,16,3016,amortized,gaussian,1,om_V,0.1777288641421225,0.2,-11.135567928938716,-191.96648356446968,1146.3366792514712,20500,True,11.402149200439451,11.282421999999997
dense,16,3016,amortized,gaussian,1,om_ka,0.3252712846071048,0.4,-18.68217884822379,-191.96648356446968,1146.3366792514712,20500,True,11.402149200439451,11.282421999999997
dense,16,3016,amortized,gaussian,1,sigma,0.2135174950023062,0.2,6.7587475011531,-191.96648356446968,1146.3366792514712,20500,True,11.402149200439451,11.282421999999997
dense,16,3016,amortized,gaussian,8,CL,2.903001642801663,3.0,-3.2332785732778944,-188.0922386397311,1676.3596562052646,24000,True,16.665186166763306,16.569799999999987
dense,16,3016,amortized,gaussian,8,V,28.772906661717823,30.0,-4.090311127607258,-188.0922386397311,1676.3596562052646,24000,True,16.665186166763306,16.569799999999987
dense,16,3016,amortized,gaussian,8,ka,1.2634655279999951,1.2,5.288793999999597,-188.0922386397311,1676.3596562052646,24000,True,16.665186166763306,16.569799999999987
dense,16,3016,amortized,gaussian,8,om_CL,0.3112316574963902,0.3,3.743885832130071,-188.0922386397311,1676.3596562052646,24000,True,16.665186166763306,16.569799999999987
dense,16,3016,amortized,gaussian,8,om_V,0.2048753051416515,0.2,2.43765257082576,-188.0922386397311,1676.3596562052646,24000,True,16.665186166763306,16.569799999999987
dense,16,3016,amortized,gaussian,8,om_ka,0.3676528307313657,0.4,-8.086792317158586,-188.0922386397311,1676.3596562052646,24000,True,16.665186166763306,16.569799999999987
dense,16,3016,amortized,gaussian,8,sigma,0.2016946496682649,0.2,0.847324834132468,-188.0922386397311,1676.3596562052646,24000,True,16.665186166763306,16.569799999999987
dense,16,3016,amortized,gaussian,64,CL,2.8459964494719507,3.0,-5.133451684268309,-187.54866745101657,2048.1793778600418,25000,False,48.50021696090698,48.19944499999997
dense,16,3016,amortized,gaussian,64,V,30.01921554008176,30.0,0.0640518002725324,-187.54866745101657,2048.1793778600418,25000,False,48.50021696090698,48.19944499999997
dense,16,3016,amortized,gaussian,64,ka,1.2359649887695785,1.2,2.9970823974648786,-187.54866745101657,2048.1793778600418,25000,False,48.50021696090698,48.19944499999997
dense,16,3016,amortized,gaussian,64,om_CL,0.3169615104986589,0.3,5.653836832886302,-187.54866745101657,2048.1793778600418,25000,False,48.50021696090698,48.19944499999997
dense,16,3016,amortized,gaussian,64,om_V,0.2093277466511651,0.2,4.66387332558256,-187.54866745101657,2048.1793778600418,25000,False,48.50021696090698,48.19944499999997
dense,16,3016,amortized,gaussian,64,om_ka,0.3769190593083021,0.4,-5.770235172924478,-187.54866745101657,2048.1793778600418,25000,False,48.50021696090698,48.19944499999997
dense,16,3016,amortized,gaussian,64,sigma,0.2001783519856036,0.2,0.089175992801796,-187.54866745101657,2048.1793778600418,25000,False,48.50021696090698,48.19944499999997
dense,17,3017,free,gaussian,1,CL,3.1601079396680607,3.0,5.33693132226869,-216.24375546207636,1060.1564060435646,7250,True,2.571577787399292,2.557301999999936
dense,17,3017,free,gaussian,1,V,29.403062994247747,30.0,-1.989790019174175,-216.24375546207636,1060.1564060435646,7250,True,2.571577787399292,2.557301999999936
dense,17,3017,free,gaussian,1,ka,1.2332642792875008,1.2,2.7720232739584056,-216.24375546207636,1060.1564060435646,7250,True,2.571577787399292,2.557301999999936
dense,17,3017,free,gaussian,1,om_CL,0.3100362911143419,0.3,3.3454303714473,-216.24375546207636,1060.1564060435646,7250,True,2.571577787399292,2.557301999999936
dense,17,3017,free,gaussian,1,om_V,0.1980420695589765,0.2,-0.9789652205117322,-216.24375546207636,1060.1564060435646,7250,True,2.571577787399292,2.557301999999936
dense,17,3017,free,gaussian,1,om_ka,0.2746077477482747,0.4,-31.348063062931335,-216.24375546207636,1060.1564060435646,7250,True,2.571577787399292,2.557301999999936
dense,17,3017,free,gaussian,1,sigma,0.2265734565684017,0.2,13.286728284200867,-216.24375546207636,1060.1564060435646,7250,True,2.571577787399292,2.557301999999936
dense,17,3017,free,gaussian,8,CL,3.131323153323295,3.0,4.377438444109834,-209.71980168828068,1622.833464540587,11250,True,5.699444055557251,5.666852000000063
dense,17,3017,free,gaussian,8,V,29.276719830305932,30.0,-2.410933898980226,-209.71980168828068,1622.833464540587,11250,True,5.699444055557251,5.666852000000063
dense,17,3017,free,gaussian,8,ka,1.1976913037496315,1.2,-0.1923913541973706,-209.71980168828068,1622.833464540587,11250,True,5.699444055557251,5.666852000000063
dense,17,3017,free,gaussian,8,om_CL,0.3069270583210671,0.3,2.3090194403557196,-209.71980168828068,1622.833464540587,11250,True,5.699444055557251,5.666852000000063
dense,17,3017,free,gaussian,8,om_V,0.2122608297073332,0.2,6.130414853666597,-209.71980168828068,1622.833464540587,11250,True,5.699444055557251,5.666852000000063
dense,17,3017,free,gaussian,8,om_ka,0.3309449455379677,0.4,-17.263763615508076,-209.71980168828068,1622.833464540587,11250,True,5.699444055557251,5.666852000000063
dense,17,3017,free,gaussian,8,sigma,0.2111992382911657,0.2,5.599619145582865,-209.71980168828068,1622.833464540587,11250,True,5.699444055557251,5.666852000000063
dense,17,3017,free,gaussian,64,CL,3.106487160380532,3.0,3.549572012684399,-208.6056687927957,1687.0353544304205,3500,True,5.9666290283203125,5.9286879999999655
dense,17,3017,free,gaussian,64,V,29.02540828357203,30.0,-3.2486390547598867,-208.6056687927957,1687.0353544304205,3500,True,5.9666290283203125,5.9286879999999655
dense,17,3017,free,gaussian,64,ka,1.2167951398745582,1.2,1.399594989546523,-208.6056687927957,1687.0353544304205,3500,True,5.9666290283203125,5.9286879999999655
dense,17,3017,free,gaussian,64,om_CL,0.3030336337344318,0.3,1.0112112448106096,-208.6056687927957,1687.0353544304205,3500,True,5.9666290283203125,5.9286879999999655
dense,17,3017,free,gaussian,64,om_V,0.2255023449433666,0.2,12.751172471683322,-208.6056687927957,1687.0353544304205,3500,True,5.9666290283203125,5.9286879999999655
dense,17,3017,free,gaussian,64,om_ka,0.3587212538361944,0.4,-10.319686540951402,-208.6056687927957,1687.0353544304205,3500,True,5.9666290283203125,5.9286879999999655
dense,17,3017,free,gaussian,64,sigma,0.2037524230620217,0.2,1.876211531010863,-208.6056687927957,1687.0353544304205,3500,True,5.9666290283203125,5.9286879999999655
dense,17,3017,amortized,gaussian,1,CL,3.0611095048568817,3.0,2.0369834952293906,-227.68991030774413,691.9877287297547,25000,False,13.344851016998293,13.26529000000005
dense,17,3017,amortized,gaussian,1,V,30.225463486306257,30.0,0.75154495435419,-227.68991030774413,691.9877287297547,25000,False,13.344851016998293,13.26529000000005
dense,17,3017,amortized,gaussian,1,ka,1.194562136111207,1.2,-0.4531553240660532,-227.68991030774413,691.9877287297547,25000,False,13.344851016998293,13.26529000000005
dense,17,3017,amortized,gaussian,1,om_CL,0.285890587288459,0.3,-4.70313757051366,-227.68991030774413,691.9877287297547,25000,False,13.344851016998293,13.26529000000005
dense,17,3017,amortized,gaussian,1,om_V,0.1941866715278327,0.2,-2.906664236083628,-227.68991030774413,691.9877287297547,25000,False,13.344851016998293,13.26529000000005
dense,17,3017,amortized,gaussian,1,om_ka,0.2688068998643902,0.4,-32.79827503390245,-227.68991030774413,691.9877287297547,25000,False,13.344851016998293,13.26529000000005
dense,17,3017,amortized,gaussian,1,sigma,0.2472821206998789,0.2,23.64106034993944,-227.68991030774413,691.9877287297547,25000,False,13.344851016998293,13.26529000000005
dense,17,3017,amortized,gaussian,8,CL,3.1476060096888605,3.0,4.920200322962017,-209.8191447425745,1496.204679581788,17500,True,12.32937717437744,12.229344000000085
dense,17,3017,amortized,gaussian,8,V,28.971142367686912,30.0,-3.429525441043625,-209.8191447425745,1496.204679581788,17500,True,12.32937717437744,12.229344000000085
dense,17,3017,amortized,gaussian,8,ka,1.2191803772200525,1.2,1.598364768337709,-209.8191447425745,1496.204679581788,17500,True,12.32937717437744,12.229344000000085
dense,17,3017,amortized,gaussian,8,om_CL,0.2970914517636025,0.3,-0.969516078799156,-209.8191447425745,1496.204679581788,17500,True,12.32937717437744,12.229344000000085
dense,17,3017,amortized,gaussian,8,om_V,0.204534275168794,0.2,2.267137584397019,-209.8191447425745,1496.204679581788,17500,True,12.32937717437744,12.229344000000085
dense,17,3017,amortized,gaussian,8,om_ka,0.3409951012244216,0.4,-14.7512246938946,-209.8191447425745,1496.204679581788,17500,True,12.32937717437744,12.229344000000085
dense,17,3017,amortized,gaussian,8,sigma,0.215213096637484,0.2,7.6065483187419956,-209.8191447425745,1496.204679581788,17500,True,12.32937717437744,12.229344000000085
dense,17,3017,amortized,gaussian,64,CL,2.9816509292673063,3.0,-0.6116356910897883,-210.95269172280015,1610.89070065169,2750,True,5.4950761795043945,5.441510999999991
dense,17,3017,amortized,gaussian,64,V,29.899369337002263,30.0,-0.3354355433257794,-210.95269172280015,1610.89070065169,2750,True,5.4950761795043945,5.441510999999991
dense,17,3017,amortized,gaussian,64,ka,1.1855115274427848,1.2,-1.207372713101266,-210.95269172280015,1610.89070065169,2750,True,5.4950761795043945,5.441510999999991
dense,17,3017,amortized,gaussian,64,om_CL,0.3068845691377194,0.3,2.294856379239818,-210.95269172280015,1610.89070065169,2750,True,5.4950761795043945,5.441510999999991
dense,17,3017,amortized,gaussian,64,om_V,0.2188826778313423,0.2,9.441338915671142,-210.95269172280015,1610.89070065169,2750,True,5.4950761795043945,5.441510999999991
dense,17,3017,amortized,gaussian,64,om_ka,0.3679389741444924,0.4,-8.015256463876893,-210.95269172280015,1610.89070065169,2750,True,5.4950761795043945,5.441510999999991
dense,17,3017,amortized,gaussian,64,sigma,0.2065126663455767,0.2,3.2563331727883393,-210.95269172280015,1610.89070065169,2750,True,5.4950761795043945,5.441510999999991
dense,18,3018,free,gaussian,1,CL,2.9078627258529854,3.0,-3.071242471567152,-148.69028970291842,1583.6530573645027,15500,True,5.53618311882019,5.488745999999992
dense,18,3018,free,gaussian,1,V,30.603049813266782,30.0,2.0101660442226077,-148.69028970291842,1583.6530573645027,15500,True,5.53618311882019,5.488745999999992
dense,18,3018,free,gaussian,1,ka,1.1616002276442725,1.2,-3.199981029643954,-148.69028970291842,1583.6530573645027,15500,True,5.53618311882019,5.488745999999992
dense,18,3018,free,gaussian,1,om_CL,0.2726952402846181,0.3,-9.10158657179394,-148.69028970291842,1583.6530573645027,15500,True,5.53618311882019,5.488745999999992
dense,18,3018,free,gaussian,1,om_V,0.1876980729178885,0.2,-6.150963541055723,-148.69028970291842,1583.6530573645027,15500,True,5.53618311882019,5.488745999999992
dense,18,3018,free,gaussian,1,om_ka,0.2136792904758901,0.4,-46.58017738102747,-148.69028970291842,1583.6530573645027,15500,True,5.53618311882019,5.488745999999992
dense,18,3018,free,gaussian,1,sigma,0.2110475478241799,0.2,5.523773912089955,-148.69028970291842,1583.6530573645027,15500,True,5.53618311882019,5.488745999999992
dense,18,3018,free,gaussian,8,CL,2.9411018231481414,3.0,-1.96327256172862,-142.3575953916855,1840.5250292666512,9500,True,4.849631071090698,4.819203000000016
dense,18,3018,free,gaussian,8,V,30.052988414228505,30.0,0.1766280474283495,-142.3575953916855,1840.5250292666512,9500,True,4.849631071090698,4.819203000000016
dense,18,3018,free,gaussian,8,ka,1.1432265314157306,1.2,-4.731122382022446,-142.3575953916855,1840.5250292666512,9500,True,4.849631071090698,4.819203000000016
dense,18,3018,free,gaussian,8,om_CL,0.2710795563210882,0.3,-9.640147892970576,-142.3575953916855,1840.5250292666512,9500,True,4.849631071090698,4.819203000000016
dense,18,3018,free,gaussian,8,om_V,0.1774878748465377,0.2,-11.25606257673116,-142.3575953916855,1840.5250292666512,9500,True,4.849631071090698,4.819203000000016
dense,18,3018,free,gaussian,8,om_ka,0.3103016163274812,0.4,-22.42459591812969,-142.3575953916855,1840.5250292666512,9500,True,4.849631071090698,4.819203000000016
dense,18,3018,free,gaussian,8,sigma,0.1986656976075295,0.2,-0.667151196235255,-142.3575953916855,1840.5250292666512,9500,True,4.849631071090698,4.819203000000016
dense,18,3018,free,gaussian,64,CL,2.872537247997813,3.0,-4.248758400072905,-141.85368947567315,1950.664998615587,4250,True,7.2492640018463135,7.20371699999987
dense,18,3018,free,gaussian,64,V,30.187176743932053,30.0,0.6239224797735096,-141.85368947567315,1950.664998615587,4250,True,7.2492640018463135,7.20371699999987
dense,18,3018,free,gaussian,64,ka,1.157626178586782,1.2,-3.5311517844348237,-141.85368947567315,1950.664998615587,4250,True,7.2492640018463135,7.20371699999987
dense,18,3018,free,gaussian,64,om_CL,0.2677084205729083,0.3,-10.763859809030553,-141.85368947567315,1950.664998615587,4250,True,7.2492640018463135,7.20371699999987
dense,18,3018,free,gaussian,64,om_V,0.1850708110395511,0.2,-7.464594480224462,-141.85368947567315,1950.664998615587,4250,True,7.2492640018463135,7.20371699999987
dense,18,3018,free,gaussian,64,om_ka,0.3365689459041891,0.4,-15.857763523952723,-141.85368947567315,1950.664998615587,4250,True,7.2492640018463135,7.20371699999987
dense,18,3018,free,gaussian,64,sigma,0.1936383627087483,0.2,-3.1808186456258323,-141.85368947567315,1950.664998615587,4250,True,7.2492640018463135,7.20371699999987
dense,18,3018,amortized,gaussian,1,CL,2.9041952885795688,3.0,-3.193490380681041,-150.04958000564852,1297.653782233826,17500,True,9.38284182548523,9.326188000000002
dense,18,3018,amortized,gaussian,1,V,30.273814128435276,30.0,0.9127137614509214,-150.04958000564852,1297.653782233826,17500,True,9.38284182548523,9.326188000000002
dense,18,3018,amortized,gaussian,1,ka,1.1647603580883643,1.2,-2.9366368259696185,-150.04958000564852,1297.653782233826,17500,True,9.38284182548523,9.326188000000002
dense,18,3018,amortized,gaussian,1,om_CL,0.2567175369815011,0.3,-14.427487672832957,-150.04958000564852,1297.653782233826,17500,True,9.38284182548523,9.326188000000002
dense,18,3018,amortized,gaussian,1,om_V,0.177817574443087,0.2,-11.091212778456509,-150.04958000564852,1297.653782233826,17500,True,9.38284182548523,9.326188000000002
dense,18,3018,amortized,gaussian,1,om_ka,0.2255618768481204,0.4,-43.6095307879699,-150.04958000564852,1297.653782233826,17500,True,9.38284182548523,9.326188000000002
dense,18,3018,amortized,gaussian,1,sigma,0.2131475448022952,0.2,6.573772401147606,-150.04958000564852,1297.653782233826,17500,True,9.38284182548523,9.326188000000002
dense,18,3018,amortized,gaussian,8,CL,3.0201499709476383,3.0,0.6716656982546088,-142.66364782905916,1678.4585835949367,13250,True,9.253380298614502,9.194389999999885
dense,18,3018,amortized,gaussian,8,V,30.486960473978517,30.0,1.623201579928389,-142.66364782905916,1678.4585835949367,13250,True,9.253380298614502,9.194389999999885
dense,18,3018,amortized,gaussian,8,ka,1.1457843029601156,1.2,-4.517974753323698,-142.66364782905916,1678.4585835949367,13250,True,9.253380298614502,9.194389999999885
dense,18,3018,amortized,gaussian,8,om_CL,0.2730477207073688,0.3,-8.984093097543722,-142.66364782905916,1678.4585835949367,13250,True,9.253380298614502,9.194389999999885
dense,18,3018,amortized,gaussian,8,om_V,0.1845313546494695,0.2,-7.734322675265261,-142.66364782905916,1678.4585835949367,13250,True,9.253380298614502,9.194389999999885
dense,18,3018,amortized,gaussian,8,om_ka,0.3083148445170189,0.4,-22.921288870745265,-142.66364782905916,1678.4585835949367,13250,True,9.253380298614502,9.194389999999885
dense,18,3018,amortized,gaussian,8,sigma,0.1974950159361405,0.2,-1.2524920319297306,-142.66364782905916,1678.4585835949367,13250,True,9.253380298614502,9.194389999999885
dense,18,3018,amortized,gaussian,64,CL,2.9860318267378467,3.0,-0.465605775405109,-141.94619063158098,1903.7734691384144,20750,True,40.75558114051819,40.31499099999997
dense,18,3018,amortized,gaussian,64,V,29.904718075755092,30.0,-0.3176064141496937,-141.94619063158098,1903.7734691384144,20750,True,40.75558114051819,40.31499099999997
dense,18,3018,amortized,gaussian,64,ka,1.1414039889773877,1.2,-4.883000918551021,-141.94619063158098,1903.7734691384144,20750,True,40.75558114051819,40.31499099999997
dense,18,3018,amortized,gaussian,64,om_CL,0.2731699755134445,0.3,-8.94334149551849,-141.94619063158098,1903.7734691384144,20750,True,40.75558114051819,40.31499099999997
dense,18,3018,amortized,gaussian,64,om_V,0.1921890852780364,0.2,-3.905457360981801,-141.94619063158098,1903.7734691384144,20750,True,40.75558114051819,40.31499099999997
dense,18,3018,amortized,gaussian,64,om_ka,0.3362793981554003,0.4,-15.930150461149926,-141.94619063158098,1903.7734691384144,20750,True,40.75558114051819,40.31499099999997
dense,18,3018,amortized,gaussian,64,sigma,0.1948927004232927,0.2,-2.5536497883536513,-141.94619063158098,1903.7734691384144,20750,True,40.75558114051819,40.31499099999997
dense,19,3019,free,gaussian,1,CL,2.97672362269641,3.0,-0.7758792434529926,-191.80375794353316,1527.08555843737,18500,True,6.70434308052063,6.63141799999994
dense,19,3019,free,gaussian,1,V,29.78169561579938,30.0,-0.7276812806687379,-191.80375794353316,1527.08555843737,18500,True,6.70434308052063,6.63141799999994
dense,19,3019,free,gaussian,1,ka,1.1866171953982996,1.2,-1.1152337168083652,-191.80375794353316,1527.08555843737,18500,True,6.70434308052063,6.63141799999994
dense,19,3019,free,gaussian,1,om_CL,0.2848114667609501,0.3,-5.062844413016613,-191.80375794353316,1527.08555843737,18500,True,6.70434308052063,6.63141799999994
dense,19,3019,free,gaussian,1,om_V,0.1303056993483396,0.2,-34.847150325830185,-191.80375794353316,1527.08555843737,18500,True,6.70434308052063,6.63141799999994
dense,19,3019,free,gaussian,1,om_ka,0.3472082074890402,0.4,-13.197948127739943,-191.80375794353316,1527.08555843737,18500,True,6.70434308052063,6.63141799999994
dense,19,3019,free,gaussian,1,sigma,0.2235943361756728,0.2,11.797168087836386,-191.80375794353316,1527.08555843737,18500,True,6.70434308052063,6.63141799999994
dense,19,3019,free,gaussian,8,CL,2.9592830287950576,3.0,-1.3572323734980811,-184.09219568230895,1825.0971740676648,7750,True,4.441554069519043,4.354084999999941
dense,19,3019,free,gaussian,8,V,29.46775656263663,30.0,-1.7741447912112325,-184.09219568230895,1825.0971740676648,7750,True,4.441554069519043,4.354084999999941
dense,19,3019,free,gaussian,8,ka,1.1960587587004767,1.2,-0.3284367749602687,-184.09219568230895,1825.0971740676648,7750,True,4.441554069519043,4.354084999999941
dense,19,3019,free,gaussian,8,om_CL,0.286135793792403,0.3,-4.621402069198996,-184.09219568230895,1825.0971740676648,7750,True,4.441554069519043,4.354084999999941
dense,19,3019,free,gaussian,8,om_V,0.1737740284108673,0.2,-13.112985794566349,-184.09219568230895,1825.0971740676648,7750,True,4.441554069519043,4.354084999999941
dense,19,3019,free,gaussian,8,om_ka,0.3732201582329843,0.4,-6.694960441753925,-184.09219568230895,1825.0971740676648,7750,True,4.441554069519043,4.354084999999941
dense,19,3019,free,gaussian,8,sigma,0.2072311523650823,0.2,3.615576182541144,-184.09219568230895,1825.0971740676648,7750,True,4.441554069519043,4.354084999999941
dense,19,3019,free,gaussian,64,CL,3.060508980601075,3.0,2.016966020035834,-184.3377234859767,1854.3387781398087,10500,True,18.106105089187626,17.93505200000004
dense,19,3019,free,gaussian,64,V,29.33870784097976,30.0,-2.2043071967341397,-184.3377234859767,1854.3387781398087,10500,True,18.106105089187626,17.93505200000004
dense,19,3019,free,gaussian,64,ka,1.198408836871522,1.2,-0.1325969273731631,-184.3377234859767,1854.3387781398087,10500,True,18.106105089187626,17.93505200000004
dense,19,3019,free,gaussian,64,om_CL,0.2903348035414137,0.3,-3.221732152862089,-184.3377234859767,1854.3387781398087,10500,True,18.106105089187626,17.93505200000004
dense,19,3019,free,gaussian,64,om_V,0.1793075300452255,0.2,-10.346234977387224,-184.3377234859767,1854.3387781398087,10500,True,18.106105089187626,17.93505200000004
dense,19,3019,free,gaussian,64,om_ka,0.3917051735596732,0.4,-2.073706610081688,-184.3377234859767,1854.3387781398087,10500,True,18.106105089187626,17.93505200000004
dense,19,3019,free,gaussian,64,sigma,0.2068844957097262,0.2,3.44224785486312,-184.3377234859767,1854.3387781398087,10500,True,18.106105089187626,17.93505200000004
dense,19,3019,amortized,gaussian,1,CL,3.082050521633531,3.0,2.735017387784374,-190.0961416977826,1682.8484877793016,22750,True,12.705339193344116,12.556376999999884
dense,19,3019,amortized,gaussian,1,V,29.423831635165072,30.0,-1.9205612161164256,-190.0961416977826,1682.8484877793016,22750,True,12.705339193344116,12.556376999999884
dense,19,3019,amortized,gaussian,1,ka,1.1830896110212623,1.2,-1.4091990815614706,-190.0961416977826,1682.8484877793016,22750,True,12.705339193344116,12.556376999999884
dense,19,3019,amortized,gaussian,1,om_CL,0.3012844156751662,0.3,0.4281385583887465,-190.0961416977826,1682.8484877793016,22750,True,12.705339193344116,12.556376999999884
dense,19,3019,amortized,gaussian,1,om_V,0.1502606503701437,0.2,-24.869674814928135,-190.0961416977826,1682.8484877793016,22750,True,12.705339193344116,12.556376999999884
dense,19,3019,amortized,gaussian,1,om_ka,0.3224289208144573,0.4,-19.392769796385668,-190.0961416977826,1682.8484877793016,22750,True,12.705339193344116,12.556376999999884
dense,19,3019,amortized,gaussian,1,sigma,0.2225814511286921,0.2,11.290725564346058,-190.0961416977826,1682.8484877793016,22750,True,12.705339193344116,12.556376999999884
dense,19,3019,amortized,gaussian,8,CL,2.989961382065058,3.0,-0.3346205978314032,-184.6691196139137,1900.0093249854435,10750,True,7.673701047897339,7.587330000000065
dense,19,3019,amortized,gaussian,8,V,29.523067062087826,30.0,-1.5897764597072594,-184.6691196139137,1900.0093249854435,10750,True,7.673701047897339,7.587330000000065
dense,19,3019,amortized,gaussian,8,ka,1.1965357100667973,1.2,-0.2886908277668909,-184.6691196139137,1900.0093249854435,10750,True,7.673701047897339,7.587330000000065
dense,19,3019,amortized,gaussian,8,om_CL,0.2920976538505803,0.3,-2.634115383139883,-184.6691196139137,1900.0093249854435,10750,True,7.673701047897339,7.587330000000065
dense,19,3019,amortized,gaussian,8,om_V,0.1641702868908941,0.2,-17.914856554552937,-184.6691196139137,1900.0093249854435,10750,True,7.673701047897339,7.587330000000065
dense,19,3019,amortized,gaussian,8,om_ka,0.3675968919285588,0.4,-8.100777017860299,-184.6691196139137,1900.0093249854435,10750,True,7.673701047897339,7.587330000000065
dense,19,3019,amortized,gaussian,8,sigma,0.2108308621165003,0.2,5.415431058250153,-184.6691196139137,1900.0093249854435,10750,True,7.673701047897339,7.587330000000065
dense,19,3019,amortized,gaussian,64,CL,3.002173869687486,3.0,0.0724623229162002,-183.99289035157713,2124.7228266500174,17000,True,33.00947189331055,32.77194600000007
dense,19,3019,amortized,gaussian,64,V,29.493011040180285,30.0,-1.68996319939905,-183.99289035157713,2124.7228266500174,17000,True,33.00947189331055,32.77194600000007
dense,19,3019,amortized,gaussian,64,ka,1.1918922552359024,1.2,-0.6756453970081326,-183.99289035157713,2124.7228266500174,17000,True,33.00947189331055,32.77194600000007
dense,19,3019,amortized,gaussian,64,om_CL,0.2886110729303504,0.3,-3.7963090232165193,-183.99289035157713,2124.7228266500174,17000,True,33.00947189331055,32.77194600000007
dense,19,3019,amortized,gaussian,64,om_V,0.1830552789303622,0.2,-8.472360534818895,-183.99289035157713,2124.7228266500174,17000,True,33.00947189331055,32.77194600000007
dense,19,3019,amortized,gaussian,64,om_ka,0.3686587224543941,0.4,-7.835319386401474,-183.99289035157713,2124.7228266500174,17000,True,33.00947189331055,32.77194600000007
dense,19,3019,amortized,gaussian,64,sigma,0.2103210294080766,0.2,5.160514704038333,-183.99289035157713,2124.7228266500174,17000,True,33.00947189331055,32.77194600000007
dense,20,3020,free,gaussian,1,CL,2.9521746436710163,3.0,-1.5941785442994554,-146.38015665700212,1269.4115266366794,19750,True,6.891176223754883,6.848400000000083
dense,20,3020,free,gaussian,1,V,31.323045719487528,30.0,4.410152398291759,-146.38015665700212,1269.4115266366794,19750,True,6.891176223754883,6.848400000000083
dense,20,3020,free,gaussian,1,ka,1.3416142408734362,1.2,11.80118673945302,-146.38015665700212,1269.4115266366794,19750,True,6.891176223754883,6.848400000000083
dense,20,3020,free,gaussian,1,om_CL,0.2923086018470712,0.3,-2.5637993843095805,-146.38015665700212,1269.4115266366794,19750,True,6.891176223754883,6.848400000000083
dense,20,3020,free,gaussian,1,om_V,0.1469701005470135,0.2,-26.514949726493235,-146.38015665700212,1269.4115266366794,19750,True,6.891176223754883,6.848400000000083
dense,20,3020,free,gaussian,1,om_ka,0.3878155799162162,0.4,-3.0461050209459466,-146.38015665700212,1269.4115266366794,19750,True,6.891176223754883,6.848400000000083
dense,20,3020,free,gaussian,1,sigma,0.2015747445632732,0.2,0.7873722816366252,-146.38015665700212,1269.4115266366794,19750,True,6.891176223754883,6.848400000000083
dense,20,3020,free,gaussian,8,CL,2.9558232513660574,3.0,-1.472558287798087,-141.87498732112206,1779.8871931144506,10250,True,5.220172166824341,5.170699000000013
dense,20,3020,free,gaussian,8,V,30.657265003349966,30.0,2.1908833444998876,-141.87498732112206,1779.8871931144506,10250,True,5.220172166824341,5.170699000000013
dense,20,3020,free,gaussian,8,ka,1.3424034335813388,1.2,11.866952798444908,-141.87498732112206,1779.8871931144506,10250,True,5.220172166824341,5.170699000000013
dense,20,3020,free,gaussian,8,om_CL,0.2906592681711691,0.3,-3.113577276276943,-141.87498732112206,1779.8871931144506,10250,True,5.220172166824341,5.170699000000013
dense,20,3020,free,gaussian,8,om_V,0.1747682386624708,0.2,-12.615880668764609,-141.87498732112206,1779.8871931144506,10250,True,5.220172166824341,5.170699000000013
dense,20,3020,free,gaussian,8,om_ka,0.4203318554281885,0.4,5.082963857047123,-141.87498732112206,1779.8871931144506,10250,True,5.220172166824341,5.170699000000013
dense,20,3020,free,gaussian,8,sigma,0.1900213229353774,0.2,-4.989338532311302,-141.87498732112206,1779.8871931144506,10250,True,5.220172166824341,5.170699000000013
dense,20,3020,free,gaussian,64,CL,2.9682984068467277,3.0,-1.056719771775742,-141.02569260854494,1753.2375531947343,7500,True,12.595782995224,12.517239000000018
dense,20,3020,free,gaussian,64,V,31.09890998276941,30.0,3.663033275898021,-141.02569260854494,1753.2375531947343,7500,True,12.595782995224,12.517239000000018
dense,20,3020,free,gaussian,64,ka,1.34031062381976,1.2,11.69255198498,-141.02569260854494,1753.2375531947343,7500,True,12.595782995224,12.517239000000018
dense,20,3020,free,gaussian,64,om_CL,0.2898773009317147,0.3,-3.37423302276176,-141.02569260854494,1753.2375531947343,7500,True,12.595782995224,12.517239000000018
dense,20,3020,free,gaussian,64,om_V,0.1798620264154349,0.2,-10.06898679228256,-141.02569260854494,1753.2375531947343,7500,True,12.595782995224,12.517239000000018
dense,20,3020,free,gaussian,64,om_ka,0.4344909478351131,0.4,8.62273695877827,-141.02569260854494,1753.2375531947343,7500,True,12.595782995224,12.517239000000018
dense,20,3020,free,gaussian,64,sigma,0.1898798129234631,0.2,-5.060093538268418,-141.02569260854494,1753.2375531947343,7500,True,12.595782995224,12.517239000000018
dense,20,3020,amortized,gaussian,1,CL,2.9922326267559196,3.0,-0.2589124414693463,-161.64717050274749,1166.193624200566,18250,True,9.668734073638916,9.613375000000133
dense,20,3020,amortized,gaussian,1,V,31.06655713361768,30.0,3.5551904453922725,-161.64717050274749,1166.193624200566,18250,True,9.668734073638916,9.613375000000133
dense,20,3020,amortized,gaussian,1,ka,1.3297759584134654,1.2,10.81466320112212,-161.64717050274749,1166.193624200566,18250,True,9.668734073638916,9.613375000000133
dense,20,3020,amortized,gaussian,1,om_CL,0.2781789175915078,0.3,-7.273694136164041,-161.64717050274749,1166.193624200566,18250,True,9.668734073638916,9.613375000000133
dense,20,3020,amortized,gaussian,1,om_V,0.1196637137965123,0.2,-40.16814310174384,-161.64717050274749,1166.193624200566,18250,True,9.668734073638916,9.613375000000133
dense,20,3020,amortized,gaussian,1,om_ka,0.4372630621458929,0.4,9.315765536473217,-161.64717050274749,1166.193624200566,18250,True,9.668734073638916,9.613375000000133
dense,20,3020,amortized,gaussian,1,sigma,0.2371759737052721,0.2,18.58798685263607,-161.64717050274749,1166.193624200566,18250,True,9.668734073638916,9.613375000000133
dense,20,3020,amortized,gaussian,8,CL,2.9434413564603235,3.0,-1.8852881179892185,-141.97791136028889,1827.2272018231563,6250,True,4.370416879653931,4.344411000000036
dense,20,3020,amortized,gaussian,8,V,31.084196567058815,30.0,3.613988556862715,-141.97791136028889,1827.2272018231563,6250,True,4.370416879653931,4.344411000000036
dense,20,3020,amortized,gaussian,8,ka,1.34647437737452,1.2,12.20619811454334,-141.97791136028889,1827.2272018231563,6250,True,4.370416879653931,4.344411000000036
dense,20,3020,amortized,gaussian,8,om_CL,0.2889479638475111,0.3,-3.684012050829633,-141.97791136028889,1827.2272018231563,6250,True,4.370416879653931,4.344411000000036
dense,20,3020,amortized,gaussian,8,om_V,0.1717465931713834,0.2,-14.1267034143083,-141.97791136028889,1827.2272018231563,6250,True,4.370416879653931,4.344411000000036
dense,20,3020,amortized,gaussian,8,om_ka,0.394722224572056,0.4,-1.3194438569859994,-141.97791136028889,1827.2272018231563,6250,True,4.370416879653931,4.344411000000036
dense,20,3020,amortized,gaussian,8,sigma,0.1926371028479659,0.2,-3.681448576017057,-141.97791136028889,1827.2272018231563,6250,True,4.370416879653931,4.344411000000036
dense,20,3020,amortized,gaussian,64,CL,2.963320537787223,3.0,-1.222648740425895,-141.34660116946765,1798.2660512714808,15000,True,28.82421183586121,28.653412000000117
dense,20,3020,amortized,gaussian,64,V,30.71978099095839,30.0,2.399269969861303,-141.34660116946765,1798.2660512714808,15000,True,28.82421183586121,28.653412000000117
dense,20,3020,amortized,gaussian,64,ka,1.3389355637724818,1.2,11.577963647706822,-141.34660116946765,1798.2660512714808,15000,True,28.82421183586121,28.653412000000117
dense,20,3020,amortized,gaussian,64,om_CL,0.2897058257201633,0.3,-3.431391426612233,-141.34660116946765,1798.2660512714808,15000,True,28.82421183586121,28.653412000000117
dense,20,3020,amortized,gaussian,64,om_V,0.1877018565675037,0.2,-6.149071716248136,-141.34660116946765,1798.2660512714808,15000,True,28.82421183586121,28.653412000000117
dense,20,3020,amortized,gaussian,64,om_ka,0.4542013108161044,0.4,13.550327704026088,-141.34660116946765,1798.2660512714808,15000,True,28.82421183586121,28.653412000000117
dense,20,3020,amortized,gaussian,64,sigma,0.1868534184850547,0.2,-6.573290757472649,-141.34660116946765,1798.2660512714808,15000,True,28.82421183586121,28.653412000000117
dense,21,3021,free,gaussian,1,CL,3.022048279771514,3.0,0.7349426590504452,-187.300068262934,1161.323461646779,11500,True,4.035890817642212,4.008884999999964
dense,21,3021,free,gaussian,1,V,30.68857846497703,30.0,2.2952615499234477,-187.300068262934,1161.323461646779,11500,True,4.035890817642212,4.008884999999964
dense,21,3021,free,gaussian,1,ka,1.2600184779708647,1.2,5.0015398309054,-187.300068262934,1161.323461646779,11500,True,4.035890817642212,4.008884999999964
dense,21,3021,free,gaussian,1,om_CL,0.2525140900383671,0.3,-15.828636653877629,-187.300068262934,1161.323461646779,11500,True,4.035890817642212,4.008884999999964
dense,21,3021,free,gaussian,1,om_V,0.1802109050009366,0.2,-9.894547499531685,-187.300068262934,1161.323461646779,11500,True,4.035890817642212,4.008884999999964
dense,21,3021,free,gaussian,1,om_ka,0.3250214494917243,0.4,-18.74463762706892,-187.300068262934,1161.323461646779,11500,True,4.035890817642212,4.008884999999964
dense,21,3021,free,gaussian,1,sigma,0.2234568636692319,0.2,11.72843183461594,-187.300068262934,1161.323461646779,11500,True,4.035890817642212,4.008884999999964
dense,21,3021,free,gaussian,8,CL,3.0536435428055455,3.0,1.7881180935181835,-181.0480484986639,1512.5881992839325,2500,True,1.32035493850708,1.3102340000000368
dense,21,3021,free,gaussian,8,V,30.25433361192631,30.0,0.8477787064210318,-181.0480484986639,1512.5881992839325,2500,True,1.32035493850708,1.3102340000000368
dense,21,3021,free,gaussian,8,ka,1.1839684632378422,1.2,-1.3359613968464783,-181.0480484986639,1512.5881992839325,2500,True,1.32035493850708,1.3102340000000368
dense,21,3021,free,gaussian,8,om_CL,0.2657561484250882,0.3,-11.41461719163724,-181.0480484986639,1512.5881992839325,2500,True,1.32035493850708,1.3102340000000368
dense,21,3021,free,gaussian,8,om_V,0.1970471219798922,0.2,-1.476439010053912,-181.0480484986639,1512.5881992839325,2500,True,1.32035493850708,1.3102340000000368
dense,21,3021,free,gaussian,8,om_ka,0.3885622125195423,0.4,-2.8594468701144127,-181.0480484986639,1512.5881992839325,2500,True,1.32035493850708,1.3102340000000368
dense,21,3021,free,gaussian,8,sigma,0.2081007250998371,0.2,4.050362549918584,-181.0480484986639,1512.5881992839325,2500,True,1.32035493850708,1.3102340000000368
dense,21,3021,free,gaussian,64,CL,3.005136103163181,3.0,0.1712034387726972,-179.2653568211791,1838.5015011402668,8000,True,13.438974857330322,13.35370499999999
dense,21,3021,free,gaussian,64,V,29.693410599517247,30.0,-1.0219646682758448,-179.2653568211791,1838.5015011402668,8000,True,13.438974857330322,13.35370499999999
dense,21,3021,free,gaussian,64,ka,1.2588852951554437,1.2,4.907107929620292,-179.2653568211791,1838.5015011402668,8000,True,13.438974857330322,13.35370499999999
dense,21,3021,free,gaussian,64,om_CL,0.2624884684413617,0.3,-12.503843852879411,-179.2653568211791,1838.5015011402668,8000,True,13.438974857330322,13.35370499999999
dense,21,3021,free,gaussian,64,om_V,0.2100932083359802,0.2,5.04660416799009,-179.2653568211791,1838.5015011402668,8000,True,13.438974857330322,13.35370499999999
dense,21,3021,free,gaussian,64,om_ka,0.409533187684023,0.4,2.383296921005751,-179.2653568211791,1838.5015011402668,8000,True,13.438974857330322,13.35370499999999
dense,21,3021,free,gaussian,64,sigma,0.201664649793874,0.2,0.8323248969370339,-179.2653568211791,1838.5015011402668,8000,True,13.438974857330322,13.35370499999999
dense,21,3021,amortized,gaussian,1,CL,2.9866101173116255,3.0,-0.4463294229458163,-197.1581909945758,907.3744392232616,15500,True,8.26813817024231,8.214482999999973
dense,21,3021,amortized,gaussian,1,V,31.087595582667635,30.0,3.6253186088921177,-197.1581909945758,907.3744392232616,15500,True,8.26813817024231,8.214482999999973
dense,21,3021,amortized,gaussian,1,ka,1.2803097439772444,1.2,6.692478664770371,-197.1581909945758,907.3744392232616,15500,True,8.26813817024231,8.214482999999973
dense,21,3021,amortized,gaussian,1,om_CL,0.266395981229654,0.3,-11.201339590115325,-197.1581909945758,907.3744392232616,15500,True,8.26813817024231,8.214482999999973
dense,21,3021,amortized,gaussian,1,om_V,0.2065644889770616,0.2,3.2822444885308304,-197.1581909945758,907.3744392232616,15500,True,8.26813817024231,8.214482999999973
dense,21,3021,amortized,gaussian,1,om_ka,0.2232815525978713,0.4,-44.17961185053216,-197.1581909945758,907.3744392232616,15500,True,8.26813817024231,8.214482999999973
dense,21,3021,amortized,gaussian,1,sigma,0.2401928973148707,0.2,20.09644865743537,-197.1581909945758,907.3744392232616,15500,True,8.26813817024231,8.214482999999973
dense,21,3021,amortized,gaussian,8,CL,2.972690999454136,3.0,-0.9103000181954682,-180.25698848128224,1318.2095886469092,11000,True,7.659405708312988,7.6115839999999935
dense,21,3021,amortized,gaussian,8,V,30.87036443489548,30.0,2.901214782984939,-180.25698848128224,1318.2095886469092,11000,True,7.659405708312988,7.6115839999999935
dense,21,3021,amortized,gaussian,8,ka,1.220206225849077,1.2,1.6838521540897269,-180.25698848128224,1318.2095886469092,11000,True,7.659405708312988,7.6115839999999935
dense,21,3021,amortized,gaussian,8,om_CL,0.2673319764686408,0.3,-10.889341177119723,-180.25698848128224,1318.2095886469092,11000,True,7.659405708312988,7.6115839999999935
dense,21,3021,amortized,gaussian,8,om_V,0.2028941418995232,0.2,1.4470709497616112,-180.25698848128224,1318.2095886469092,11000,True,7.659405708312988,7.6115839999999935
dense,21,3021,amortized,gaussian,8,om_ka,0.3744647275720558,0.4,-6.383818106986059,-180.25698848128224,1318.2095886469092,11000,True,7.659405708312988,7.6115839999999935
dense,21,3021,amortized,gaussian,8,sigma,0.2063289742754336,0.2,3.16448713771679,-180.25698848128224,1318.2095886469092,11000,True,7.659405708312988,7.6115839999999935
dense,21,3021,amortized,gaussian,64,CL,2.9978333862150475,3.0,-0.0722204594984177,-179.26551332345915,1450.0603418999797,19250,True,37.2284619808197,36.98315199999979
dense,21,3021,amortized,gaussian,64,V,29.838758670455448,30.0,-0.5374710984818402,-179.26551332345915,1450.0603418999797,19250,True,37.2284619808197,36.98315199999979
dense,21,3021,amortized,gaussian,64,ka,1.2405106171953708,1.2,3.375884766280905,-179.26551332345915,1450.0603418999797,19250,True,37.2284619808197,36.98315199999979
dense,21,3021,amortized,gaussian,64,om_CL,0.2651720576833987,0.3,-11.609314105533748,-179.26551332345915,1450.0603418999797,19250,True,37.2284619808197,36.98315199999979
dense,21,3021,amortized,gaussian,64,om_V,0.2092601759672067,0.2,4.63008798360337,-179.26551332345915,1450.0603418999797,19250,True,37.2284619808197,36.98315199999979
dense,21,3021,amortized,gaussian,64,om_ka,0.3974567080534218,0.4,-0.6358229866445381,-179.26551332345915,1450.0603418999797,19250,True,37.2284619808197,36.98315199999979
dense,21,3021,amortized,gaussian,64,sigma,0.2024124553033037,0.2,1.2062276516518755,-179.26551332345915,1450.0603418999797,19250,True,37.2284619808197,36.98315199999979
dense,22,3022,free,gaussian,1,CL,3.1348179634532074,3.0,4.493932115106913,-209.08637519445872,1198.482306898166,12000,True,4.21433687210083,4.188850999999886
dense,22,3022,free,gaussian,1,V,29.382585346186477,30.0,-2.058048846045075,-209.08637519445872,1198.482306898166,12000,True,4.21433687210083,4.188850999999886
dense,22,3022,free,gaussian,1,ka,1.130221925205463,1.2,-5.8148395662114085,-209.08637519445872,1198.482306898166,12000,True,4.21433687210083,4.188850999999886
dense,22,3022,free,gaussian,1,om_CL,0.2748723141116048,0.3,-8.375895296131734,-209.08637519445872,1198.482306898166,12000,True,4.21433687210083,4.188850999999886
dense,22,3022,free,gaussian,1,om_V,0.1568244742503385,0.2,-21.587762874830744,-209.08637519445872,1198.482306898166,12000,True,4.21433687210083,4.188850999999886
dense,22,3022,free,gaussian,1,om_ka,0.3148380321625145,0.4,-21.29049195937137,-209.08637519445872,1198.482306898166,12000,True,4.21433687210083,4.188850999999886
dense,22,3022,free,gaussian,1,sigma,0.2300996750363445,0.2,15.04983751817228,-209.08637519445872,1198.482306898166,12000,True,4.21433687210083,4.188850999999886
dense,22,3022,free,gaussian,8,CL,3.10501398998977,3.0,3.5004663329923544,-202.01088163471255,1554.7498664201096,4750,True,2.4499268531799316,2.432120999999825
dense,22,3022,free,gaussian,8,V,29.147388764556375,30.0,-2.8420374514787503,-202.01088163471255,1554.7498664201096,4750,True,2.4499268531799316,2.432120999999825
dense,22,3022,free,gaussian,8,ka,1.1216657366233305,1.2,-6.527855281389124,-202.01088163471255,1554.7498664201096,4750,True,2.4499268531799316,2.432120999999825
dense,22,3022,free,gaussian,8,om_CL,0.2874999467310233,0.3,-4.166684422992229,-202.01088163471255,1554.7498664201096,4750,True,2.4499268531799316,2.432120999999825
dense,22,3022,free,gaussian,8,om_V,0.1859028488657302,0.2,-7.048575567134896,-202.01088163471255,1554.7498664201096,4750,True,2.4499268531799316,2.432120999999825
dense,22,3022,free,gaussian,8,om_ka,0.3563984378310839,0.4,-10.90039054222902,-202.01088163471255,1554.7498664201096,4750,True,2.4499268531799316,2.432120999999825
dense,22,3022,free,gaussian,8,sigma,0.210565427162278,0.2,5.282713581139033,-202.01088163471255,1554.7498664201096,4750,True,2.4499268531799316,2.432120999999825
dense,22,3022,free,gaussian,64,CL,3.1532974664191116,3.0,5.109915547303719,-202.1398261175653,1783.5213875884228,2000,True,3.4278371334075928,3.4034300000000712
dense,22,3022,free,gaussian,64,V,29.008413430659797,30.0,-3.3052885644673444,-202.1398261175653,1783.5213875884228,2000,True,3.4278371334075928,3.4034300000000712
dense,22,3022,free,gaussian,64,ka,1.1191750364736026,1.2,-6.735413627199778,-202.1398261175653,1783.5213875884228,2000,True,3.4278371334075928,3.4034300000000712
dense,22,3022,free,gaussian,64,om_CL,0.2823274844605508,0.3,-5.890838513149736,-202.1398261175653,1783.5213875884228,2000,True,3.4278371334075928,3.4034300000000712
dense,22,3022,free,gaussian,64,om_V,0.1954071180190311,0.2,-2.296440990484441,-202.1398261175653,1783.5213875884228,2000,True,3.4278371334075928,3.4034300000000712
dense,22,3022,free,gaussian,64,om_ka,0.3964820731192954,0.4,-0.8794817201761423,-202.1398261175653,1783.5213875884228,2000,True,3.4278371334075928,3.4034300000000712
dense,22,3022,free,gaussian,64,sigma,0.2122135998785726,0.2,6.1067999392863115,-202.1398261175653,1783.5213875884228,2000,True,3.4278371334075928,3.4034300000000712
dense,22,3022,amortized,gaussian,1,CL,3.104206465737565,3.0,3.4735488579188325,-230.6432126189928,1220.1922402176008,3250,True,1.7974019050598145,1.7838769999998476
dense,22,3022,amortized,gaussian,1,V,30.620225115029346,30.0,2.067417050097807,-230.6432126189928,1220.1922402176008,3250,True,1.7974019050598145,1.7838769999998476
dense,22,3022,amortized,gaussian,1,ka,1.1948296263811744,1.2,-0.4308644682354627,-230.6432126189928,1220.1922402176008,3250,True,1.7974019050598145,1.7838769999998476
dense,22,3022,amortized,gaussian,1,om_CL,0.262012057330904,0.3,-12.662647556365314,-230.6432126189928,1220.1922402176008,3250,True,1.7974019050598145,1.7838769999998476
dense,22,3022,amortized,gaussian,1,om_V,0.15921073040276,0.2,-20.39463479861997,-230.6432126189928,1220.1922402176008,3250,True,1.7974019050598145,1.7838769999998476
dense,22,3022,amortized,gaussian,1,om_ka,0.2973905686520429,0.4,-25.652357836989268,-230.6432126189928,1220.1922402176008,3250,True,1.7974019050598145,1.7838769999998476
dense,22,3022,amortized,gaussian,1,sigma,0.2781309394239059,0.2,39.06546971195293,-230.6432126189928,1220.1922402176008,3250,True,1.7974019050598145,1.7838769999998476
dense,22,3022,amortized,gaussian,8,CL,3.116355573253275,3.0,3.878519108442502,-202.84928932763313,1727.3734823578754,18500,True,12.854288101196287,12.771471999999903
dense,22,3022,amortized,gaussian,8,V,29.769545364641942,30.0,-0.7681821178601803,-202.84928932763313,1727.3734823578754,18500,True,12.854288101196287,12.771471999999903
dense,22,3022,amortized,gaussian,8,ka,1.1275005170106691,1.2,-6.041623582444237,-202.84928932763313,1727.3734823578754,18500,True,12.854288101196287,12.771471999999903
dense,22,3022,amortized,gaussian,8,om_CL,0.2738602772196489,0.3,-8.71324092678368,-202.84928932763313,1727.3734823578754,18500,True,12.854288101196287,12.771471999999903
dense,22,3022,amortized,gaussian,8,om_V,0.1949453547367044,0.2,-2.527322631647774,-202.84928932763313,1727.3734823578754,18500,True,12.854288101196287,12.771471999999903
dense,22,3022,amortized,gaussian,8,om_ka,0.339062814018111,0.4,-15.234296495472242,-202.84928932763313,1727.3734823578754,18500,True,12.854288101196287,12.771471999999903
dense,22,3022,amortized,gaussian,8,sigma,0.2135467309821173,0.2,6.773365491058683,-202.84928932763313,1727.3734823578754,18500,True,12.854288101196287,12.771471999999903
dense,22,3022,amortized,gaussian,64,CL,3.09064274326637,3.0,3.0214247755456705,-201.8281390947852,1885.1568698323424,23000,True,44.28966808319092,44.04427499999997
dense,22,3022,amortized,gaussian,64,V,29.03765114883413,30.0,-3.207829503886247,-201.8281390947852,1885.1568698323424,23000,True,44.28966808319092,44.04427499999997
dense,22,3022,amortized,gaussian,64,ka,1.1506668008073615,1.2,-4.111099932719871,-201.8281390947852,1885.1568698323424,23000,True,44.28966808319092,44.04427499999997
dense,22,3022,amortized,gaussian,64,om_CL,0.2818490659370415,0.3,-6.0503113543194935,-201.8281390947852,1885.1568698323424,23000,True,44.28966808319092,44.04427499999997
dense,22,3022,amortized,gaussian,64,om_V,0.1899492590575926,0.2,-5.025370471203674,-201.8281390947852,1885.1568698323424,23000,True,44.28966808319092,44.04427499999997
dense,22,3022,amortized,gaussian,64,om_ka,0.3904245575943614,0.4,-2.3938606014096417,-201.8281390947852,1885.1568698323424,23000,True,44.28966808319092,44.04427499999997
dense,22,3022,amortized,gaussian,64,sigma,0.2112081753701527,0.2,5.604087685076378,-201.8281390947852,1885.1568698323424,23000,True,44.28966808319092,44.04427499999997
dense,23,3023,free,gaussian,1,CL,3.030127755739615,3.0,1.0042585246538376,-216.93417026992677,1171.8733700006635,13250,True,4.619850873947144,4.599797999999964
dense,23,3023,free,gaussian,1,V,30.740767839373703,30.0,2.4692261312456765,-216.93417026992677,1171.8733700006635,13250,True,4.619850873947144,4.599797999999964
dense,23,3023,free,gaussian,1,ka,1.2310912347405851,1.2,2.590936228382098,-216.93417026992677,1171.8733700006635,13250,True,4.619850873947144,4.599797999999964
dense,23,3023,free,gaussian,1,om_CL,0.3147754329241,0.3,4.925144308033333,-216.93417026992677,1171.8733700006635,13250,True,4.619850873947144,4.599797999999964
dense,23,3023,free,gaussian,1,om_V,0.2118451191852829,0.2,5.922559592641485,-216.93417026992677,1171.8733700006635,13250,True,4.619850873947144,4.599797999999964
dense,23,3023,free,gaussian,1,om_ka,0.3024971962172017,0.4,-24.37570094569957,-216.93417026992677,1171.8733700006635,13250,True,4.619850873947144,4.599797999999964
dense,23,3023,free,gaussian,1,sigma,0.2222980052231425,0.2,11.149002611571255,-216.93417026992677,1171.8733700006635,13250,True,4.619850873947144,4.599797999999964
dense,23,3023,free,gaussian,8,CL,2.978727025663878,3.0,-0.7090991445374062,-211.5173338913112,1637.798549320263,9000,True,4.544050931930542,4.524200000000064
dense,23,3023,free,gaussian,8,V,30.356553354303117,30.0,1.1885111810103883,-211.5173338913112,1637.798549320263,9000,True,4.544050931930542,4.524200000000064
dense,23,3023,free,gaussian,8,ka,1.2062923213633756,1.2,0.5243601136146377,-211.5173338913112,1637.798549320263,9000,True,4.544050931930542,4.524200000000064
dense,23,3023,free,gaussian,8,om_CL,0.3157881484084318,0.3,5.262716136143949,-211.5173338913112,1637.798549320263,9000,True,4.544050931930542,4.524200000000064
dense,23,3023,free,gaussian,8,om_V,0.2207910874461422,0.2,10.395543723071125,-211.5173338913112,1637.798549320263,9000,True,4.544050931930542,4.524200000000064
dense,23,3023,free,gaussian,8,om_ka,0.3716169534758686,0.4,-7.0957616310328575,-211.5173338913112,1637.798549320263,9000,True,4.544050931930542,4.524200000000064
dense,23,3023,free,gaussian,8,sigma,0.2071745054266997,0.2,3.587252713349878,-211.5173338913112,1637.798549320263,9000,True,4.544050931930542,4.524200000000064
dense,23,3023,free,gaussian,64,CL,2.968659113460564,3.0,-1.0446962179812076,-211.5008401654366,1306.2033132041054,4250,True,7.1594438552856445,7.1261859999999615
dense,23,3023,free,gaussian,64,V,31.05395853296867,30.0,3.513195109895572,-211.5008401654366,1306.2033132041054,4250,True,7.1594438552856445,7.1261859999999615
dense,23,3023,free,gaussian,64,ka,1.1958754700942429,1.2,-0.3437108254797557,-211.5008401654366,1306.2033132041054,4250,True,7.1594438552856445,7.1261859999999615
dense,23,3023,free,gaussian,64,om_CL,0.3174319805101968,0.3,5.810660170065596,-211.5008401654366,1306.2033132041054,4250,True,7.1594438552856445,7.1261859999999615
dense,23,3023,free,gaussian,64,om_V,0.2279100843712099,0.2,13.95504218560496,-211.5008401654366,1306.2033132041054,4250,True,7.1594438552856445,7.1261859999999615
dense,23,3023,free,gaussian,64,om_ka,0.3905483792505179,0.4,-2.36290518737052,-211.5008401654366,1306.2033132041054,4250,True,7.1594438552856445,7.1261859999999615
dense,23,3023,free,gaussian,64,sigma,0.2019838736371867,0.2,0.9919368185933723,-211.5008401654366,1306.2033132041054,4250,True,7.1594438552856445,7.1261859999999615
dense,23,3023,amortized,gaussian,1,CL,2.9933283638117048,3.0,-0.2223878729431749,-218.1112206257747,1327.3131975009271,20750,True,10.961524963378906,10.914281999999956
dense,23,3023,amortized,gaussian,1,V,30.912203167956356,30.0,3.0406772265211877,-218.1112206257747,1327.3131975009271,20750,True,10.961524963378906,10.914281999999956
dense,23,3023,amortized,gaussian,1,ka,1.2199955229494248,1.2,1.6662935791187383,-218.1112206257747,1327.3131975009271,20750,True,10.961524963378906,10.914281999999956
dense,23,3023,amortized,gaussian,1,om_CL,0.311952613588802,0.3,3.9842045296006696,-218.1112206257747,1327.3131975009271,20750,True,10.961524963378906,10.914281999999956
dense,23,3023,amortized,gaussian,1,om_V,0.2097728980615424,0.2,4.886449030771192,-218.1112206257747,1327.3131975009271,20750,True,10.961524963378906,10.914281999999956
dense,23,3023,amortized,gaussian,1,om_ka,0.2786242608681557,0.4,-30.34393478296107,-218.1112206257747,1327.3131975009271,20750,True,10.961524963378906,10.914281999999956
dense,23,3023,amortized,gaussian,1,sigma,0.2260222408210382,0.2,13.011120410519093,-218.1112206257747,1327.3131975009271,20750,True,10.961524963378906,10.914281999999956
dense,23,3023,amortized,gaussian,8,CL,3.1253693623991583,3.0,4.17897874663861,-211.97761374347428,1613.3810327854756,19750,True,13.581135034561155,13.522804999999837
dense,23,3023,amortized,gaussian,8,V,30.50592467570586,30.0,1.6864155856861984,-211.97761374347428,1613.3810327854756,19750,True,13.581135034561155,13.522804999999837
dense,23,3023,amortized,gaussian,8,ka,1.2048626363953083,1.2,0.4052196996090311,-211.97761374347428,1613.3810327854756,19750,True,13.581135034561155,13.522804999999837
dense,23,3023,amortized,gaussian,8,om_CL,0.3088093840527438,0.3,2.936461350914595,-211.97761374347428,1613.3810327854756,19750,True,13.581135034561155,13.522804999999837
dense,23,3023,amortized,gaussian,8,om_V,0.232984206200755,0.2,16.49210310037749,-211.97761374347428,1613.3810327854756,19750,True,13.581135034561155,13.522804999999837
dense,23,3023,amortized,gaussian,8,om_ka,0.376774628414938,0.4,-5.806342896265512,-211.97761374347428,1613.3810327854756,19750,True,13.581135034561155,13.522804999999837
dense,23,3023,amortized,gaussian,8,sigma,0.2012982960480041,0.2,0.6491480240020664,-211.97761374347428,1613.3810327854756,19750,True,13.581135034561155,13.522804999999837
dense,23,3023,amortized,gaussian,64,CL,3.075474755903212,3.0,2.515825196773728,-210.4708039381485,720.7925997948815,7750,True,15.251854181289673,15.146140999999943
dense,23,3023,amortized,gaussian,64,V,30.22970824852006,30.0,0.7656941617335278,-210.4708039381485,720.7925997948815,7750,True,15.251854181289673,15.146140999999943
dense,23,3023,amortized,gaussian,64,ka,1.2535785814775,1.2,4.464881789791671,-210.4708039381485,720.7925997948815,7750,True,15.251854181289673,15.146140999999943
dense,23,3023,amortized,gaussian,64,om_CL,0.3213773832187884,0.3,7.125794406262802,-210.4708039381485,720.7925997948815,7750,True,15.251854181289673,15.146140999999943
dense,23,3023,amortized,gaussian,64,om_V,0.2275828312336452,0.2,13.791415616822636,-210.4708039381485,720.7925997948815,7750,True,15.251854181289673,15.146140999999943
dense,23,3023,amortized,gaussian,64,om_ka,0.394239429430173,0.4,-1.4401426424567598,-210.4708039381485,720.7925997948815,7750,True,15.251854181289673,15.146140999999943
dense,23,3023,amortized,gaussian,64,sigma,0.2054326736619333,0.2,2.716336830966656,-210.4708039381485,720.7925997948815,7750,True,15.251854181289673,15.146140999999943
dense,24,3024,free,gaussian,1,CL,2.9938150149209832,3.0,-0.2061661693005589,-149.10542931141129,1220.5442159880042,17750,True,6.212476968765259,6.173468999999841
dense,24,3024,free,gaussian,1,V,30.870669033972874,30.0,2.9022301132429127,-149.10542931141129,1220.5442159880042,17750,True,6.212476968765259,6.173468999999841
dense,24,3024,free,gaussian,1,ka,1.1212946013100116,1.2,-6.5587832241656985,-149.10542931141129,1220.5442159880042,17750,True,6.212476968765259,6.173468999999841
dense,24,3024,free,gaussian,1,om_CL,0.3081015396834705,0.3,2.7005132278235164,-149.10542931141129,1220.5442159880042,17750,True,6.212476968765259,6.173468999999841
dense,24,3024,free,gaussian,1,om_V,0.1271741156928875,0.2,-36.41294215355622,-149.10542931141129,1220.5442159880042,17750,True,6.212476968765259,6.173468999999841
dense,24,3024,free,gaussian,1,om_ka,0.3883664176306601,0.4,-2.9083955923349807,-149.10542931141129,1220.5442159880042,17750,True,6.212476968765259,6.173468999999841
dense,24,3024,free,gaussian,1,sigma,0.1973702389022365,0.2,-1.314880548881736,-149.10542931141129,1220.5442159880042,17750,True,6.212476968765259,6.173468999999841
dense,24,3024,free,gaussian,8,CL,2.966819394932575,3.0,-1.1060201689141609,-142.22661397989543,1612.5247035351863,15500,True,7.754324197769165,7.722095999999965
dense,24,3024,free,gaussian,8,V,30.609426646642746,30.0,2.0314221554758185,-142.22661397989543,1612.5247035351863,15500,True,7.754324197769165,7.722095999999965
dense,24,3024,free,gaussian,8,ka,1.111819060644019,1.2,-7.348411612998411,-142.22661397989543,1612.5247035351863,15500,True,7.754324197769165,7.722095999999965
dense,24,3024,free,gaussian,8,om_CL,0.3161118461961223,0.3,5.370615398707461,-142.22661397989543,1612.5247035351863,15500,True,7.754324197769165,7.722095999999965
dense,24,3024,free,gaussian,8,om_V,0.1679462970072642,0.2,-16.0268514963679,-142.22661397989543,1612.5247035351863,15500,True,7.754324197769165,7.722095999999965
dense,24,3024,free,gaussian,8,om_ka,0.4051603874835041,0.4,1.2900968708760283,-142.22661397989543,1612.5247035351863,15500,True,7.754324197769165,7.722095999999965
dense,24,3024,free,gaussian,8,sigma,0.1848724621038627,0.2,-7.563768948068621,-142.22661397989543,1612.5247035351863,15500,True,7.754324197769165,7.722095999999965
dense,24,3024,free,gaussian,64,CL,2.9851012511894006,3.0,-0.4966249603533127,-142.1161085346605,1741.5455300856545,4500,True,7.561519145965576,7.5279569999997875
dense,24,3024,free,gaussian,64,V,30.663553182272217,30.0,2.2118439409073907,-142.1161085346605,1741.5455300856545,4500,True,7.561519145965576,7.5279569999997875
dense,24,3024,free,gaussian,64,ka,1.1178699369459046,1.2,-6.844171921174611,-142.1161085346605,1741.5455300856545,4500,True,7.561519145965576,7.5279569999997875
dense,24,3024,free,gaussian,64,om_CL,0.3092652910215743,0.3,3.088430340524769,-142.1161085346605,1741.5455300856545,4500,True,7.561519145965576,7.5279569999997875
dense,24,3024,free,gaussian,64,om_V,0.1773399881385622,0.2,-11.330005930718908,-142.1161085346605,1741.5455300856545,4500,True,7.561519145965576,7.5279569999997875
dense,24,3024,free,gaussian,64,om_ka,0.4170817780375072,0.4,4.270444509376789,-142.1161085346605,1741.5455300856545,4500,True,7.561519145965576,7.5279569999997875
dense,24,3024,free,gaussian,64,sigma,0.1827991017917651,0.2,-8.600449104117432,-142.1161085346605,1741.5455300856545,4500,True,7.561519145965576,7.5279569999997875
dense,24,3024,amortized,gaussian,1,CL,2.989445023542501,3.0,-0.3518325485832936,-155.7124212413091,1052.039985450544,25000,False,13.668833017349243,13.527000999999927
dense,24,3024,amortized,gaussian,1,V,30.763597025098907,30.0,2.545323416996356,-155.7124212413091,1052.039985450544,25000,False,13.668833017349243,13.527000999999927
dense,24,3024,amortized,gaussian,1,ka,1.1246386858737565,1.2,-6.280109510520308,-155.7124212413091,1052.039985450544,25000,False,13.668833017349243,13.527000999999927
dense,24,3024,amortized,gaussian,1,om_CL,0.3088138160318674,0.3,2.9379386772891425,-155.7124212413091,1052.039985450544,25000,False,13.668833017349243,13.527000999999927
dense,24,3024,amortized,gaussian,1,om_V,0.1177543786020758,0.2,-41.12281069896207,-155.7124212413091,1052.039985450544,25000,False,13.668833017349243,13.527000999999927
dense,24,3024,amortized,gaussian,1,om_ka,0.3748282003200964,0.4,-6.292949919975907,-155.7124212413091,1052.039985450544,25000,False,13.668833017349243,13.527000999999927
dense,24,3024,amortized,gaussian,1,sigma,0.2146246419994411,0.2,7.312320999720554,-155.7124212413091,1052.039985450544,25000,False,13.668833017349243,13.527000999999927
dense,24,3024,amortized,gaussian,8,CL,3.0749220730860025,3.0,2.4974024362000837,-144.2949419344063,1746.850366336792,24500,True,18.36318063735962,17.999247999999852
dense,24,3024,amortized,gaussian,8,V,29.8838412070576,30.0,-0.3871959764746672,-144.2949419344063,1746.850366336792,24500,True,18.36318063735962,17.999247999999852
dense,24,3024,amortized,gaussian,8,ka,1.1501344574856192,1.2,-4.1554618761984,-144.2949419344063,1746.850366336792,24500,True,18.36318063735962,17.999247999999852
dense,24,3024,amortized,gaussian,8,om_CL,0.3108858877816833,0.3,3.628629260561104,-144.2949419344063,1746.850366336792,24500,True,18.36318063735962,17.999247999999852
dense,24,3024,amortized,gaussian,8,om_V,0.1603487124769474,0.2,-19.8256437615263,-144.2949419344063,1746.850366336792,24500,True,18.36318063735962,17.999247999999852
dense,24,3024,amortized,gaussian,8,om_ka,0.4018073479396883,0.4,0.4518369849220716,-144.2949419344063,1746.850366336792,24500,True,18.36318063735962,17.999247999999852
dense,24,3024,amortized,gaussian,8,sigma,0.1888900135371323,0.2,-5.554993231433852,-144.2949419344063,1746.850366336792,24500,True,18.36318063735962,17.999247999999852
dense,24,3024,amortized,gaussian,64,CL,2.978241251815312,3.0,-0.7252916061562716,-141.69443588057027,1673.9624018777288,3500,True,7.460571050643921,7.32549999999992
dense,24,3024,amortized,gaussian,64,V,31.251757980007724,30.0,4.172526600025748,-141.69443588057027,1673.9624018777288,3500,True,7.460571050643921,7.32549999999992
dense,24,3024,amortized,gaussian,64,ka,1.1289569523328735,1.2,-5.920253972260518,-141.69443588057027,1673.9624018777288,3500,True,7.460571050643921,7.32549999999992
dense,24,3024,amortized,gaussian,64,om_CL,0.3174103640698699,0.3,5.803454689956652,-141.69443588057027,1673.9624018777288,3500,True,7.460571050643921,7.32549999999992
dense,24,3024,amortized,gaussian,64,om_V,0.1704047189436486,0.2,-14.797640528175684,-141.69443588057027,1673.9624018777288,3500,True,7.460571050643921,7.32549999999992
dense,24,3024,amortized,gaussian,64,om_ka,0.4127922599581171,0.4,3.1980649895292643,-141.69443588057027,1673.9624018777288,3500,True,7.460571050643921,7.32549999999992
dense,24,3024,amortized,gaussian,64,sigma,0.1844226078882964,0.2,-7.788696055851807,-141.69443588057027,1673.9624018777288,3500,True,7.460571050643921,7.32549999999992
dense,25,3025,free,gaussian,1,CL,2.9334612163402047,3.0,-2.217959455326509,-212.44083549606907,1178.4643043731005,13000,True,4.756245136260986,4.705580999999938
dense,25,3025,free,gaussian,1,V,30.324633372928947,30.0,1.0821112430964892,-212.44083549606907,1178.4643043731005,13000,True,4.756245136260986,4.705580999999938
dense,25,3025,free,gaussian,1,ka,1.2590810050482464,1.2,4.923417087353869,-212.44083549606907,1178.4643043731005,13000,True,4.756245136260986,4.705580999999938
dense,25,3025,free,gaussian,1,om_CL,0.272922281789601,0.3,-9.025906070133,-212.44083549606907,1178.4643043731005,13000,True,4.756245136260986,4.705580999999938
dense,25,3025,free,gaussian,1,om_V,0.1877332789131784,0.2,-6.133360543410779,-212.44083549606907,1178.4643043731005,13000,True,4.756245136260986,4.705580999999938
dense,25,3025,free,gaussian,1,om_ka,0.3349268657210867,0.4,-16.268283569728325,-212.44083549606907,1178.4643043731005,13000,True,4.756245136260986,4.705580999999938
dense,25,3025,free,gaussian,1,sigma,0.2284175965268154,0.2,14.208798263407706,-212.44083549606907,1178.4643043731005,13000,True,4.756245136260986,4.705580999999938
dense,25,3025,free,gaussian,8,CL,2.9550581150455173,3.0,-1.49806283181609,-206.30536639614857,1755.6552006672962,15750,True,8.020303010940552,7.963610000000017
dense,25,3025,free,gaussian,8,V,30.144968128708285,30.0,0.4832270956942845,-206.30536639614857,1755.6552006672962,15750,True,8.020303010940552,7.963610000000017
dense,25,3025,free,gaussian,8,ka,1.2334067715001291,1.2,2.7838976250107823,-206.30536639614857,1755.6552006672962,15750,True,8.020303010940552,7.963610000000017
dense,25,3025,free,gaussian,8,om_CL,0.2726754366480357,0.3,-9.108187783988088,-206.30536639614857,1755.6552006672962,15750,True,8.020303010940552,7.963610000000017
dense,25,3025,free,gaussian,8,om_V,0.2105774791394922,0.2,5.288739569746112,-206.30536639614857,1755.6552006672962,15750,True,8.020303010940552,7.963610000000017
dense,25,3025,free,gaussian,8,om_ka,0.4127143221396615,0.4,3.178580534915376,-206.30536639614857,1755.6552006672962,15750,True,8.020303010940552,7.963610000000017
dense,25,3025,free,gaussian,8,sigma,0.2120408757330502,0.2,6.020437866525132,-206.30536639614857,1755.6552006672962,15750,True,8.020303010940552,7.963610000000017
dense,25,3025,free,gaussian,64,CL,2.9338405009566024,3.0,-2.205316634779919,-206.2736403780217,1806.399141407212,5500,True,9.33464217185974,9.279401999999893
dense,25,3025,free,gaussian,64,V,30.56108199394403,30.0,1.8702733131467637,-206.2736403780217,1806.399141407212,5500,True,9.33464217185974,9.279401999999893
dense,25,3025,free,gaussian,64,ka,1.230191209729364,1.2,2.5159341441136815,-206.2736403780217,1806.399141407212,5500,True,9.33464217185974,9.279401999999893
dense,25,3025,free,gaussian,64,om_CL,0.2736101457419423,0.3,-8.796618086019226,-206.2736403780217,1806.399141407212,5500,True,9.33464217185974,9.279401999999893
dense,25,3025,free,gaussian,64,om_V,0.2253290005348444,0.2,12.66450026742223,-206.2736403780217,1806.399141407212,5500,True,9.33464217185974,9.279401999999893
dense,25,3025,free,gaussian,64,om_ka,0.4331725004412102,0.4,8.293125110302556,-206.2736403780217,1806.399141407212,5500,True,9.33464217185974,9.279401999999893
dense,25,3025,free,gaussian,64,sigma,0.2104364934244289,0.2,5.218246712214449,-206.2736403780217,1806.399141407212,5500,True,9.33464217185974,9.279401999999893
dense,25,3025,amortized,gaussian,1,CL,2.958552373492918,3.0,-1.3815875502360668,-211.6724632391054,1314.8062320509546,15500,True,8.559879064559937,8.475029999999833
dense,25,3025,amortized,gaussian,1,V,30.430816471785793,30.0,1.4360549059526424,-211.6724632391054,1314.8062320509546,15500,True,8.559879064559937,8.475029999999833
dense,25,3025,amortized,gaussian,1,ka,1.264614834058356,1.2,5.384569504863009,-211.6724632391054,1314.8062320509546,15500,True,8.559879064559937,8.475029999999833
dense,25,3025,amortized,gaussian,1,om_CL,0.2666876336364098,0.3,-11.104122121196731,-211.6724632391054,1314.8062320509546,15500,True,8.559879064559937,8.475029999999833
dense,25,3025,amortized,gaussian,1,om_V,0.1838438893848525,0.2,-8.07805530757373,-211.6724632391054,1314.8062320509546,15500,True,8.559879064559937,8.475029999999833
dense,25,3025,amortized,gaussian,1,om_ka,0.3378071627191231,0.4,-15.548209320219218,-211.6724632391054,1314.8062320509546,15500,True,8.559879064559937,8.475029999999833
dense,25,3025,amortized,gaussian,1,sigma,0.2298116330337917,0.2,14.905816516895849,-211.6724632391054,1314.8062320509546,15500,True,8.559879064559937,8.475029999999833
dense,25,3025,amortized,gaussian,8,CL,2.970497857178079,3.0,-0.9834047607306958,-206.39461890574023,1736.9974816824547,12000,True,8.694381713867188,8.578139999999848
dense,25,3025,amortized,gaussian,8,V,30.31117033441057,30.0,1.037234448035231,-206.39461890574023,1736.9974816824547,12000,True,8.694381713867188,8.578139999999848
dense,25,3025,amortized,gaussian,8,ka,1.2486733696421295,1.2,4.056114136844128,-206.39461890574023,1736.9974816824547,12000,True,8.694381713867188,8.578139999999848
dense,25,3025,amortized,gaussian,8,om_CL,0.2755306368804388,0.3,-8.156454373187072,-206.39461890574023,1736.9974816824547,12000,True,8.694381713867188,8.578139999999848
dense,25,3025,amortized,gaussian,8,om_V,0.2089978536174489,0.2,4.4989268087244625,-206.39461890574023,1736.9974816824547,12000,True,8.694381713867188,8.578139999999848
dense,25,3025,amortized,gaussian,8,om_ka,0.4231217403307714,0.4,5.780435082692838,-206.39461890574023,1736.9974816824547,12000,True,8.694381713867188,8.578139999999848
dense,25,3025,amortized,gaussian,8,sigma,0.2142453582366819,0.2,7.122679118340969,-206.39461890574023,1736.9974816824547,12000,True,8.694381713867188,8.578139999999848
dense,25,3025,amortized,gaussian,64,CL,2.9748107861091646,3.0,-0.8396404630278465,-205.83075064787835,1962.907272851627,20500,True,39.61118221282959,39.37595400000009
dense,25,3025,amortized,gaussian,64,V,30.44461176009637,30.0,1.482039200321239,-205.83075064787835,1962.907272851627,20500,True,39.61118221282959,39.37595400000009
dense,25,3025,amortized,gaussian,64,ka,1.2579591798443617,1.2,4.829931653696792,-205.83075064787835,1962.907272851627,20500,True,39.61118221282959,39.37595400000009
dense,25,3025,amortized,gaussian,64,om_CL,0.2734177521732444,0.3,-8.860749275585185,-205.83075064787835,1962.907272851627,20500,True,39.61118221282959,39.37595400000009
dense,25,3025,amortized,gaussian,64,om_V,0.2184800755908424,0.2,9.240037795421236,-205.83075064787835,1962.907272851627,20500,True,39.61118221282959,39.37595400000009
dense,25,3025,amortized,gaussian,64,om_ka,0.4192448873850122,0.4,4.811221846253058,-205.83075064787835,1962.907272851627,20500,True,39.61118221282959,39.37595400000009
dense,25,3025,amortized,gaussian,64,sigma,0.2134374512300003,0.2,6.718725615000156,-205.83075064787835,1962.907272851627,20500,True,39.61118221282959,39.37595400000009
dense,26,3026,free,gaussian,1,CL,2.9568979391273915,3.0,-1.4367353624202828,-179.7719363455612,1113.828175533381,13500,True,4.745842933654785,4.716785999999956
dense,26,3026,free,gaussian,1,V,29.389313094136725,30.0,-2.0356230195442513,-179.7719363455612,1113.828175533381,13500,True,4.745842933654785,4.716785999999956
dense,26,3026,free,gaussian,1,ka,1.2756815237203265,1.2,6.306793643360527,-179.7719363455612,1113.828175533381,13500,True,4.745842933654785,4.716785999999956
dense,26,3026,free,gaussian,1,om_CL,0.29761471608678,0.3,-0.7950946377399867,-179.7719363455612,1113.828175533381,13500,True,4.745842933654785,4.716785999999956
dense,26,3026,free,gaussian,1,om_V,0.1970046694431105,0.2,-1.4976652784447346,-179.7719363455612,1113.828175533381,13500,True,4.745842933654785,4.716785999999956
dense,26,3026,free,gaussian,1,om_ka,0.2891778737596924,0.4,-27.705531560076903,-179.7719363455612,1113.828175533381,13500,True,4.745842933654785,4.716785999999956
dense,26,3026,free,gaussian,1,sigma,0.2094501175559661,0.2,4.725058777983085,-179.7719363455612,1113.828175533381,13500,True,4.745842933654785,4.716785999999956
dense,26,3026,free,gaussian,8,CL,2.9205541318341477,3.0,-2.6481956055284104,-172.41814280149887,1602.10853346029,9000,True,4.571345090866089,4.541948000000048
dense,26,3026,free,gaussian,8,V,28.458073774786197,30.0,-5.13975408404601,-172.41814280149887,1602.10853346029,9000,True,4.571345090866089,4.541948000000048
dense,26,3026,free,gaussian,8,ka,1.249811907483537,1.2,4.150992290294753,-172.41814280149887,1602.10853346029,9000,True,4.571345090866089,4.541948000000048
dense,26,3026,free,gaussian,8,om_CL,0.3041225078119861,0.3,1.374169270662029,-172.41814280149887,1602.10853346029,9000,True,4.571345090866089,4.541948000000048
dense,26,3026,free,gaussian,8,om_V,0.2162639731113392,0.2,8.1319865556696,-172.41814280149887,1602.10853346029,9000,True,4.571345090866089,4.541948000000048
dense,26,3026,free,gaussian,8,om_ka,0.3629720707262933,0.4,-9.25698231842667,-172.41814280149887,1602.10853346029,9000,True,4.571345090866089,4.541948000000048
dense,26,3026,free,gaussian,8,sigma,0.1932011252856939,0.2,-3.3994373571530483,-172.41814280149887,1602.10853346029,9000,True,4.571345090866089,4.541948000000048
dense,26,3026,free,gaussian,64,CL,2.931938840538851,3.0,-2.2687053153716294,-171.59716223917556,1795.1392970438146,12750,True,21.5381019115448,21.410354000000098
dense,26,3026,free,gaussian,64,V,28.703630400059584,30.0,-4.321231999801387,-171.59716223917556,1795.1392970438146,12750,True,21.5381019115448,21.410354000000098
dense,26,3026,free,gaussian,64,ka,1.2742670206729223,1.2,6.188918389410196,-171.59716223917556,1795.1392970438146,12750,True,21.5381019115448,21.410354000000098
dense,26,3026,free,gaussian,64,om_CL,0.2999893316526108,0.3,-0.0035561157963881,-171.59716223917556,1795.1392970438146,12750,True,21.5381019115448,21.410354000000098
dense,26,3026,free,gaussian,64,om_V,0.2183296429671526,0.2,9.164821483576334,-171.59716223917556,1795.1392970438146,12750,True,21.5381019115448,21.410354000000098
dense,26,3026,free,gaussian,64,om_ka,0.3820007500460216,0.4,-4.499812488494597,-171.59716223917556,1795.1392970438146,12750,True,21.5381019115448,21.410354000000098
dense,26,3026,free,gaussian,64,sigma,0.194156957015896,0.2,-2.9215214920520065,-171.59716223917556,1795.1392970438146,12750,True,21.5381019115448,21.410354000000098
dense,26,3026,amortized,gaussian,1,CL,3.021179097985842,3.0,0.7059699328614055,-190.39973353677405,731.8865556077636,2500,True,1.4149250984191897,1.4016639999999825
dense,26,3026,amortized,gaussian,1,V,29.150773916578174,30.0,-2.830753611406086,-190.39973353677405,731.8865556077636,2500,True,1.4149250984191897,1.4016639999999825
dense,26,3026,amortized,gaussian,1,ka,1.286562356544348,1.2,7.213529712029007,-190.39973353677405,731.8865556077636,2500,True,1.4149250984191897,1.4016639999999825
dense,26,3026,amortized,gaussian,1,om_CL,0.281380980813562,0.3,-6.206339728812646,-190.39973353677405,731.8865556077636,2500,True,1.4149250984191897,1.4016639999999825
dense,26,3026,amortized,gaussian,1,om_V,0.1996034143003875,0.2,-0.1982928498062419,-190.39973353677405,731.8865556077636,2500,True,1.4149250984191897,1.4016639999999825
dense,26,3026,amortized,gaussian,1,om_ka,0.2623160660508029,0.4,-34.42098348729928,-190.39973353677405,731.8865556077636,2500,True,1.4149250984191897,1.4016639999999825
dense,26,3026,amortized,gaussian,1,sigma,0.2366395318036898,0.2,18.319765901844907,-190.39973353677405,731.8865556077636,2500,True,1.4149250984191897,1.4016639999999825
dense,26,3026,amortized,gaussian,8,CL,3.0521255905102724,3.0,1.7375196836757478,-172.94945500706237,1599.110833372593,24250,True,16.82777500152588,16.729231000000027
dense,26,3026,amortized,gaussian,8,V,28.705881420593748,30.0,-4.31372859802084,-172.94945500706237,1599.110833372593,24250,True,16.82777500152588,16.729231000000027
dense,26,3026,amortized,gaussian,8,ka,1.242365490212658,1.2,3.530457517721501,-172.94945500706237,1599.110833372593,24250,True,16.82777500152588,16.729231000000027
dense,26,3026,amortized,gaussian,8,om_CL,0.2968251065140498,0.3,-1.0582978286500604,-172.94945500706237,1599.110833372593,24250,True,16.82777500152588,16.729231000000027
dense,26,3026,amortized,gaussian,8,om_V,0.2075738198946098,0.2,3.786909947304892,-172.94945500706237,1599.110833372593,24250,True,16.82777500152588,16.729231000000027
dense,26,3026,amortized,gaussian,8,om_ka,0.3618036911798039,0.4,-9.549077205049036,-172.94945500706237,1599.110833372593,24250,True,16.82777500152588,16.729231000000027
dense,26,3026,amortized,gaussian,8,sigma,0.1955934969182782,0.2,-2.203251540860887,-172.94945500706237,1599.110833372593,24250,True,16.82777500152588,16.729231000000027
dense,26,3026,amortized,gaussian,64,CL,2.8923855205185856,3.0,-3.587149316047148,-171.96911428777247,1658.830034996481,15500,True,30.09315299987793,29.88973699999997
dense,26,3026,amortized,gaussian,64,V,28.59327332006738,30.0,-4.689088933108737,-171.96911428777247,1658.830034996481,15500,True,30.09315299987793,29.88973699999997
dense,26,3026,amortized,gaussian,64,ka,1.250736640780306,1.2,4.228053398358837,-171.96911428777247,1658.830034996481,15500,True,30.09315299987793,29.88973699999997
dense,26,3026,amortized,gaussian,64,om_CL,0.3020788206119218,0.3,0.6929402039739426,-171.96911428777247,1658.830034996481,15500,True,30.09315299987793,29.88973699999997
dense,26,3026,amortized,gaussian,64,om_V,0.2125045556945482,0.2,6.252277847274099,-171.96911428777247,1658.830034996481,15500,True,30.09315299987793,29.88973699999997
dense,26,3026,amortized,gaussian,64,om_ka,0.3922322588247363,0.4,-1.9419352938159216,-171.96911428777247,1658.830034996481,15500,True,30.09315299987793,29.88973699999997
dense,26,3026,amortized,gaussian,64,sigma,0.1922240801886238,0.2,-3.887959905688104,-171.96911428777247,1658.830034996481,15500,True,30.09315299987793,29.88973699999997
dense,27,3027,free,gaussian,1,CL,3.1532226073157386,3.0,5.107420243857952,-203.25762873578643,1134.8132232761657,9000,True,3.1819639205932617,3.164617000000135
dense,27,3027,free,gaussian,1,V,29.05060715630654,30.0,-3.164642812311532,-203.25762873578643,1134.8132232761657,9000,True,3.1819639205932617,3.164617000000135
dense,27,3027,free,gaussian,1,ka,1.2668622846632924,1.2,5.571857055274373,-203.25762873578643,1134.8132232761657,9000,True,3.1819639205932617,3.164617000000135
dense,27,3027,free,gaussian,1,om_CL,0.266612915476043,0.3,-11.129028174652332,-203.25762873578643,1134.8132232761657,9000,True,3.1819639205932617,3.164617000000135
dense,27,3027,free,gaussian,1,om_V,0.1426477540680601,0.2,-28.676122965969956,-203.25762873578643,1134.8132232761657,9000,True,3.1819639205932617,3.164617000000135
dense,27,3027,free,gaussian,1,om_ka,0.3806958766937877,0.4,-4.826030826553071,-203.25762873578643,1134.8132232761657,9000,True,3.1819639205932617,3.164617000000135
dense,27,3027,free,gaussian,1,sigma,0.2260254584668473,0.2,13.012729233423656,-203.25762873578643,1134.8132232761657,9000,True,3.1819639205932617,3.164617000000135
dense,27,3027,free,gaussian,8,CL,3.0833515961790443,3.0,2.778386539301477,-193.39331051282107,1515.5799355559548,4250,True,2.1831390857696533,2.1712589999999636
dense,27,3027,free,gaussian,8,V,29.353886083544207,30.0,-2.153713054852642,-193.39331051282107,1515.5799355559548,4250,True,2.1831390857696533,2.1712589999999636
dense,27,3027,free,gaussian,8,ka,1.2566623071490095,1.2,4.7218589290841475,-193.39331051282107,1515.5799355559548,4250,True,2.1831390857696533,2.1712589999999636
dense,27,3027,free,gaussian,8,om_CL,0.2745056383594938,0.3,-8.49812054683539,-193.39331051282107,1515.5799355559548,4250,True,2.1831390857696533,2.1712589999999636
dense,27,3027,free,gaussian,8,om_V,0.1836151420273653,0.2,-8.19242898631732,-193.39331051282107,1515.5799355559548,4250,True,2.1831390857696533,2.1712589999999636
dense,27,3027,free,gaussian,8,om_ka,0.4272812602909841,0.4,6.820315072746024,-193.39331051282107,1515.5799355559548,4250,True,2.1831390857696533,2.1712589999999636
dense,27,3027,free,gaussian,8,sigma,0.2066536643796061,0.2,3.3268321898030777,-193.39331051282107,1515.5799355559548,4250,True,2.1831390857696533,2.1712589999999636
dense,27,3027,free,gaussian,64,CL,3.118914661925364,3.0,3.963822064178802,-193.50148654969416,1840.8365357291989,6750,True,11.411288022994995,11.348026000000118
dense,27,3027,free,gaussian,64,V,29.18505616472569,30.0,-2.7164794509143655,-193.50148654969416,1840.8365357291989,6750,True,11.411288022994995,11.348026000000118
dense,27,3027,free,gaussian,64,ka,1.235557060419744,1.2,2.963088368311994,-193.50148654969416,1840.8365357291989,6750,True,11.411288022994995,11.348026000000118
dense,27,3027,free,gaussian,64,om_CL,0.2792869377431319,0.3,-6.904354085622696,-193.50148654969416,1840.8365357291989,6750,True,11.411288022994995,11.348026000000118
dense,27,3027,free,gaussian,64,om_V,0.1896886462858283,0.2,-5.155676857085858,-193.50148654969416,1840.8365357291989,6750,True,11.411288022994995,11.348026000000118
dense,27,3027,free,gaussian,64,om_ka,0.4400417268247245,0.4,10.010431706181112,-193.50148654969416,1840.8365357291989,6750,True,11.411288022994995,11.348026000000118
dense,27,3027,free,gaussian,64,sigma,0.2019902631229783,0.2,0.995131561489157,-193.50148654969416,1840.8365357291989,6750,True,11.411288022994995,11.348026000000118
dense,27,3027,amortized,gaussian,1,CL,3.1900211827873757,3.0,6.334039426245856,-216.00179303429812,1473.114554022207,25000,False,13.349824905395508,13.273811000000023
dense,27,3027,amortized,gaussian,1,V,29.375102548289213,30.0,-2.0829915057026227,-216.00179303429812,1473.114554022207,25000,False,13.349824905395508,13.273811000000023
dense,27,3027,amortized,gaussian,1,ka,1.2395366746330607,1.2,3.294722886088397,-216.00179303429812,1473.114554022207,25000,False,13.349824905395508,13.273811000000023
dense,27,3027,amortized,gaussian,1,om_CL,0.2717699738566406,0.3,-9.410008714453134,-216.00179303429812,1473.114554022207,25000,False,13.349824905395508,13.273811000000023
dense,27,3027,amortized,gaussian,1,om_V,0.1173312440815619,0.2,-41.334377959219054,-216.00179303429812,1473.114554022207,25000,False,13.349824905395508,13.273811000000023
dense,27,3027,amortized,gaussian,1,om_ka,0.3915992181269237,0.4,-2.1001954682690753,-216.00179303429812,1473.114554022207,25000,False,13.349824905395508,13.273811000000023
dense,27,3027,amortized,gaussian,1,sigma,0.2546301303934086,0.2,27.315065196704317,-216.00179303429812,1473.114554022207,25000,False,13.349824905395508,13.273811000000023
dense,27,3027,amortized,gaussian,8,CL,3.0353199561221644,3.0,1.1773318707388143,-195.0318362067094,1554.381638515697,23250,True,16.15574598312378,16.06276700000012
dense,27,3027,amortized,gaussian,8,V,28.753774236757344,30.0,-4.154085877475519,-195.0318362067094,1554.381638515697,23250,True,16.15574598312378,16.06276700000012
dense,27,3027,amortized,gaussian,8,ka,1.2387564586260698,1.2,3.229704885505817,-195.0318362067094,1554.381638515697,23250,True,16.15574598312378,16.06276700000012
dense,27,3027,amortized,gaussian,8,om_CL,0.2748958671804234,0.3,-8.368044273192192,-195.0318362067094,1554.381638515697,23250,True,16.15574598312378,16.06276700000012
dense,27,3027,amortized,gaussian,8,om_V,0.1731148642698794,0.2,-13.442567865060289,-195.0318362067094,1554.381638515697,23250,True,16.15574598312378,16.06276700000012
dense,27,3027,amortized,gaussian,8,om_ka,0.4433458160306697,0.4,10.836454007667433,-195.0318362067094,1554.381638515697,23250,True,16.15574598312378,16.06276700000012
dense,27,3027,amortized,gaussian,8,sigma,0.2069824523471894,0.2,3.4912261735947356,-195.0318362067094,1554.381638515697,23250,True,16.15574598312378,16.06276700000012
dense,27,3027,amortized,gaussian,64,CL,3.138201059038874,3.0,4.606701967962461,-193.4822705462908,1596.552916710997,19750,True,38.22108316421509,37.99113200000011
dense,27,3027,amortized,gaussian,64,V,29.181291781372774,30.0,-2.7290273954240853,-193.4822705462908,1596.552916710997,19750,True,38.22108316421509,37.99113200000011
dense,27,3027,amortized,gaussian,64,ka,1.2727396203786825,1.2,6.061635031556859,-193.4822705462908,1596.552916710997,19750,True,38.22108316421509,37.99113200000011
dense,27,3027,amortized,gaussian,64,om_CL,0.2774302169483287,0.3,-7.5232610172237635,-193.4822705462908,1596.552916710997,19750,True,38.22108316421509,37.99113200000011
dense,27,3027,amortized,gaussian,64,om_V,0.1919638641634289,0.2,-4.018067918285545,-193.4822705462908,1596.552916710997,19750,True,38.22108316421509,37.99113200000011
dense,27,3027,amortized,gaussian,64,om_ka,0.4456538036850123,0.4,11.413450921253064,-193.4822705462908,1596.552916710997,19750,True,38.22108316421509,37.99113200000011
dense,27,3027,amortized,gaussian,64,sigma,0.2029554576248087,0.2,1.4777288124043495,-193.4822705462908,1596.552916710997,19750,True,38.22108316421509,37.99113200000011
dense,28,3028,free,gaussian,1,CL,3.027820488734927,3.0,0.9273496244975644,-194.7441398645635,1579.1797830540777,17000,True,5.954336881637573,5.918417999999974
dense,28,3028,free,gaussian,1,V,29.5157755725371,30.0,-1.614081424876339,-194.7441398645635,1579.1797830540777,17000,True,5.954336881637573,5.918417999999974
dense,28,3028,free,gaussian,1,ka,1.189544779707303,1.2,-0.8712683577247193,-194.7441398645635,1579.1797830540777,17000,True,5.954336881637573,5.918417999999974
dense,28,3028,free,gaussian,1,om_CL,0.3035317447990199,0.3,1.1772482663399697,-194.7441398645635,1579.1797830540777,17000,True,5.954336881637573,5.918417999999974
dense,28,3028,free,gaussian,1,om_V,0.1157902361840232,0.2,-42.10488190798838,-194.7441398645635,1579.1797830540777,17000,True,5.954336881637573,5.918417999999974
dense,28,3028,free,gaussian,1,om_ka,0.3863815878687276,0.4,-3.4046030328180876,-194.7441398645635,1579.1797830540777,17000,True,5.954336881637573,5.918417999999974
dense,28,3028,free,gaussian,1,sigma,0.2205554954431397,0.2,10.277747721569847,-194.7441398645635,1579.1797830540777,17000,True,5.954336881637573,5.918417999999974
dense,28,3028,free,gaussian,8,CL,3.0571108338806563,3.0,1.9036944626885433,-186.40532852650855,1712.978828594573,11500,True,5.817861795425415,5.787764999999808
dense,28,3028,free,gaussian,8,V,29.246990981695777,30.0,-2.510030061014087,-186.40532852650855,1712.978828594573,11500,True,5.817861795425415,5.787764999999808
dense,28,3028,free,gaussian,8,ka,1.1941156359675729,1.2,-0.4903636693689243,-186.40532852650855,1712.978828594573,11500,True,5.817861795425415,5.787764999999808
dense,28,3028,free,gaussian,8,om_CL,0.3123788843211845,0.3,4.126294773728167,-186.40532852650855,1712.978828594573,11500,True,5.817861795425415,5.787764999999808
dense,28,3028,free,gaussian,8,om_V,0.1651534538421772,0.2,-17.423273078911407,-186.40532852650855,1712.978828594573,11500,True,5.817861795425415,5.787764999999808
dense,28,3028,free,gaussian,8,om_ka,0.3919238545124134,0.4,-2.019036371896654,-186.40532852650855,1712.978828594573,11500,True,5.817861795425415,5.787764999999808
dense,28,3028,free,gaussian,8,sigma,0.2042469252903426,0.2,2.1234626451713257,-186.40532852650855,1712.978828594573,11500,True,5.817861795425415,5.787764999999808
dense,28,3028,free,gaussian,64,CL,3.002595965378735,3.0,0.0865321792911692,-184.58911585785268,1871.7419247184985,10000,True,16.853674173355103,16.756124
dense,28,3028,free,gaussian,64,V,29.787137451043,30.0,-0.7095418298566614,-184.58911585785268,1871.7419247184985,10000,True,16.853674173355103,16.756124
dense,28,3028,free,gaussian,64,ka,1.1775866440162992,1.2,-1.8677796653083965,-184.58911585785268,1871.7419247184985,10000,True,16.853674173355103,16.756124
dense,28,3028,free,gaussian,64,om_CL,0.3086155605563884,0.3,2.8718535187961343,-184.58911585785268,1871.7419247184985,10000,True,16.853674173355103,16.756124
dense,28,3028,free,gaussian,64,om_V,0.1795014373375808,0.2,-10.249281331209572,-184.58911585785268,1871.7419247184985,10000,True,16.853674173355103,16.756124
dense,28,3028,free,gaussian,64,om_ka,0.393132019573551,0.4,-1.7169951066122455,-184.58911585785268,1871.7419247184985,10000,True,16.853674173355103,16.756124
dense,28,3028,free,gaussian,64,sigma,0.2009806000538918,0.2,0.4903000269459306,-184.58911585785268,1871.7419247184985,10000,True,16.853674173355103,16.756124
dense,28,3028,amortized,gaussian,1,CL,2.997277594501351,3.0,-0.0907468499549738,-194.81029460463537,1523.6628753659045,25000,False,13.36336088180542,13.284902999999758
dense,28,3028,amortized,gaussian,1,V,29.732909693914223,30.0,-0.8903010202859226,-194.81029460463537,1523.6628753659045,25000,False,13.36336088180542,13.284902999999758
dense,28,3028,amortized,gaussian,1,ka,1.1877466021826315,1.2,-1.0211164847806855,-194.81029460463537,1523.6628753659045,25000,False,13.36336088180542,13.284902999999758
dense,28,3028,amortized,gaussian,1,om_CL,0.3040129201823036,0.3,1.337640060767864,-194.81029460463537,1523.6628753659045,25000,False,13.36336088180542,13.284902999999758
dense,28,3028,amortized,gaussian,1,om_V,0.1187083286257296,0.2,-40.6458356871352,-194.81029460463537,1523.6628753659045,25000,False,13.36336088180542,13.284902999999758
dense,28,3028,amortized,gaussian,1,om_ka,0.3811757973908393,0.4,-4.70605065229017,-194.81029460463537,1523.6628753659045,25000,False,13.36336088180542,13.284902999999758
dense,28,3028,amortized,gaussian,1,sigma,0.2227007062008658,0.2,11.350353100432905,-194.81029460463537,1523.6628753659045,25000,False,13.36336088180542,13.284902999999758
dense,28,3028,amortized,gaussian,8,CL,3.0373338304784716,3.0,1.2444610159490537,-185.61779898309015,1432.4875305587907,20750,True,14.42429804801941,14.33811199999991
dense,28,3028,amortized,gaussian,8,V,29.320134270743964,30.0,-2.2662190975201213,-185.61779898309015,1432.4875305587907,20750,True,14.42429804801941,14.33811199999991
dense,28,3028,amortized,gaussian,8,ka,1.2051259301339288,1.2,0.4271608444940677,-185.61779898309015,1432.4875305587907,20750,True,14.42429804801941,14.33811199999991
dense,28,3028,amortized,gaussian,8,om_CL,0.3066993103161579,0.3,2.233103438719316,-185.61779898309015,1432.4875305587907,20750,True,14.42429804801941,14.33811199999991
dense,28,3028,amortized,gaussian,8,om_V,0.1724833473890744,0.2,-13.758326305462807,-185.61779898309015,1432.4875305587907,20750,True,14.42429804801941,14.33811199999991
dense,28,3028,amortized,gaussian,8,om_ka,0.3745321870509607,0.4,-6.366953237259831,-185.61779898309015,1432.4875305587907,20750,True,14.42429804801941,14.33811199999991
dense,28,3028,amortized,gaussian,8,sigma,0.2038193803483268,0.2,1.9096901741634111,-185.61779898309015,1432.4875305587907,20750,True,14.42429804801941,14.33811199999991
dense,28,3028,amortized,gaussian,64,CL,2.9871587472436247,3.0,-0.4280417585458422,-184.8562983442876,1874.561882773449,21750,True,42.136433839797974,41.8613949999999
dense,28,3028,amortized,gaussian,64,V,29.452220538902235,30.0,-1.8259315369925488,-184.8562983442876,1874.561882773449,21750,True,42.136433839797974,41.8613949999999
dense,28,3028,amortized,gaussian,64,ka,1.1699672060789654,1.2,-2.5027328267528777,-184.8562983442876,1874.561882773449,21750,True,42.136433839797974,41.8613949999999
dense,28,3028,amortized,gaussian,64,om_CL,0.3099563492965893,0.3,3.318783098863095,-184.8562983442876,1874.561882773449,21750,True,42.136433839797974,41.8613949999999
dense,28,3028,amortized,gaussian,64,om_V,0.1814771284523601,0.2,-9.261435773819937,-184.8562983442876,1874.561882773449,21750,True,42.136433839797974,41.8613949999999
dense,28,3028,amortized,gaussian,64,om_ka,0.3979968283911467,0.4,-0.5007929022133317,-184.8562983442876,1874.561882773449,21750,True,42.136433839797974,41.8613949999999
dense,28,3028,amortized,gaussian,64,sigma,0.2042923987995828,0.2,2.1461993997914095,-184.8562983442876,1874.561882773449,21750,True,42.136433839797974,41.8613949999999
dense,29,3029,free,gaussian,1,CL,3.1012283840339157,3.0,3.374279467797189,-184.23315458174423,1000.9894730438264,5000,True,1.789630889892578,1.7776899999998932
dense,29,3029,free,gaussian,1,V,29.84891699843749,30.0,-0.5036100052083725,-184.23315458174423,1000.9894730438264,5000,True,1.789630889892578,1.7776899999998932
dense,29,3029,free,gaussian,1,ka,1.2362500005515666,1.2,3.020833379297224,-184.23315458174423,1000.9894730438264,5000,True,1.789630889892578,1.7776899999998932
dense,29,3029,free,gaussian,1,om_CL,0.2714240499860403,0.3,-9.525316671319896,-184.23315458174423,1000.9894730438264,5000,True,1.789630889892578,1.7776899999998932
dense,29,3029,free,gaussian,1,om_V,0.1640322286083071,0.2,-17.983885695846425,-184.23315458174423,1000.9894730438264,5000,True,1.789630889892578,1.7776899999998932
dense,29,3029,free,gaussian,1,om_ka,0.3504432551011112,0.4,-12.389186224722208,-184.23315458174423,1000.9894730438264,5000,True,1.789630889892578,1.7776899999998932
dense,29,3029,free,gaussian,1,sigma,0.2214461429630951,0.2,10.72307148154754,-184.23315458174423,1000.9894730438264,5000,True,1.789630889892578,1.7776899999998932
dense,29,3029,free,gaussian,8,CL,3.0860345566382037,3.0,2.86781855460679,-179.14968516174832,1673.0667642214732,9000,True,4.5447096824646,4.520603000000392
dense,29,3029,free,gaussian,8,V,29.17360047420721,30.0,-2.75466508597597,-179.14968516174832,1673.0667642214732,9000,True,4.5447096824646,4.520603000000392
dense,29,3029,free,gaussian,8,ka,1.2368273935666396,1.2,3.068949463886639,-179.14968516174832,1673.0667642214732,9000,True,4.5447096824646,4.520603000000392
dense,29,3029,free,gaussian,8,om_CL,0.2869298852784393,0.3,-4.356704907186889,-179.14968516174832,1673.0667642214732,9000,True,4.5447096824646,4.520603000000392
dense,29,3029,free,gaussian,8,om_V,0.1758042879321127,0.2,-12.097856033943645,-179.14968516174832,1673.0667642214732,9000,True,4.5447096824646,4.520603000000392
dense,29,3029,free,gaussian,8,om_ka,0.3981018546542929,0.4,-0.4745363364267868,-179.14968516174832,1673.0667642214732,9000,True,4.5447096824646,4.520603000000392
dense,29,3029,free,gaussian,8,sigma,0.2000765113307814,0.2,0.0382556653907295,-179.14968516174832,1673.0667642214732,9000,True,4.5447096824646,4.520603000000392
dense,29,3029,free,gaussian,64,CL,3.080843238742054,3.0,2.69477462473513,-178.56779044971944,1942.7200812185336,9750,True,16.450004816055298,16.362657000000127
dense,29,3029,free,gaussian,64,V,29.43490568737418,30.0,-1.8836477087527352,-178.56779044971944,1942.7200812185336,9750,True,16.450004816055298,16.362657000000127
dense,29,3029,free,gaussian,64,ka,1.2068614859950448,1.2,0.5717904995870734,-178.56779044971944,1942.7200812185336,9750,True,16.450004816055298,16.362657000000127
dense,29,3029,free,gaussian,64,om_CL,0.2844296839056814,0.3,-5.190105364772861,-178.56779044971944,1942.7200812185336,9750,True,16.450004816055298,16.362657000000127
dense,29,3029,free,gaussian,64,om_V,0.1890831588137083,0.2,-5.458420593145816,-178.56779044971944,1942.7200812185336,9750,True,16.450004816055298,16.362657000000127
dense,29,3029,free,gaussian,64,om_ka,0.3921346763837393,0.4,-1.966330904065172,-178.56779044971944,1942.7200812185336,9750,True,16.450004816055298,16.362657000000127
dense,29,3029,free,gaussian,64,sigma,0.2009387145319507,0.2,0.4693572659753425,-178.56779044971944,1942.7200812185336,9750,True,16.450004816055298,16.362657000000127
dense,29,3029,amortized,gaussian,1,CL,3.111461478021889,3.0,3.715382600729633,-184.47252229419365,1213.37108582773,17500,True,9.562528133392334,9.47970099999975
dense,29,3029,amortized,gaussian,1,V,29.954330349496413,30.0,-0.1522321683452906,-184.47252229419365,1213.37108582773,17500,True,9.562528133392334,9.47970099999975
dense,29,3029,amortized,gaussian,1,ka,1.209276369854493,1.2,0.7730308212077579,-184.47252229419365,1213.37108582773,17500,True,9.562528133392334,9.47970099999975
dense,29,3029,amortized,gaussian,1,om_CL,0.2724147284102042,0.3,-9.195090529931912,-184.47252229419365,1213.37108582773,17500,True,9.562528133392334,9.47970099999975
dense,29,3029,amortized,gaussian,1,om_V,0.1574459106962813,0.2,-21.277044651859335,-184.47252229419365,1213.37108582773,17500,True,9.562528133392334,9.47970099999975
dense,29,3029,amortized,gaussian,1,om_ka,0.3420988655693098,0.4,-14.475283607672557,-184.47252229419365,1213.37108582773,17500,True,9.562528133392334,9.47970099999975
dense,29,3029,amortized,gaussian,1,sigma,0.2191776342799016,0.2,9.588817139950812,-184.47252229419365,1213.37108582773,17500,True,9.562528133392334,9.47970099999975
dense,29,3029,amortized,gaussian,8,CL,3.0401179442450004,3.0,1.337264808166679,-178.61031628617286,1813.7008858599215,8750,True,6.15316104888916,6.106347999999798
dense,29,3029,amortized,gaussian,8,V,29.5916101226813,30.0,-1.3612995910623364,-178.61031628617286,1813.7008858599215,8750,True,6.15316104888916,6.106347999999798
dense,29,3029,amortized,gaussian,8,ka,1.2021106207069707,1.2,0.1758850589142306,-178.61031628617286,1813.7008858599215,8750,True,6.15316104888916,6.106347999999798
dense,29,3029,amortized,gaussian,8,om_CL,0.279858969413346,0.3,-6.7136768622179845,-178.61031628617286,1813.7008858599215,8750,True,6.15316104888916,6.106347999999798
dense,29,3029,amortized,gaussian,8,om_V,0.1774387436313493,0.2,-11.280628184325318,-178.61031628617286,1813.7008858599215,8750,True,6.15316104888916,6.106347999999798
dense,29,3029,amortized,gaussian,8,om_ka,0.3791160628411062,0.4,-5.220984289723438,-178.61031628617286,1813.7008858599215,8750,True,6.15316104888916,6.106347999999798
dense,29,3029,amortized,gaussian,8,sigma,0.2008836978349873,0.2,0.4418489174936729,-178.61031628617286,1813.7008858599215,8750,True,6.15316104888916,6.106347999999798
dense,29,3029,amortized,gaussian,64,CL,3.0490438871768215,3.0,1.6347962392273836,-178.3870395781764,1873.4637244626135,20250,True,39.159181118011475,38.92341699999997
dense,29,3029,amortized,gaussian,64,V,29.37913942123766,30.0,-2.0695352625411325,-178.3870395781764,1873.4637244626135,20250,True,39.159181118011475,38.92341699999997
dense,29,3029,amortized,gaussian,64,ka,1.2204513673063977,1.2,1.7042806088664595,-178.3870395781764,1873.4637244626135,20250,True,39.159181118011475,38.92341699999997
dense,29,3029,amortized,gaussian,64,om_CL,0.2728150411185283,0.3,-9.06165296049057,-178.3870395781764,1873.4637244626135,20250,True,39.159181118011475,38.92341699999997
dense,29,3029,amortized,gaussian,64,om_V,0.1879899579973438,0.2,-6.00502100132809,-178.3870395781764,1873.4637244626135,20250,True,39.159181118011475,38.92341699999997
dense,29,3029,amortized,gaussian,64,om_ka,0.4025850484220291,0.4,0.6462621055072643,-178.3870395781764,1873.4637244626135,20250,True,39.159181118011475,38.92341699999997
dense,29,3029,amortized,gaussian,64,sigma,0.2014060618870655,0.2,0.7030309435327453,-178.3870395781764,1873.4637244626135,20250,True,39.159181118011475,38.92341699999997
sparse,0,3000,free,gaussian,1,CL,2.938017397071079,3.0,-2.0660867642973666,-181.83696652262836,3761.080661401371,24500,True,8.402343988418579,8.354008000000249
sparse,0,3000,free,gaussian,1,V,28.598618392917757,30.0,-4.671272023607476,-181.83696652262836,3761.080661401371,24500,True,8.402343988418579,8.354008000000249
sparse,0,3000,free,gaussian,1,ka,1.0741317687522371,1.2,-10.4890192706469,-181.83696652262836,3761.080661401371,24500,True,8.402343988418579,8.354008000000249
sparse,0,3000,free,gaussian,1,om_CL,0.3178171590655114,0.3,5.939053021837152,-181.83696652262836,3761.080661401371,24500,True,8.402343988418579,8.354008000000249
sparse,0,3000,free,gaussian,1,om_V,0.017664276360241,0.2,-91.16786181987948,-181.83696652262836,3761.080661401371,24500,True,8.402343988418579,8.354008000000249
sparse,0,3000,free,gaussian,1,om_ka,0.3488536589989552,0.4,-12.786585250261204,-181.83696652262836,3761.080661401371,24500,True,8.402343988418579,8.354008000000249
sparse,0,3000,free,gaussian,1,sigma,0.2514753209579608,0.2,25.73766047898041,-181.83696652262836,3761.080661401371,24500,True,8.402343988418579,8.354008000000249
sparse,0,3000,free,gaussian,8,CL,3.000805539459581,3.0,0.0268513153193724,-170.53593490439414,2068.116648556827,17500,True,8.016463994979858,7.965486999999939
sparse,0,3000,free,gaussian,8,V,28.566683383351393,30.0,-4.777722055495358,-170.53593490439414,2068.116648556827,17500,True,8.016463994979858,7.965486999999939
sparse,0,3000,free,gaussian,8,ka,1.1019516676394776,1.2,-8.170694363376864,-170.53593490439414,2068.116648556827,17500,True,8.016463994979858,7.965486999999939
sparse,0,3000,free,gaussian,8,om_CL,0.3179372310090478,0.3,5.9790770030159575,-170.53593490439414,2068.116648556827,17500,True,8.016463994979858,7.965486999999939
sparse,0,3000,free,gaussian,8,om_V,0.1777577009731858,0.2,-11.121149513407062,-170.53593490439414,2068.116648556827,17500,True,8.016463994979858,7.965486999999939
sparse,0,3000,free,gaussian,8,om_ka,0.2424673325213988,0.4,-39.38316686965029,-170.53593490439414,2068.116648556827,17500,True,8.016463994979858,7.965486999999939
sparse,0,3000,free,gaussian,8,sigma,0.2027159425350587,0.2,1.3579712675293591,-170.53593490439414,2068.116648556827,17500,True,8.016463994979858,7.965486999999939
sparse,0,3000,free,gaussian,64,CL,2.8240867001555725,3.0,-5.863776661480917,-169.97724592750194,1723.592454403327,7250,True,9.971073150634766,9.868445000000063
sparse,0,3000,free,gaussian,64,V,29.52749886136292,30.0,-1.575003795456927,-169.97724592750194,1723.592454403327,7250,True,9.971073150634766,9.868445000000063
sparse,0,3000,free,gaussian,64,ka,1.0946382836214894,1.2,-8.780143031542547,-169.97724592750194,1723.592454403327,7250,True,9.971073150634766,9.868445000000063
sparse,0,3000,free,gaussian,64,om_CL,0.3265242751864521,0.3,8.841425062150725,-169.97724592750194,1723.592454403327,7250,True,9.971073150634766,9.868445000000063
sparse,0,3000,free,gaussian,64,om_V,0.1929071663019324,0.2,-3.546416849033798,-169.97724592750194,1723.592454403327,7250,True,9.971073150634766,9.868445000000063
sparse,0,3000,free,gaussian,64,om_ka,0.2884785456265137,0.4,-27.880363593371577,-169.97724592750194,1723.592454403327,7250,True,9.971073150634766,9.868445000000063
sparse,0,3000,free,gaussian,64,sigma,0.1928979252306272,0.2,-3.551037384686373,-169.97724592750194,1723.592454403327,7250,True,9.971073150634766,9.868445000000063
sparse,0,3000,amortized,gaussian,1,CL,2.922449800749869,3.0,-2.585006641671036,-182.15476802010616,3705.702485553109,21750,True,12.151522159576416,11.956338999999844
sparse,0,3000,amortized,gaussian,1,V,28.350532130351507,30.0,-5.4982262321616435,-182.15476802010616,3705.702485553109,21750,True,12.151522159576416,11.956338999999844
sparse,0,3000,amortized,gaussian,1,ka,1.074313555629243,1.2,-10.473870364229754,-182.15476802010616,3705.702485553109,21750,True,12.151522159576416,11.956338999999844
sparse,0,3000,amortized,gaussian,1,om_CL,0.3212075448662644,0.3,7.069181622088139,-182.15476802010616,3705.702485553109,21750,True,12.151522159576416,11.956338999999844
sparse,0,3000,amortized,gaussian,1,om_V,0.0096551095494939,0.2,-95.17244522525304,-182.15476802010616,3705.702485553109,21750,True,12.151522159576416,11.956338999999844
sparse,0,3000,amortized,gaussian,1,om_ka,0.3389992917829555,0.4,-15.250177054261126,-182.15476802010616,3705.702485553109,21750,True,12.151522159576416,11.956338999999844
sparse,0,3000,amortized,gaussian,1,sigma,0.2510210322374567,0.2,25.51051611872837,-182.15476802010616,3705.702485553109,21750,True,12.151522159576416,11.956338999999844
sparse,0,3000,amortized,gaussian,8,CL,2.9476606317760345,3.0,-1.7446456074655152,-170.08450780225746,2183.6476902701356,13000,True,8.335062026977539,8.294369000000188
sparse,0,3000,amortized,gaussian,8,V,29.418783585417877,30.0,-1.937388048607076,-170.08450780225746,2183.6476902701356,13000,True,8.335062026977539,8.294369000000188
sparse,0,3000,amortized,gaussian,8,ka,1.0866274868083734,1.2,-9.447709432635548,-170.08450780225746,2183.6476902701356,13000,True,8.335062026977539,8.294369000000188
sparse,0,3000,amortized,gaussian,8,om_CL,0.3238592398181411,0.3,7.953079939380382,-170.08450780225746,2183.6476902701356,13000,True,8.335062026977539,8.294369000000188
sparse,0,3000,amortized,gaussian,8,om_V,0.1783299567178136,0.2,-10.835021641093192,-170.08450780225746,2183.6476902701356,13000,True,8.335062026977539,8.294369000000188
sparse,0,3000,amortized,gaussian,8,om_ka,0.2047522475634025,0.4,-48.81193810914937,-170.08450780225746,2183.6476902701356,13000,True,8.335062026977539,8.294369000000188
sparse,0,3000,amortized,gaussian,8,sigma,0.2022519907039963,0.2,1.1259953519981574,-170.08450780225746,2183.6476902701356,13000,True,8.335062026977539,8.294369000000188
sparse,0,3000,amortized,gaussian,64,CL,2.840306387894507,3.0,-5.323120403516428,-169.21268373499362,2083.16541539784,19500,True,30.831043004989624,30.66982700000017
sparse,0,3000,amortized,gaussian,64,V,29.4704856727125,30.0,-1.765047757625003,-169.21268373499362,2083.16541539784,19500,True,30.831043004989624,30.66982700000017
sparse,0,3000,amortized,gaussian,64,ka,1.1008903066974542,1.2,-8.259141108545476,-169.21268373499362,2083.16541539784,19500,True,30.831043004989624,30.66982700000017
sparse,0,3000,amortized,gaussian,64,om_CL,0.3234734912931787,0.3,7.824497097726257,-169.21268373499362,2083.16541539784,19500,True,30.831043004989624,30.66982700000017
sparse,0,3000,amortized,gaussian,64,om_V,0.1996279136829003,0.2,-0.1860431585498367,-169.21268373499362,2083.16541539784,19500,True,30.831043004989624,30.66982700000017
sparse,0,3000,amortized,gaussian,64,om_ka,0.2775000740898419,0.4,-30.62498147753953,-169.21268373499362,2083.16541539784,19500,True,30.831043004989624,30.66982700000017
sparse,0,3000,amortized,gaussian,64,sigma,0.1884232298746494,0.2,-5.788385062675303,-169.21268373499362,2083.16541539784,19500,True,30.831043004989624,30.66982700000017
sparse,1,3001,free,gaussian,1,CL,2.953803177323388,3.0,-1.539894089220395,-181.1839565710835,3444.172820369915,17250,True,5.92276406288147,5.892235000000255
sparse,1,3001,free,gaussian,1,V,28.453035078693265,30.0,-5.156549737689117,-181.1839565710835,3444.172820369915,17250,True,5.92276406288147,5.892235000000255
sparse,1,3001,free,gaussian,1,ka,1.1201403181416316,1.2,-6.654973488197362,-181.1839565710835,3444.172820369915,17250,True,5.92276406288147,5.892235000000255
sparse,1,3001,free,gaussian,1,om_CL,0.2940545839504201,0.3,-1.981805349859959,-181.1839565710835,3444.172820369915,17250,True,5.92276406288147,5.892235000000255
sparse,1,3001,free,gaussian,1,om_V,0.0169762625797869,0.2,-91.51186871010654,-181.1839565710835,3444.172820369915,17250,True,5.92276406288147,5.892235000000255
sparse,1,3001,free,gaussian,1,om_ka,0.5328103620706448,0.4,33.20259051766119,-181.1839565710835,3444.172820369915,17250,True,5.92276406288147,5.892235000000255
sparse,1,3001,free,gaussian,1,sigma,0.2300449994631805,0.2,15.022499731590267,-181.1839565710835,3444.172820369915,17250,True,5.92276406288147,5.892235000000255
sparse,1,3001,free,gaussian,8,CL,2.88577616021604,3.0,-3.807461326132003,-181.21656244094484,3428.7303160717065,10500,True,4.8016698360443115,4.776801999999861
sparse,1,3001,free,gaussian,8,V,28.201134951744415,30.0,-5.9962168275186185,-181.21656244094484,3428.7303160717065,10500,True,4.8016698360443115,4.776801999999861
sparse,1,3001,free,gaussian,8,ka,1.1250480063845378,1.2,-6.245999467955177,-181.21656244094484,3428.7303160717065,10500,True,4.8016698360443115,4.776801999999861
sparse,1,3001,free,gaussian,8,om_CL,0.2979032437782341,0.3,-0.6989187405886204,-181.21656244094484,3428.7303160717065,10500,True,4.8016698360443115,4.776801999999861
sparse,1,3001,free,gaussian,8,om_V,0.0220921529073181,0.2,-88.9539235463409,-181.21656244094484,3428.7303160717065,10500,True,4.8016698360443115,4.776801999999861
sparse,1,3001,free,gaussian,8,om_ka,0.5574358807543538,0.4,39.35897018858845,-181.21656244094484,3428.7303160717065,10500,True,4.8016698360443115,4.776801999999861
sparse,1,3001,free,gaussian,8,sigma,0.2255055897063769,0.2,12.75279485318845,-181.21656244094484,3428.7303160717065,10500,True,4.8016698360443115,4.776801999999861
sparse,1,3001,free,gaussian,64,CL,2.9918109779517508,3.0,-0.2729674016083076,-177.37706353986007,2153.8128456848694,12750,True,17.083387851715088,16.99974199999997
sparse,1,3001,free,gaussian,64,V,28.471463164936033,30.0,-5.095122783546557,-177.37706353986007,2153.8128456848694,12750,True,17.083387851715088,16.99974199999997
sparse,1,3001,free,gaussian,64,ka,1.184824721972168,1.2,-1.2646065023193358,-177.37706353986007,2153.8128456848694,12750,True,17.083387851715088,16.99974199999997
sparse,1,3001,free,gaussian,64,om_CL,0.2909427407901923,0.3,-3.0190864032692373,-177.37706353986007,2153.8128456848694,12750,True,17.083387851715088,16.99974199999997
sparse,1,3001,free,gaussian,64,om_V,0.1382624299495187,0.2,-30.868785025240623,-177.37706353986007,2153.8128456848694,12750,True,17.083387851715088,16.99974199999997
sparse,1,3001,free,gaussian,64,om_ka,0.5449618474546537,0.4,36.24046186366341,-177.37706353986007,2153.8128456848694,12750,True,17.083387851715088,16.99974199999997
sparse,1,3001,free,gaussian,64,sigma,0.2022560007845604,0.2,1.1280003922801984,-177.37706353986007,2153.8128456848694,12750,True,17.083387851715088,16.99974199999997
sparse,1,3001,amortized,gaussian,1,CL,2.9343561590773426,3.0,-2.188128030755246,-181.4410521017246,3593.2113847045016,20500,True,10.756957054138184,10.6917040000003
sparse,1,3001,amortized,gaussian,1,V,28.41171078623542,30.0,-5.294297379215264,-181.4410521017246,3593.2113847045016,20500,True,10.756957054138184,10.6917040000003
sparse,1,3001,amortized,gaussian,1,ka,1.1141168571130045,1.2,-7.156928573916292,-181.4410521017246,3593.2113847045016,20500,True,10.756957054138184,10.6917040000003
sparse,1,3001,amortized,gaussian,1,om_CL,0.2927624462204137,0.3,-2.4125179265287455,-181.4410521017246,3593.2113847045016,20500,True,10.756957054138184,10.6917040000003
sparse,1,3001,amortized,gaussian,1,om_V,0.0118455658565415,0.2,-94.07721707172922,-181.4410521017246,3593.2113847045016,20500,True,10.756957054138184,10.6917040000003
sparse,1,3001,amortized,gaussian,1,om_ka,0.5238725308033618,0.4,30.96813270084045,-181.4410521017246,3593.2113847045016,20500,True,10.756957054138184,10.6917040000003
sparse,1,3001,amortized,gaussian,1,sigma,0.231876178737113,0.2,15.938089368556506,-181.4410521017246,3593.2113847045016,20500,True,10.756957054138184,10.6917040000003
sparse,1,3001,amortized,gaussian,8,CL,2.987587272052732,3.0,-0.4137575982422703,-181.2652232606872,3542.761691203031,19250,True,12.324343919754028,12.266047000000071
sparse,1,3001,amortized,gaussian,8,V,28.51001998676227,30.0,-4.966600044125767,-181.2652232606872,3542.761691203031,19250,True,12.324343919754028,12.266047000000071
sparse,1,3001,amortized,gaussian,8,ka,1.1157413455829923,1.2,-7.021554534750618,-181.2652232606872,3542.761691203031,19250,True,12.324343919754028,12.266047000000071
sparse,1,3001,amortized,gaussian,8,om_CL,0.2940842656981117,0.3,-1.9719114339627477,-181.2652232606872,3542.761691203031,19250,True,12.324343919754028,12.266047000000071
sparse,1,3001,amortized,gaussian,8,om_V,0.0109489261110433,0.2,-94.5255369444783,-181.2652232606872,3542.761691203031,19250,True,12.324343919754028,12.266047000000071
sparse,1,3001,amortized,gaussian,8,om_ka,0.5719200931584284,0.4,42.9800232896071,-181.2652232606872,3542.761691203031,19250,True,12.324343919754028,12.266047000000071
sparse,1,3001,amortized,gaussian,8,sigma,0.2257819583417749,0.2,12.890979170887482,-181.2652232606872,3542.761691203031,19250,True,12.324343919754028,12.266047000000071
sparse,1,3001,amortized,gaussian,64,CL,2.927395934693397,3.0,-2.420135510220097,-177.5944729610774,2325.148569017643,25000,False,39.67291092872619,39.45070600000008
sparse,1,3001,amortized,gaussian,64,V,28.553487823037237,30.0,-4.821707256542543,-177.5944729610774,2325.148569017643,25000,False,39.67291092872619,39.45070600000008
sparse,1,3001,amortized,gaussian,64,ka,1.1651685927359503,1.2,-2.9026172720041377,-177.5944729610774,2325.148569017643,25000,False,39.67291092872619,39.45070600000008
sparse,1,3001,amortized,gaussian,64,om_CL,0.2925516479468671,0.3,-2.4827840177109595,-177.5944729610774,2325.148569017643,25000,False,39.67291092872619,39.45070600000008
sparse,1,3001,amortized,gaussian,64,om_V,0.1227913970588601,0.2,-38.604301470569915,-177.5944729610774,2325.148569017643,25000,False,39.67291092872619,39.45070600000008
sparse,1,3001,amortized,gaussian,64,om_ka,0.549665796865945,0.4,37.416449216486235,-177.5944729610774,2325.148569017643,25000,False,39.67291092872619,39.45070600000008
sparse,1,3001,amortized,gaussian,64,sigma,0.2005706356614572,0.2,0.285317830728618,-177.5944729610774,2325.148569017643,25000,False,39.67291092872619,39.45070600000008
sparse,2,3002,free,gaussian,1,CL,2.972706235647969,3.0,-0.909792145067693,-216.82557154148896,3366.5909982585745,14000,True,4.810167074203491,4.783805000000029
sparse,2,3002,free,gaussian,1,V,29.414066208008343,30.0,-1.95311263997219,-216.82557154148896,3366.5909982585745,14000,True,4.810167074203491,4.783805000000029
sparse,2,3002,free,gaussian,1,ka,1.1898815679821966,1.2,-0.8432026681502818,-216.82557154148896,3366.5909982585745,14000,True,4.810167074203491,4.783805000000029
sparse,2,3002,free,gaussian,1,om_CL,0.3019997052722404,0.3,0.6665684240801384,-216.82557154148896,3366.5909982585745,14000,True,4.810167074203491,4.783805000000029
sparse,2,3002,free,gaussian,1,om_V,0.0486465358792362,0.2,-75.6767320603819,-216.82557154148896,3366.5909982585745,14000,True,4.810167074203491,4.783805000000029
sparse,2,3002,free,gaussian,1,om_ka,0.3975626518772406,0.4,-0.6093370306898549,-216.82557154148896,3366.5909982585745,14000,True,4.810167074203491,4.783805000000029
sparse,2,3002,free,gaussian,1,sigma,0.3018432961134153,0.2,50.921648056707646,-216.82557154148896,3366.5909982585745,14000,True,4.810167074203491,4.783805000000029
sparse,2,3002,free,gaussian,8,CL,2.962000914228668,3.0,-1.266636192377731,-202.17886461517585,2306.8375795409984,14750,True,6.711759090423584,6.678449999999884
sparse,2,3002,free,gaussian,8,V,29.586867004375385,30.0,-1.3771099854153828,-202.17886461517585,2306.8375795409984,14750,True,6.711759090423584,6.678449999999884
sparse,2,3002,free,gaussian,8,ka,1.1871953234443735,1.2,-1.0670563796355377,-202.17886461517585,2306.8375795409984,14750,True,6.711759090423584,6.678449999999884
sparse,2,3002,free,gaussian,8,om_CL,0.2855995562300942,0.3,-4.800147923301931,-202.17886461517585,2306.8375795409984,14750,True,6.711759090423584,6.678449999999884
sparse,2,3002,free,gaussian,8,om_V,0.2082760646469169,0.2,4.138032323458468,-202.17886461517585,2306.8375795409984,14750,True,6.711759090423584,6.678449999999884
sparse,2,3002,free,gaussian,8,om_ka,0.2869939433688886,0.4,-28.251514157777848,-202.17886461517585,2306.8375795409984,14750,True,6.711759090423584,6.678449999999884
sparse,2,3002,free,gaussian,8,sigma,0.2436863471834967,0.2,21.843173591748364,-202.17886461517585,2306.8375795409984,14750,True,6.711759090423584,6.678449999999884
sparse,2,3002,free,gaussian,64,CL,2.9019983071436832,3.0,-3.266723095210559,-201.3247565004039,2147.6284552882576,2000,True,2.757941961288452,2.734212999999727
sparse,2,3002,free,gaussian,64,V,29.661282255194426,30.0,-1.1290591493519269,-201.3247565004039,2147.6284552882576,2000,True,2.757941961288452,2.734212999999727
sparse,2,3002,free,gaussian,64,ka,1.2114723866745924,1.2,0.9560322228827078,-201.3247565004039,2147.6284552882576,2000,True,2.757941961288452,2.734212999999727
sparse,2,3002,free,gaussian,64,om_CL,0.2902965655212308,0.3,-3.234478159589734,-201.3247565004039,2147.6284552882576,2000,True,2.757941961288452,2.734212999999727
sparse,2,3002,free,gaussian,64,om_V,0.2288041713299754,0.2,14.40208566498771,-201.3247565004039,2147.6284552882576,2000,True,2.757941961288452,2.734212999999727
sparse,2,3002,free,gaussian,64,om_ka,0.3724574445539065,0.4,-6.88563886152338,-201.3247565004039,2147.6284552882576,2000,True,2.757941961288452,2.734212999999727
sparse,2,3002,free,gaussian,64,sigma,0.2271766778178936,0.2,13.588338908946826,-201.3247565004039,2147.6284552882576,2000,True,2.757941961288452,2.734212999999727
sparse,2,3002,amortized,gaussian,1,CL,2.9820232768342154,3.0,-0.5992241055261527,-217.39614395154456,3772.024281011972,25000,False,13.128812074661257,13.055222999999842
sparse,2,3002,amortized,gaussian,1,V,29.124815405609493,30.0,-2.9172819813016915,-217.39614395154456,3772.024281011972,25000,False,13.128812074661257,13.055222999999842
sparse,2,3002,amortized,gaussian,1,ka,1.1500147163747014,1.2,-4.165440302108211,-217.39614395154456,3772.024281011972,25000,False,13.128812074661257,13.055222999999842
sparse,2,3002,amortized,gaussian,1,om_CL,0.2997918186574612,0.3,-0.0693937808462497,-217.39614395154456,3772.024281011972,25000,False,13.128812074661257,13.055222999999842
sparse,2,3002,amortized,gaussian,1,om_V,0.0175661615373147,0.2,-91.21691923134264,-217.39614395154456,3772.024281011972,25000,False,13.128812074661257,13.055222999999842
sparse,2,3002,amortized,gaussian,1,om_ka,0.4348549125215615,0.4,8.713728130390368,-217.39614395154456,3772.024281011972,25000,False,13.128812074661257,13.055222999999842
sparse,2,3002,amortized,gaussian,1,sigma,0.2966768321179357,0.2,48.33841605896785,-217.39614395154456,3772.024281011972,25000,False,13.128812074661257,13.055222999999842
sparse,2,3002,amortized,gaussian,8,CL,3.035816471798661,3.0,1.1938823932887033,-203.73064220610263,2382.4607205962325,20000,True,12.90444302558899,12.83145999999988
sparse,2,3002,amortized,gaussian,8,V,29.80825457906532,30.0,-0.6391514031156001,-203.73064220610263,2382.4607205962325,20000,True,12.90444302558899,12.83145999999988
sparse,2,3002,amortized,gaussian,8,ka,1.1623903537156723,1.2,-3.1341371903606348,-203.73064220610263,2382.4607205962325,20000,True,12.90444302558899,12.83145999999988
sparse,2,3002,amortized,gaussian,8,om_CL,0.2832722448375532,0.3,-5.575918387482263,-203.73064220610263,2382.4607205962325,20000,True,12.90444302558899,12.83145999999988
sparse,2,3002,amortized,gaussian,8,om_V,0.1974762531735875,0.2,-1.2618734132062437,-203.73064220610263,2382.4607205962325,20000,True,12.90444302558899,12.83145999999988
sparse,2,3002,amortized,gaussian,8,om_ka,0.2594055916855767,0.4,-35.148602078605826,-203.73064220610263,2382.4607205962325,20000,True,12.90444302558899,12.83145999999988
sparse,2,3002,amortized,gaussian,8,sigma,0.2519141191048567,0.2,25.957059552428355,-203.73064220610263,2382.4607205962325,20000,True,12.90444302558899,12.83145999999988
sparse,2,3002,amortized,gaussian,64,CL,3.028763186554456,3.0,0.9587728851485324,-201.98645680052343,2217.913868336519,17500,True,27.786458015441895,27.621034000000236
sparse,2,3002,amortized,gaussian,64,V,29.618899907348577,30.0,-1.2703336421714202,-201.98645680052343,2217.913868336519,17500,True,27.786458015441895,27.621034000000236
sparse,2,3002,amortized,gaussian,64,ka,1.2253514217820056,1.2,2.1126184818338056,-201.98645680052343,2217.913868336519,17500,True,27.786458015441895,27.621034000000236
sparse,2,3002,amortized,gaussian,64,om_CL,0.2758433118529323,0.3,-8.052229382355874,-201.98645680052343,2217.913868336519,17500,True,27.786458015441895,27.621034000000236
sparse,2,3002,amortized,gaussian,64,om_V,0.2282413662845769,0.2,14.120683142288453,-201.98645680052343,2217.913868336519,17500,True,27.786458015441895,27.621034000000236
sparse,2,3002,amortized,gaussian,64,om_ka,0.3474451713969169,0.4,-13.138707150770768,-201.98645680052343,2217.913868336519,17500,True,27.786458015441895,27.621034000000236
sparse,2,3002,amortized,gaussian,64,sigma,0.2338844478008274,0.2,16.942223900413733,-201.98645680052343,2217.913868336519,17500,True,27.786458015441895,27.621034000000236
sparse,3,3003,free,gaussian,1,CL,3.0338553587368353,3.0,1.1285119578945106,-183.58998742850497,3568.6597735329465,20000,True,6.896630048751831,6.855957000000217
sparse,3,3003,free,gaussian,1,V,29.71618918327252,30.0,-0.9460360557582704,-183.58998742850497,3568.6597735329465,20000,True,6.896630048751831,6.855957000000217
sparse,3,3003,free,gaussian,1,ka,1.176688249469855,1.2,-1.9426458775120836,-183.58998742850497,3568.6597735329465,20000,True,6.896630048751831,6.855957000000217
sparse,3,3003,free,gaussian,1,om_CL,0.3454047903386069,0.3,15.134930112868966,-183.58998742850497,3568.6597735329465,20000,True,6.896630048751831,6.855957000000217
sparse,3,3003,free,gaussian,1,om_V,0.0187981114015421,0.2,-90.60094429922891,-183.58998742850497,3568.6597735329465,20000,True,6.896630048751831,6.855957000000217
sparse,3,3003,free,gaussian,1,om_ka,0.4173232156357163,0.4,4.330803908929065,-183.58998742850497,3568.6597735329465,20000,True,6.896630048751831,6.855957000000217
sparse,3,3003,free,gaussian,1,sigma,0.2353302823336269,0.2,17.665141166813445,-183.58998742850497,3568.6597735329465,20000,True,6.896630048751831,6.855957000000217
sparse,3,3003,free,gaussian,8,CL,3.117592364044384,3.0,3.9197454681461377,-171.31928804956465,1704.9933118813128,18500,True,8.464982032775879,8.407447999999931
sparse,3,3003,free,gaussian,8,V,29.713162167325823,30.0,-0.9561261089139232,-171.31928804956465,1704.9933118813128,18500,True,8.464982032775879,8.407447999999931
sparse,3,3003,free,gaussian,8,ka,1.233463758141004,1.2,2.788646511750333,-171.31928804956465,1704.9933118813128,18500,True,8.464982032775879,8.407447999999931
sparse,3,3003,free,gaussian,8,om_CL,0.3345327079750589,0.3,11.510902658352991,-171.31928804956465,1704.9933118813128,18500,True,8.464982032775879,8.407447999999931
sparse,3,3003,free,gaussian,8,om_V,0.1732253786952058,0.2,-13.387310652397092,-171.31928804956465,1704.9933118813128,18500,True,8.464982032775879,8.407447999999931
sparse,3,3003,free,gaussian,8,om_ka,0.3284972484681669,0.4,-17.875687882958278,-171.31928804956465,1704.9933118813128,18500,True,8.464982032775879,8.407447999999931
sparse,3,3003,free,gaussian,8,sigma,0.1937313251257141,0.2,-3.134337437142934,-171.31928804956465,1704.9933118813128,18500,True,8.464982032775879,8.407447999999931
sparse,3,3003,free,gaussian,64,CL,3.036710954232737,3.0,1.223698474424569,-168.47435361632478,1919.4738028486008,12750,True,17.205111026763916,17.104044000000158
sparse,3,3003,free,gaussian,64,V,30.014006671781807,30.0,0.0466889059393575,-168.47435361632478,1919.4738028486008,12750,True,17.205111026763916,17.104044000000158
sparse,3,3003,free,gaussian,64,ka,1.2161262375421298,1.2,1.343853128510819,-168.47435361632478,1919.4738028486008,12750,True,17.205111026763916,17.104044000000158
sparse,3,3003,free,gaussian,64,om_CL,0.3314247969934797,0.3,10.474932331159923,-168.47435361632478,1919.4738028486008,12750,True,17.205111026763916,17.104044000000158
sparse,3,3003,free,gaussian,64,om_V,0.1849212523004839,0.2,-7.53937384975803,-168.47435361632478,1919.4738028486008,12750,True,17.205111026763916,17.104044000000158
sparse,3,3003,free,gaussian,64,om_ka,0.393263301856035,0.4,-1.684174535991248,-168.47435361632478,1919.4738028486008,12750,True,17.205111026763916,17.104044000000158
sparse,3,3003,free,gaussian,64,sigma,0.1723381162556535,0.2,-13.830941872173236,-168.47435361632478,1919.4738028486008,12750,True,17.205111026763916,17.104044000000158
sparse,3,3003,amortized,gaussian,1,CL,3.015172749674302,3.0,0.5057583224767311,-185.93825691413392,3250.7082680368603,25000,False,13.143775939941406,13.06945399999995
sparse,3,3003,amortized,gaussian,1,V,30.263869504826488,30.0,0.8795650160882929,-185.93825691413392,3250.7082680368603,25000,False,13.143775939941406,13.06945399999995
sparse,3,3003,amortized,gaussian,1,ka,1.15783318323837,1.2,-3.5139013968024844,-185.93825691413392,3250.7082680368603,25000,False,13.143775939941406,13.06945399999995
sparse,3,3003,amortized,gaussian,1,om_CL,0.3434931610353059,0.3,14.497720345101976,-185.93825691413392,3250.7082680368603,25000,False,13.143775939941406,13.06945399999995
sparse,3,3003,amortized,gaussian,1,om_V,0.0232645611812643,0.2,-88.36771940936785,-185.93825691413392,3250.7082680368603,25000,False,13.143775939941406,13.06945399999995
sparse,3,3003,amortized,gaussian,1,om_ka,0.3552263976508625,0.4,-11.193400587284366,-185.93825691413392,3250.7082680368603,25000,False,13.143775939941406,13.06945399999995
sparse,3,3003,amortized,gaussian,1,sigma,0.2588388910929219,0.2,29.419445546460945,-185.93825691413392,3250.7082680368603,25000,False,13.143775939941406,13.06945399999995
sparse,3,3003,amortized,gaussian,8,CL,3.0159421849247616,3.0,0.5314061641587209,-171.41175107967229,2026.9325182463888,21250,True,13.725624799728394,13.64405799999986
sparse,3,3003,amortized,gaussian,8,V,30.445229223690735,30.0,1.484097412302449,-171.41175107967229,2026.9325182463888,21250,True,13.725624799728394,13.64405799999986
sparse,3,3003,amortized,gaussian,8,ka,1.192419875746494,1.2,-0.6316770211254874,-171.41175107967229,2026.9325182463888,21250,True,13.725624799728394,13.64405799999986
sparse,3,3003,amortized,gaussian,8,om_CL,0.3365356268971739,0.3,12.17854229905798,-171.41175107967229,2026.9325182463888,21250,True,13.725624799728394,13.64405799999986
sparse,3,3003,amortized,gaussian,8,om_V,0.1648732507875848,0.2,-17.56337460620759,-171.41175107967229,2026.9325182463888,21250,True,13.725624799728394,13.64405799999986
sparse,3,3003,amortized,gaussian,8,om_ka,0.3049507149881707,0.4,-23.76232125295732,-171.41175107967229,2026.9325182463888,21250,True,13.725624799728394,13.64405799999986
sparse,3,3003,amortized,gaussian,8,sigma,0.1958165307742899,0.2,-2.0917346128550283,-171.41175107967229,2026.9325182463888,21250,True,13.725624799728394,13.64405799999986
sparse,3,3003,amortized,gaussian,64,CL,3.0254439252438763,3.0,0.8481308414625429,-169.2701299789729,1983.4526314574057,13750,True,21.856416940689087,21.729612999999972
sparse,3,3003,amortized,gaussian,64,V,29.65147295788297,30.0,-1.1617568070567683,-169.2701299789729,1983.4526314574057,13750,True,21.856416940689087,21.729612999999972
sparse,3,3003,amortized,gaussian,64,ka,1.252281706214183,1.2,4.356808851181948,-169.2701299789729,1983.4526314574057,13750,True,21.856416940689087,21.729612999999972
sparse,3,3003,amortized,gaussian,64,om_CL,0.3336911804231322,0.3,11.230393474377411,-169.2701299789729,1983.4526314574057,13750,True,21.856416940689087,21.729612999999972
sparse,3,3003,amortized,gaussian,64,om_V,0.1881477904405754,0.2,-5.926104779712269,-169.2701299789729,1983.4526314574057,13750,True,21.856416940689087,21.729612999999972
sparse,3,3003,amortized,gaussian,64,om_ka,0.3895695057134722,0.4,-2.6076235716319394,-169.2701299789729,1983.4526314574057,13750,True,21.856416940689087,21.729612999999972
sparse,3,3003,amortized,gaussian,64,sigma,0.1778596775961629,0.2,-11.07016120191856,-169.2701299789729,1983.4526314574057,13750,True,21.856416940689087,21.729612999999972
sparse,4,3004,free,gaussian,1,CL,2.9376089608713727,3.0,-2.079701304287577,-207.4328761864005,3637.219978187906,25000,False,8.576632976531982,8.52920099999983
sparse,4,3004,free,gaussian,1,V,30.86686031565488,30.0,2.8895343855162636,-207.4328761864005,3637.219978187906,25000,False,8.576632976531982,8.52920099999983
sparse,4,3004,free,gaussian,1,ka,1.2475268582394217,1.2,3.9605715199518094,-207.4328761864005,3637.219978187906,25000,False,8.576632976531982,8.52920099999983
sparse,4,3004,free,gaussian,1,om_CL,0.36604811610785,0.3,22.016038702616665,-207.4328761864005,3637.219978187906,25000,False,8.576632976531982,8.52920099999983
sparse,4,3004,free,gaussian,1,om_V,0.0135315728858801,0.2,-93.23421355705992,-207.4328761864005,3637.219978187906,25000,False,8.576632976531982,8.52920099999983
sparse,4,3004,free,gaussian,1,om_ka,0.4547580693054065,0.4,13.689517326351623,-207.4328761864005,3637.219978187906,25000,False,8.576632976531982,8.52920099999983
sparse,4,3004,free,gaussian,1,sigma,0.2631256941888108,0.2,31.5628470944054,-207.4328761864005,3637.219978187906,25000,False,8.576632976531982,8.52920099999983
sparse,4,3004,free,gaussian,8,CL,2.967633146709726,3.0,-1.0788951096758037,-200.69829066963823,2468.7258517688565,18750,True,8.522752046585083,8.479181000000153
sparse,4,3004,free,gaussian,8,V,31.634722528223605,30.0,5.449075094078684,-200.69829066963823,2468.7258517688565,18750,True,8.522752046585083,8.479181000000153
sparse,4,3004,free,gaussian,8,ka,1.2800139232580174,1.2,6.667826938168124,-200.69829066963823,2468.7258517688565,18750,True,8.522752046585083,8.479181000000153
sparse,4,3004,free,gaussian,8,om_CL,0.3687463696435533,0.3,22.91545654785112,-200.69829066963823,2468.7258517688565,18750,True,8.522752046585083,8.479181000000153
sparse,4,3004,free,gaussian,8,om_V,0.1716455197643577,0.2,-14.17724011782115,-200.69829066963823,2468.7258517688565,18750,True,8.522752046585083,8.479181000000153
sparse,4,3004,free,gaussian,8,om_ka,0.2581986573715364,0.4,-35.450335657115886,-200.69829066963823,2468.7258517688565,18750,True,8.522752046585083,8.479181000000153
sparse,4,3004,free,gaussian,8,sigma,0.2422133101290798,0.2,21.10665506453993,-200.69829066963823,2468.7258517688565,18750,True,8.522752046585083,8.479181000000153
sparse,4,3004,free,gaussian,64,CL,2.9222561378428056,3.0,-2.5914620719064807,-198.7098694818481,2337.5408427006505,12500,True,16.87833285331726,16.771593999999823
sparse,4,3004,free,gaussian,64,V,31.523916266551403,30.0,5.079720888504677,-198.7098694818481,2337.5408427006505,12500,True,16.87833285331726,16.771593999999823
sparse,4,3004,free,gaussian,64,ka,1.291327478903448,1.2,7.6106232419540145,-198.7098694818481,2337.5408427006505,12500,True,16.87833285331726,16.771593999999823
sparse,4,3004,free,gaussian,64,om_CL,0.3637849443511277,0.3,21.261648117042565,-198.7098694818481,2337.5408427006505,12500,True,16.87833285331726,16.771593999999823
sparse,4,3004,free,gaussian,64,om_V,0.1918574929579465,0.2,-4.071253521026732,-198.7098694818481,2337.5408427006505,12500,True,16.87833285331726,16.771593999999823
sparse,4,3004,free,gaussian,64,om_ka,0.3919921840731366,0.4,-2.001953981715862,-198.7098694818481,2337.5408427006505,12500,True,16.87833285331726,16.771593999999823
sparse,4,3004,free,gaussian,64,sigma,0.2159379970871093,0.2,7.968998543554678,-198.7098694818481,2337.5408427006505,12500,True,16.87833285331726,16.771593999999823
sparse,4,3004,amortized,gaussian,1,CL,2.9469004604051348,3.0,-1.7699846531621748,-207.39341239900696,3458.3268396934973,22250,True,11.753675937652588,11.673686999999973
sparse,4,3004,amortized,gaussian,1,V,31.11051015636047,30.0,3.701700521201564,-207.39341239900696,3458.3268396934973,22250,True,11.753675937652588,11.673686999999973
sparse,4,3004,amortized,gaussian,1,ka,1.245830797998291,1.2,3.8192331665242536,-207.39341239900696,3458.3268396934973,22250,True,11.753675937652588,11.673686999999973
sparse,4,3004,amortized,gaussian,1,om_CL,0.3666734861842925,0.3,22.22449539476418,-207.39341239900696,3458.3268396934973,22250,True,11.753675937652588,11.673686999999973
sparse,4,3004,amortized,gaussian,1,om_V,0.0331793509373527,0.2,-83.41032453132361,-207.39341239900696,3458.3268396934973,22250,True,11.753675937652588,11.673686999999973
sparse,4,3004,amortized,gaussian,1,om_ka,0.4289509281291326,0.4,7.237732032283144,-207.39341239900696,3458.3268396934973,22250,True,11.753675937652588,11.673686999999973
sparse,4,3004,amortized,gaussian,1,sigma,0.2664206241265554,0.2,33.210312063277705,-207.39341239900696,3458.3268396934973,22250,True,11.753675937652588,11.673686999999973
sparse,4,3004,amortized,gaussian,8,CL,2.912798125999893,3.0,-2.906729133336894,-201.15025822441504,2630.084085813228,20250,True,13.028366804122925,12.957002999999986
sparse,4,3004,amortized,gaussian,8,V,31.624098770368015,30.0,5.4136625678933825,-201.15025822441504,2630.084085813228,20250,True,13.028366804122925,12.957002999999986
sparse,4,3004,amortized,gaussian,8,ka,1.2511700679356828,1.2,4.264172327973567,-201.15025822441504,2630.084085813228,20250,True,13.028366804122925,12.957002999999986
sparse,4,3004,amortized,gaussian,8,om_CL,0.3554352649920222,0.3,18.47842166400741,-201.15025822441504,2630.084085813228,20250,True,13.028366804122925,12.957002999999986
sparse,4,3004,amortized,gaussian,8,om_V,0.1802085051306971,0.2,-9.89574743465145,-201.15025822441504,2630.084085813228,20250,True,13.028366804122925,12.957002999999986
sparse,4,3004,amortized,gaussian,8,om_ka,0.1472772485859763,0.4,-63.18068785350592,-201.15025822441504,2630.084085813228,20250,True,13.028366804122925,12.957002999999986
sparse,4,3004,amortized,gaussian,8,sigma,0.2440374760339837,0.2,22.018738016991872,-201.15025822441504,2630.084085813228,20250,True,13.028366804122925,12.957002999999986
sparse,4,3004,amortized,gaussian,64,CL,2.947005914526791,3.0,-1.7664695157736314,-198.97608198821885,2391.4618970373676,23750,True,37.66518306732178,37.44584300000042
sparse,4,3004,amortized,gaussian,64,V,31.544303132009674,30.0,5.147677106698912,-198.97608198821885,2391.4618970373676,23750,True,37.66518306732178,37.44584300000042
sparse,4,3004,amortized,gaussian,64,ka,1.2647052664273046,1.2,5.3921055356087235,-198.97608198821885,2391.4618970373676,23750,True,37.66518306732178,37.44584300000042
sparse,4,3004,amortized,gaussian,64,om_CL,0.3597319060573949,0.3,19.910635352464997,-198.97608198821885,2391.4618970373676,23750,True,37.66518306732178,37.44584300000042
sparse,4,3004,amortized,gaussian,64,om_V,0.1933863443332853,0.2,-3.3068278333573535,-198.97608198821885,2391.4618970373676,23750,True,37.66518306732178,37.44584300000042
sparse,4,3004,amortized,gaussian,64,om_ka,0.3359537367744519,0.4,-16.01156580638703,-198.97608198821885,2391.4618970373676,23750,True,37.66518306732178,37.44584300000042
sparse,4,3004,amortized,gaussian,64,sigma,0.2208057435971462,0.2,10.40287179857309,-198.97608198821885,2391.4618970373676,23750,True,37.66518306732178,37.44584300000042
sparse,5,3005,free,gaussian,1,CL,3.0406168633660773,3.0,1.3538954455359091,-187.83342353896387,3309.1589461597373,21750,True,7.558286190032959,7.508385999999973
sparse,5,3005,free,gaussian,1,V,30.569923700919713,30.0,1.8997456697323756,-187.83342353896387,3309.1589461597373,21750,True,7.558286190032959,7.508385999999973
sparse,5,3005,free,gaussian,1,ka,1.341379327438003,1.2,11.78161061983359,-187.83342353896387,3309.1589461597373,21750,True,7.558286190032959,7.508385999999973
sparse,5,3005,free,gaussian,1,om_CL,0.2946981150560038,0.3,-1.7672949813320646,-187.83342353896387,3309.1589461597373,21750,True,7.558286190032959,7.508385999999973
sparse,5,3005,free,gaussian,1,om_V,0.0470656595174494,0.2,-76.46717024127528,-187.83342353896387,3309.1589461597373,21750,True,7.558286190032959,7.508385999999973
sparse,5,3005,free,gaussian,1,om_ka,0.4018282768695737,0.4,0.4570692173934132,-187.83342353896387,3309.1589461597373,21750,True,7.558286190032959,7.508385999999973
sparse,5,3005,free,gaussian,1,sigma,0.2814134361704281,0.2,40.70671808521406,-187.83342353896387,3309.1589461597373,21750,True,7.558286190032959,7.508385999999973
sparse,5,3005,free,gaussian,8,CL,2.989990582609426,3.0,-0.3336472463524457,-175.44345104295525,2346.741977072182,13500,True,6.171324729919434,6.13696200000004
sparse,5,3005,free,gaussian,8,V,30.562215723804005,30.0,1.8740524126800175,-175.44345104295525,2346.741977072182,13500,True,6.171324729919434,6.13696200000004
sparse,5,3005,free,gaussian,8,ka,1.327478765809915,1.2,10.623230484159585,-175.44345104295525,2346.741977072182,13500,True,6.171324729919434,6.13696200000004
sparse,5,3005,free,gaussian,8,om_CL,0.2715794393991966,0.3,-9.473520200267778,-175.44345104295525,2346.741977072182,13500,True,6.171324729919434,6.13696200000004
sparse,5,3005,free,gaussian,8,om_V,0.1811476809702756,0.2,-9.426159514862183,-175.44345104295525,2346.741977072182,13500,True,6.171324729919434,6.13696200000004
sparse,5,3005,free,gaussian,8,om_ka,0.3543408891837337,0.4,-11.414777704066582,-175.44345104295525,2346.741977072182,13500,True,6.171324729919434,6.13696200000004
sparse,5,3005,free,gaussian,8,sigma,0.219456669851883,0.2,9.728334925941535,-175.44345104295525,2346.741977072182,13500,True,6.171324729919434,6.13696200000004
sparse,5,3005,free,gaussian,64,CL,2.936638003847837,3.0,-2.1120665384054327,-174.8797518089483,2228.289726605778,7750,True,10.470832824707031,10.409637000000204
sparse,5,3005,free,gaussian,64,V,30.44505128360523,30.0,1.483504278684104,-174.8797518089483,2228.289726605778,7750,True,10.470832824707031,10.409637000000204
sparse,5,3005,free,gaussian,64,ka,1.379411143446715,1.2,14.950928620559578,-174.8797518089483,2228.289726605778,7750,True,10.470832824707031,10.409637000000204
sparse,5,3005,free,gaussian,64,om_CL,0.2804365242317673,0.3,-6.521158589410899,-174.8797518089483,2228.289726605778,7750,True,10.470832824707031,10.409637000000204
sparse,5,3005,free,gaussian,64,om_V,0.1941253756607884,0.2,-2.937312169605771,-174.8797518089483,2228.289726605778,7750,True,10.470832824707031,10.409637000000204
sparse,5,3005,free,gaussian,64,om_ka,0.4248358149566226,0.4,6.208953739155643,-174.8797518089483,2228.289726605778,7750,True,10.470832824707031,10.409637000000204
sparse,5,3005,free,gaussian,64,sigma,0.2108894534203849,0.2,5.444726710192458,-174.8797518089483,2228.289726605778,7750,True,10.470832824707031,10.409637000000204
sparse,5,3005,amortized,gaussian,1,CL,3.0027231640575507,3.0,0.0907721352516895,-188.56929232180067,3757.603471340524,25000,False,13.127115964889526,13.053379999999834
sparse,5,3005,amortized,gaussian,1,V,30.367825037155217,30.0,1.2260834571840462,-188.56929232180067,3757.603471340524,25000,False,13.127115964889526,13.053379999999834
sparse,5,3005,amortized,gaussian,1,ka,1.2826028615477787,1.2,6.883571795648228,-188.56929232180067,3757.603471340524,25000,False,13.127115964889526,13.053379999999834
sparse,5,3005,amortized,gaussian,1,om_CL,0.2884467912274995,0.3,-3.8510695908334966,-188.56929232180067,3757.603471340524,25000,False,13.127115964889526,13.053379999999834
sparse,5,3005,amortized,gaussian,1,om_V,0.0196376059436861,0.2,-90.18119702815696,-188.56929232180067,3757.603471340524,25000,False,13.127115964889526,13.053379999999834
sparse,5,3005,amortized,gaussian,1,om_ka,0.4043732152656347,0.4,1.0933038164086666,-188.56929232180067,3757.603471340524,25000,False,13.127115964889526,13.053379999999834
sparse,5,3005,amortized,gaussian,1,sigma,0.2748751916416878,0.2,37.43759582084391,-188.56929232180067,3757.603471340524,25000,False,13.127115964889526,13.053379999999834
sparse,5,3005,amortized,gaussian,8,CL,3.017321142216155,3.0,0.5773714072051739,-176.35945616584848,2124.7166104056832,23750,True,15.340790033340454,15.247347999999874
sparse,5,3005,amortized,gaussian,8,V,29.87128852169821,30.0,-0.4290382610059614,-176.35945616584848,2124.7166104056832,23750,True,15.340790033340454,15.247347999999874
sparse,5,3005,amortized,gaussian,8,ka,1.3541659169683744,1.2,12.847159747364538,-176.35945616584848,2124.7166104056832,23750,True,15.340790033340454,15.247347999999874
sparse,5,3005,amortized,gaussian,8,om_CL,0.2777092229989019,0.3,-7.430259000366035,-176.35945616584848,2124.7166104056832,23750,True,15.340790033340454,15.247347999999874
sparse,5,3005,amortized,gaussian,8,om_V,0.1916146085624501,0.2,-4.192695718774939,-176.35945616584848,2124.7166104056832,23750,True,15.340790033340454,15.247347999999874
sparse,5,3005,amortized,gaussian,8,om_ka,0.343916900199869,0.4,-14.020774950032743,-176.35945616584848,2124.7166104056832,23750,True,15.340790033340454,15.247347999999874
sparse,5,3005,amortized,gaussian,8,sigma,0.2232314856433469,0.2,11.615742821673477,-176.35945616584848,2124.7166104056832,23750,True,15.340790033340454,15.247347999999874
sparse,5,3005,amortized,gaussian,64,CL,2.982037872437739,3.0,-0.5987375854086855,-174.45502847242523,2159.6494247674655,5750,True,9.143774032592772,9.091253999999935
sparse,5,3005,amortized,gaussian,64,V,30.723171366757608,30.0,2.4105712225253604,-174.45502847242523,2159.6494247674655,5750,True,9.143774032592772,9.091253999999935
sparse,5,3005,amortized,gaussian,64,ka,1.3545663660487066,1.2,12.880530504058887,-174.45502847242523,2159.6494247674655,5750,True,9.143774032592772,9.091253999999935
sparse,5,3005,amortized,gaussian,64,om_CL,0.2752344277416324,0.3,-8.255190752789188,-174.45502847242523,2159.6494247674655,5750,True,9.143774032592772,9.091253999999935
sparse,5,3005,amortized,gaussian,64,om_V,0.2028341156182463,0.2,1.4170578091231705,-174.45502847242523,2159.6494247674655,5750,True,9.143774032592772,9.091253999999935
sparse,5,3005,amortized,gaussian,64,om_ka,0.4190441830489367,0.4,4.76104576223417,-174.45502847242523,2159.6494247674655,5750,True,9.143774032592772,9.091253999999935
sparse,5,3005,amortized,gaussian,64,sigma,0.2062133695583986,0.2,3.1066847791993144,-174.45502847242523,2159.6494247674655,5750,True,9.143774032592772,9.091253999999935
sparse,6,3006,free,gaussian,1,CL,2.9912076467689723,3.0,-0.2930784410342557,-170.96781332481413,2095.9420666816945,18250,True,6.249892234802246,6.21646600000031
sparse,6,3006,free,gaussian,1,V,31.112016207279456,30.0,3.706720690931521,-170.96781332481413,2095.9420666816945,18250,True,6.249892234802246,6.21646600000031
sparse,6,3006,free,gaussian,1,ka,1.227153331237956,1.2,2.262777603163013,-170.96781332481413,2095.9420666816945,18250,True,6.249892234802246,6.21646600000031
sparse,6,3006,free,gaussian,1,om_CL,0.2707867402190203,0.3,-9.737753260326556,-170.96781332481413,2095.9420666816945,18250,True,6.249892234802246,6.21646600000031
sparse,6,3006,free,gaussian,1,om_V,0.1859835047686419,0.2,-7.008247615679058,-170.96781332481413,2095.9420666816945,18250,True,6.249892234802246,6.21646600000031
sparse,6,3006,free,gaussian,1,om_ka,0.0771604735546123,0.4,-80.70988161134689,-170.96781332481413,2095.9420666816945,18250,True,6.249892234802246,6.21646600000031
sparse,6,3006,free,gaussian,1,sigma,0.2469709404499045,0.2,23.48547022495226,-170.96781332481413,2095.9420666816945,18250,True,6.249892234802246,6.21646600000031
sparse,6,3006,free,gaussian,8,CL,2.9709768368396716,3.0,-0.967438772010946,-165.2302463488086,2564.9208650791043,18500,True,8.439719915390015,8.38725999999997
sparse,6,3006,free,gaussian,8,V,30.927180372249538,30.0,3.0906012408317807,-165.2302463488086,2564.9208650791043,18500,True,8.439719915390015,8.38725999999997
sparse,6,3006,free,gaussian,8,ka,1.1848175407565154,1.2,-1.2652049369570504,-165.2302463488086,2564.9208650791043,18500,True,8.439719915390015,8.38725999999997
sparse,6,3006,free,gaussian,8,om_CL,0.2811649281628816,0.3,-6.278357279039452,-165.2302463488086,2564.9208650791043,18500,True,8.439719915390015,8.38725999999997
sparse,6,3006,free,gaussian,8,om_V,0.2453142471580121,0.2,22.657123579006065,-165.2302463488086,2564.9208650791043,18500,True,8.439719915390015,8.38725999999997
sparse,6,3006,free,gaussian,8,om_ka,0.0622776811960137,0.4,-84.43057970099656,-165.2302463488086,2564.9208650791043,18500,True,8.439719915390015,8.38725999999997
sparse,6,3006,free,gaussian,8,sigma,0.2060610529641056,0.2,3.03052648205282,-165.2302463488086,2564.9208650791043,18500,True,8.439719915390015,8.38725999999997
sparse,6,3006,free,gaussian,64,CL,2.9945570277796905,3.0,-0.1814324073436513,-162.15175739922532,1836.62700118647,13250,True,17.89273190498352,17.785991999999624
sparse,6,3006,free,gaussian,64,V,30.408068520425033,30.0,1.3602284014167765,-162.15175739922532,1836.62700118647,13250,True,17.89273190498352,17.785991999999624
sparse,6,3006,free,gaussian,64,ka,1.205336998492071,1.2,0.4447498743392527,-162.15175739922532,1836.62700118647,13250,True,17.89273190498352,17.785991999999624
sparse,6,3006,free,gaussian,64,om_CL,0.2891539467919485,0.3,-3.615351069350478,-162.15175739922532,1836.62700118647,13250,True,17.89273190498352,17.785991999999624
sparse,6,3006,free,gaussian,64,om_V,0.2373922176435896,0.2,18.69610882179483,-162.15175739922532,1836.62700118647,13250,True,17.89273190498352,17.785991999999624
sparse,6,3006,free,gaussian,64,om_ka,0.3581850511054777,0.4,-10.453737223630576,-162.15175739922532,1836.62700118647,13250,True,17.89273190498352,17.785991999999624
sparse,6,3006,free,gaussian,64,sigma,0.1715903800558756,0.2,-14.204809972062169,-162.15175739922532,1836.62700118647,13250,True,17.89273190498352,17.785991999999624
sparse,6,3006,amortized,gaussian,1,CL,3.097471613584142,3.0,3.2490537861380453,-186.92973286338145,2998.5184829999566,19500,True,10.27248215675354,10.209669000000304
sparse,6,3006,amortized,gaussian,1,V,31.003761581388737,30.0,3.345871937962457,-186.92973286338145,2998.5184829999566,19500,True,10.27248215675354,10.209669000000304
sparse,6,3006,amortized,gaussian,1,ka,1.1527564493787732,1.2,-3.9369625517688966,-186.92973286338145,2998.5184829999566,19500,True,10.27248215675354,10.209669000000304
sparse,6,3006,amortized,gaussian,1,om_CL,0.2675244079308148,0.3,-10.825197356395051,-186.92973286338145,2998.5184829999566,19500,True,10.27248215675354,10.209669000000304
sparse,6,3006,amortized,gaussian,1,om_V,0.0964886064296328,0.2,-51.755696785183574,-186.92973286338145,2998.5184829999566,19500,True,10.27248215675354,10.209669000000304
sparse,6,3006,amortized,gaussian,1,om_ka,0.1415715510115976,0.4,-64.6071122471006,-186.92973286338145,2998.5184829999566,19500,True,10.27248215675354,10.209669000000304
sparse,6,3006,amortized,gaussian,1,sigma,0.3019340083946831,0.2,50.96700419734154,-186.92973286338145,2998.5184829999566,19500,True,10.27248215675354,10.209669000000304
sparse,6,3006,amortized,gaussian,8,CL,2.9197727687315473,3.0,-2.6742410422817553,-165.747509231461,2280.44087955212,12250,True,7.894634008407593,7.852571999999782
sparse,6,3006,amortized,gaussian,8,V,30.692191402622424,30.0,2.3073046754080786,-165.747509231461,2280.44087955212,12250,True,7.894634008407593,7.852571999999782
sparse,6,3006,amortized,gaussian,8,ka,1.225551405087741,1.2,2.1292837573117507,-165.747509231461,2280.44087955212,12250,True,7.894634008407593,7.852571999999782
sparse,6,3006,amortized,gaussian,8,om_CL,0.2813772274914796,0.3,-6.207590836173449,-165.747509231461,2280.44087955212,12250,True,7.894634008407593,7.852571999999782
sparse,6,3006,amortized,gaussian,8,om_V,0.2443413355372759,0.2,22.17066776863796,-165.747509231461,2280.44087955212,12250,True,7.894634008407593,7.852571999999782
sparse,6,3006,amortized,gaussian,8,om_ka,0.0992568419355934,0.4,-75.18578951610164,-165.747509231461,2280.44087955212,12250,True,7.894634008407593,7.852571999999782
sparse,6,3006,amortized,gaussian,8,sigma,0.2005473776849505,0.2,0.2736888424752642,-165.747509231461,2280.44087955212,12250,True,7.894634008407593,7.852571999999782
sparse,6,3006,amortized,gaussian,64,CL,2.937507620145344,3.0,-2.0830793284885316,-162.5207630586704,1667.5929779446806,22000,True,35.00926184654236,34.73451299999988
sparse,6,3006,amortized,gaussian,64,V,31.28245538612547,30.0,4.2748512870849,-162.5207630586704,1667.5929779446806,22000,True,35.00926184654236,34.73451299999988
sparse,6,3006,amortized,gaussian,64,ka,1.184330392903744,1.2,-1.3058005913546742,-162.5207630586704,1667.5929779446806,22000,True,35.00926184654236,34.73451299999988
sparse,6,3006,amortized,gaussian,64,om_CL,0.2895268236453685,0.3,-3.4910587848771546,-162.5207630586704,1667.5929779446806,22000,True,35.00926184654236,34.73451299999988
sparse,6,3006,amortized,gaussian,64,om_V,0.2368328718871505,0.2,18.41643594357525,-162.5207630586704,1667.5929779446806,22000,True,35.00926184654236,34.73451299999988
sparse,6,3006,amortized,gaussian,64,om_ka,0.3751047166983358,0.4,-6.2238208254160465,-162.5207630586704,1667.5929779446806,22000,True,35.00926184654236,34.73451299999988
sparse,6,3006,amortized,gaussian,64,sigma,0.1694662062728706,0.2,-15.26689686356468,-162.5207630586704,1667.5929779446806,22000,True,35.00926184654236,34.73451299999988
sparse,7,3007,free,gaussian,1,CL,3.1190312474859496,3.0,3.967708249531654,-170.26193762929876,3376.7809255681223,13750,True,4.716324090957642,4.690582000000177
sparse,7,3007,free,gaussian,1,V,30.66118082729684,30.0,2.2039360909894747,-170.26193762929876,3376.7809255681223,13750,True,4.716324090957642,4.690582000000177
sparse,7,3007,free,gaussian,1,ka,1.2178665297246936,1.2,1.4888774770578004,-170.26193762929876,3376.7809255681223,13750,True,4.716324090957642,4.690582000000177
sparse,7,3007,free,gaussian,1,om_CL,0.2679044215564641,0.3,-10.698526147845298,-170.26193762929876,3376.7809255681223,13750,True,4.716324090957642,4.690582000000177
sparse,7,3007,free,gaussian,1,om_V,0.0320578693647492,0.2,-83.97106531762539,-170.26193762929876,3376.7809255681223,13750,True,4.716324090957642,4.690582000000177
sparse,7,3007,free,gaussian,1,om_ka,0.4640274431315611,0.4,16.006860782890275,-170.26193762929876,3376.7809255681223,13750,True,4.716324090957642,4.690582000000177
sparse,7,3007,free,gaussian,1,sigma,0.2533314345592475,0.2,26.66571727962377,-170.26193762929876,3376.7809255681223,13750,True,4.716324090957642,4.690582000000177
sparse,7,3007,free,gaussian,8,CL,3.10796253874075,3.0,3.59875129135833,-169.9940669924478,3677.893713400101,22250,True,10.134506940841677,10.075820999999904
sparse,7,3007,free,gaussian,8,V,30.323308219769235,30.0,1.0776940658974492,-169.9940669924478,3677.893713400101,22250,True,10.134506940841677,10.075820999999904
sparse,7,3007,free,gaussian,8,ka,1.2060234538436307,1.2,0.5019544869692324,-169.9940669924478,3677.893713400101,22250,True,10.134506940841677,10.075820999999904
sparse,7,3007,free,gaussian,8,om_CL,0.2747982363964655,0.3,-8.400587867844811,-169.9940669924478,3677.893713400101,22250,True,10.134506940841677,10.075820999999904
sparse,7,3007,free,gaussian,8,om_V,0.0120628294584755,0.2,-93.9685852707622,-169.9940669924478,3677.893713400101,22250,True,10.134506940841677,10.075820999999904
sparse,7,3007,free,gaussian,8,om_ka,0.4969247706749471,0.4,24.23119266873677,-169.9940669924478,3677.893713400101,22250,True,10.134506940841677,10.075820999999904
sparse,7,3007,free,gaussian,8,sigma,0.2386140600554463,0.2,19.307030027723172,-169.9940669924478,3677.893713400101,22250,True,10.134506940841677,10.075820999999904
sparse,7,3007,free,gaussian,64,CL,3.0580034181828477,3.0,1.9334472727615903,-163.27064903372826,2080.233602827282,7500,True,10.087378025054932,10.034234000000197
sparse,7,3007,free,gaussian,64,V,31.130413942768307,30.0,3.768046475894357,-163.27064903372826,2080.233602827282,7500,True,10.087378025054932,10.034234000000197
sparse,7,3007,free,gaussian,64,ka,1.2565041396216812,1.2,4.708678301806768,-163.27064903372826,2080.233602827282,7500,True,10.087378025054932,10.034234000000197
sparse,7,3007,free,gaussian,64,om_CL,0.2871411768512751,0.3,-4.286274382908276,-163.27064903372826,2080.233602827282,7500,True,10.087378025054932,10.034234000000197
sparse,7,3007,free,gaussian,64,om_V,0.1639831452159765,0.2,-18.00842739201175,-163.27064903372826,2080.233602827282,7500,True,10.087378025054932,10.034234000000197
sparse,7,3007,free,gaussian,64,om_ka,0.4291865936103094,0.4,7.296648402577349,-163.27064903372826,2080.233602827282,7500,True,10.087378025054932,10.034234000000197
sparse,7,3007,free,gaussian,64,sigma,0.1954449801166103,0.2,-2.27750994169483,-163.27064903372826,2080.233602827282,7500,True,10.087378025054932,10.034234000000197
sparse,7,3007,amortized,gaussian,1,CL,3.22807192855447,3.0,7.602397618482338,-178.23598493985935,2154.4200244575545,15500,True,8.114742994308472,8.073480000000018
sparse,7,3007,amortized,gaussian,1,V,30.59829607206123,30.0,1.994320240204104,-178.23598493985935,2154.4200244575545,15500,True,8.114742994308472,8.073480000000018
sparse,7,3007,amortized,gaussian,1,ka,1.250339111207649,1.2,4.19492593397075,-178.23598493985935,2154.4200244575545,15500,True,8.114742994308472,8.073480000000018
sparse,7,3007,amortized,gaussian,1,om_CL,0.2550964407625634,0.3,-14.967853079145534,-178.23598493985935,2154.4200244575545,15500,True,8.114742994308472,8.073480000000018
sparse,7,3007,amortized,gaussian,1,om_V,0.0741482738570195,0.2,-62.92586307149023,-178.23598493985935,2154.4200244575545,15500,True,8.114742994308472,8.073480000000018
sparse,7,3007,amortized,gaussian,1,om_ka,0.2333173629955363,0.4,-41.67065925111592,-178.23598493985935,2154.4200244575545,15500,True,8.114742994308472,8.073480000000018
sparse,7,3007,amortized,gaussian,1,sigma,0.2973647180224747,0.2,48.682359011237374,-178.23598493985935,2154.4200244575545,15500,True,8.114742994308472,8.073480000000018
sparse,7,3007,amortized,gaussian,8,CL,3.0441420750343924,3.0,1.4714025011464127,-168.36591694244328,3158.1332767277854,16750,True,10.746608972549438,10.691146000000115
sparse,7,3007,amortized,gaussian,8,V,30.76548132739833,30.0,2.5516044246611003,-168.36591694244328,3158.1332767277854,16750,True,10.746608972549438,10.691146000000115
sparse,7,3007,amortized,gaussian,8,ka,1.1875814284301338,1.2,-1.034880964155512,-168.36591694244328,3158.1332767277854,16750,True,10.746608972549438,10.691146000000115
sparse,7,3007,amortized,gaussian,8,om_CL,0.2678962387429203,0.3,-10.7012537523599,-168.36591694244328,3158.1332767277854,16750,True,10.746608972549438,10.691146000000115
sparse,7,3007,amortized,gaussian,8,om_V,0.0737813886871314,0.2,-63.10930565643429,-168.36591694244328,3158.1332767277854,16750,True,10.746608972549438,10.691146000000115
sparse,7,3007,amortized,gaussian,8,om_ka,0.4749099131450408,0.4,18.7274782862602,-168.36591694244328,3158.1332767277854,16750,True,10.746608972549438,10.691146000000115
sparse,7,3007,amortized,gaussian,8,sigma,0.2358147607830996,0.2,17.907380391549832,-168.36591694244328,3158.1332767277854,16750,True,10.746608972549438,10.691146000000115
sparse,7,3007,amortized,gaussian,64,CL,3.0899959500258523,3.0,2.999865000861742,-163.3424932068299,2251.3238950749696,20000,True,38.4569091796875,36.21708400000034
sparse,7,3007,amortized,gaussian,64,V,30.822997497942904,30.0,2.7433249931430126,-163.3424932068299,2251.3238950749696,20000,True,38.4569091796875,36.21708400000034
sparse,7,3007,amortized,gaussian,64,ka,1.237025272265036,1.2,3.0854393554196613,-163.3424932068299,2251.3238950749696,20000,True,38.4569091796875,36.21708400000034
sparse,7,3007,amortized,gaussian,64,om_CL,0.2808760284632634,0.3,-6.374657178912187,-163.3424932068299,2251.3238950749696,20000,True,38.4569091796875,36.21708400000034
sparse,7,3007,amortized,gaussian,64,om_V,0.1601207313254145,0.2,-19.93963433729272,-163.3424932068299,2251.3238950749696,20000,True,38.4569091796875,36.21708400000034
sparse,7,3007,amortized,gaussian,64,om_ka,0.4059025217132955,0.4,1.475630428323882,-163.3424932068299,2251.3238950749696,20000,True,38.4569091796875,36.21708400000034
sparse,7,3007,amortized,gaussian,64,sigma,0.2043274096918204,0.2,2.163704845910205,-163.3424932068299,2251.3238950749696,20000,True,38.4569091796875,36.21708400000034
sparse,8,3008,free,gaussian,1,CL,3.0510494652283127,3.0,1.7016488409437551,-198.1193523669523,3725.4200992222786,23000,True,7.852826118469238,7.812117999999828
sparse,8,3008,free,gaussian,1,V,29.623042342956747,30.0,-1.256525523477509,-198.1193523669523,3725.4200992222786,23000,True,7.852826118469238,7.812117999999828
sparse,8,3008,free,gaussian,1,ka,1.0996734875519476,1.2,-8.360542704004363,-198.1193523669523,3725.4200992222786,23000,True,7.852826118469238,7.812117999999828
sparse,8,3008,free,gaussian,1,om_CL,0.321331555516805,0.3,7.1105185056016635,-198.1193523669523,3725.4200992222786,23000,True,7.852826118469238,7.812117999999828
sparse,8,3008,free,gaussian,1,om_V,0.01954604733812,0.2,-90.22697633093998,-198.1193523669523,3725.4200992222786,23000,True,7.852826118469238,7.812117999999828
sparse,8,3008,free,gaussian,1,om_ka,0.3779356091038846,0.4,-5.516097724028848,-198.1193523669523,3725.4200992222786,23000,True,7.852826118469238,7.812117999999828
sparse,8,3008,free,gaussian,1,sigma,0.2657757580922,0.2,32.88787904610002,-198.1193523669523,3725.4200992222786,23000,True,7.852826118469238,7.812117999999828
sparse,8,3008,free,gaussian,8,CL,3.038016691997659,3.0,1.2672230665886337,-189.8537030082201,2502.5154968526176,19500,True,8.869506120681763,8.817442999999912
sparse,8,3008,free,gaussian,8,V,30.223704069093788,30.0,0.7456802303126272,-189.8537030082201,2502.5154968526176,19500,True,8.869506120681763,8.817442999999912
sparse,8,3008,free,gaussian,8,ka,1.1222666070910294,1.2,-6.4777827424142105,-189.8537030082201,2502.5154968526176,19500,True,8.869506120681763,8.817442999999912
sparse,8,3008,free,gaussian,8,om_CL,0.3167782882821942,0.3,5.592762760731414,-189.8537030082201,2502.5154968526176,19500,True,8.869506120681763,8.817442999999912
sparse,8,3008,free,gaussian,8,om_V,0.1687857432169122,0.2,-15.607128391543863,-189.8537030082201,2502.5154968526176,19500,True,8.869506120681763,8.817442999999912
sparse,8,3008,free,gaussian,8,om_ka,0.2371942150617276,0.4,-40.701446234568095,-189.8537030082201,2502.5154968526176,19500,True,8.869506120681763,8.817442999999912
sparse,8,3008,free,gaussian,8,sigma,0.2311890703072108,0.2,15.5945351536054,-189.8537030082201,2502.5154968526176,19500,True,8.869506120681763,8.817442999999912
sparse,8,3008,free,gaussian,64,CL,3.0113511439493132,3.0,0.3783714649771082,-188.44191120861927,2306.7559864029017,14000,True,18.8069851398468,18.704649000000245
sparse,8,3008,free,gaussian,64,V,30.073606517869585,30.0,0.2453550595652842,-188.44191120861927,2306.7559864029017,14000,True,18.8069851398468,18.704649000000245
sparse,8,3008,free,gaussian,64,ka,1.1267554504819275,1.2,-6.103712459839354,-188.44191120861927,2306.7559864029017,14000,True,18.8069851398468,18.704649000000245
sparse,8,3008,free,gaussian,64,om_CL,0.3232924978767715,0.3,7.7641659589238365,-188.44191120861927,2306.7559864029017,14000,True,18.8069851398468,18.704649000000245
sparse,8,3008,free,gaussian,64,om_V,0.1901956864310011,0.2,-4.902156784499428,-188.44191120861927,2306.7559864029017,14000,True,18.8069851398468,18.704649000000245
sparse,8,3008,free,gaussian,64,om_ka,0.3216237460246538,0.4,-19.594063493836547,-188.44191120861927,2306.7559864029017,14000,True,18.8069851398468,18.704649000000245
sparse,8,3008,free,gaussian,64,sigma,0.2095356012389676,0.2,4.7678006194838,-188.44191120861927,2306.7559864029017,14000,True,18.8069851398468,18.704649000000245
sparse,8,3008,amortized,gaussian,1,CL,3.030710507621401,3.0,1.023683587380031,-198.49448433861323,3808.386982600036,25000,False,13.088539123535156,13.016737999999805
sparse,8,3008,amortized,gaussian,1,V,29.64820465996834,30.0,-1.172651133438869,-198.49448433861323,3808.386982600036,25000,False,13.088539123535156,13.016737999999805
sparse,8,3008,amortized,gaussian,1,ka,1.1089453928439874,1.2,-7.587883929667711,-198.49448433861323,3808.386982600036,25000,False,13.088539123535156,13.016737999999805
sparse,8,3008,amortized,gaussian,1,om_CL,0.3177472418596678,0.3,5.915747286555954,-198.49448433861323,3808.386982600036,25000,False,13.088539123535156,13.016737999999805
sparse,8,3008,amortized,gaussian,1,om_V,0.0086672244124996,0.2,-95.66638779375016,-198.49448433861323,3808.386982600036,25000,False,13.088539123535156,13.016737999999805
sparse,8,3008,amortized,gaussian,1,om_ka,0.3620850727204635,0.4,-9.478731819884125,-198.49448433861323,3808.386982600036,25000,False,13.088539123535156,13.016737999999805
sparse,8,3008,amortized,gaussian,1,sigma,0.2698015456925287,0.2,34.90077284626436,-198.49448433861323,3808.386982600036,25000,False,13.088539123535156,13.016737999999805
sparse,8,3008,amortized,gaussian,8,CL,3.0352267457707396,3.0,1.174224859024653,-189.49220422969177,2504.313645192394,13750,True,8.855264902114868,8.804435000000012
sparse,8,3008,amortized,gaussian,8,V,30.28881796475408,30.0,0.9627265491802698,-189.49220422969177,2504.313645192394,13750,True,8.855264902114868,8.804435000000012
sparse,8,3008,amortized,gaussian,8,ka,1.1397276078961456,1.2,-5.022699341987865,-189.49220422969177,2504.313645192394,13750,True,8.855264902114868,8.804435000000012
sparse,8,3008,amortized,gaussian,8,om_CL,0.3232041060930063,0.3,7.73470203100211,-189.49220422969177,2504.313645192394,13750,True,8.855264902114868,8.804435000000012
sparse,8,3008,amortized,gaussian,8,om_V,0.1689967588899187,0.2,-15.501620555040615,-189.49220422969177,2504.313645192394,13750,True,8.855264902114868,8.804435000000012
sparse,8,3008,amortized,gaussian,8,om_ka,0.2512531830239617,0.4,-37.186704244009576,-189.49220422969177,2504.313645192394,13750,True,8.855264902114868,8.804435000000012
sparse,8,3008,amortized,gaussian,8,sigma,0.2302803595295428,0.2,15.140179764771402,-189.49220422969177,2504.313645192394,13750,True,8.855264902114868,8.804435000000012
sparse,8,3008,amortized,gaussian,64,CL,2.992250540774302,3.0,-0.258315307523264,-188.49957576077645,2336.9973122792967,16250,True,25.763357162475582,25.624485999999703
sparse,8,3008,amortized,gaussian,64,V,30.160828245314523,30.0,0.5360941510484096,-188.49957576077645,2336.9973122792967,16250,True,25.763357162475582,25.624485999999703
sparse,8,3008,amortized,gaussian,64,ka,1.1422956697516693,1.2,-4.808694187360889,-188.49957576077645,2336.9973122792967,16250,True,25.763357162475582,25.624485999999703
sparse,8,3008,amortized,gaussian,64,om_CL,0.3220522800038674,0.3,7.350760001289129,-188.49957576077645,2336.9973122792967,16250,True,25.763357162475582,25.624485999999703
sparse,8,3008,amortized,gaussian,64,om_V,0.1831842532814824,0.2,-8.40787335925877,-188.49957576077645,2336.9973122792967,16250,True,25.763357162475582,25.624485999999703
sparse,8,3008,amortized,gaussian,64,om_ka,0.3247797881331661,0.4,-18.80505296670848,-188.49957576077645,2336.9973122792967,16250,True,25.763357162475582,25.624485999999703
sparse,8,3008,amortized,gaussian,64,sigma,0.2156467505252577,0.2,7.823375262628871,-188.49957576077645,2336.9973122792967,16250,True,25.763357162475582,25.624485999999703
sparse,9,3009,free,gaussian,1,CL,3.1678590737173007,3.0,5.595302457243356,-176.2143901298992,3751.832613316479,25000,False,8.561763048171997,8.522868000000017
sparse,9,3009,free,gaussian,1,V,29.146880126540417,30.0,-2.8437329115319443,-176.2143901298992,3751.832613316479,25000,False,8.561763048171997,8.522868000000017
sparse,9,3009,free,gaussian,1,ka,1.145454971009446,1.2,-4.545419082546169,-176.2143901298992,3751.832613316479,25000,False,8.561763048171997,8.522868000000017
sparse,9,3009,free,gaussian,1,om_CL,0.2646628857827193,0.3,-11.7790380724269,-176.2143901298992,3751.832613316479,25000,False,8.561763048171997,8.522868000000017
sparse,9,3009,free,gaussian,1,om_V,0.0230027129304005,0.2,-88.49864353479974,-176.2143901298992,3751.832613316479,25000,False,8.561763048171997,8.522868000000017
sparse,9,3009,free,gaussian,1,om_ka,0.3493330520823507,0.4,-12.666736979412327,-176.2143901298992,3751.832613316479,25000,False,8.561763048171997,8.522868000000017
sparse,9,3009,free,gaussian,1,sigma,0.2629692895190891,0.2,31.484644759544572,-176.2143901298992,3751.832613316479,25000,False,8.561763048171997,8.522868000000017
sparse,9,3009,free,gaussian,8,CL,3.1767270099050107,3.0,5.890900330167022,-162.13900534258272,2368.149466845674,18250,True,8.28731393814087,8.243222999999944
sparse,9,3009,free,gaussian,8,V,29.818324730626006,30.0,-0.6055842312466453,-162.13900534258272,2368.149466845674,18250,True,8.28731393814087,8.243222999999944
sparse,9,3009,free,gaussian,8,ka,1.1833349291683173,1.2,-1.3887559026402228,-162.13900534258272,2368.149466845674,18250,True,8.28731393814087,8.243222999999944
sparse,9,3009,free,gaussian,8,om_CL,0.2542032274916168,0.3,-15.265590836127735,-162.13900534258272,2368.149466845674,18250,True,8.28731393814087,8.243222999999944
sparse,9,3009,free,gaussian,8,om_V,0.1958652507373188,0.2,-2.0673746313405874,-162.13900534258272,2368.149466845674,18250,True,8.28731393814087,8.243222999999944
sparse,9,3009,free,gaussian,8,om_ka,0.1553560067176956,0.4,-61.16099832057609,-162.13900534258272,2368.149466845674,18250,True,8.28731393814087,8.243222999999944
sparse,9,3009,free,gaussian,8,sigma,0.2199859209858639,0.2,9.99296049293194,-162.13900534258272,2368.149466845674,18250,True,8.28731393814087,8.243222999999944
sparse,9,3009,free,gaussian,64,CL,3.129083763228952,3.0,4.302792107631737,-159.93647382707132,1911.700096858544,12750,True,17.124223947525024,17.02994499999977
sparse,9,3009,free,gaussian,64,V,29.41866828486619,30.0,-1.937772383779368,-159.93647382707132,1911.700096858544,12750,True,17.124223947525024,17.02994499999977
sparse,9,3009,free,gaussian,64,ka,1.1858296638169403,1.2,-1.180861348588284,-159.93647382707132,1911.700096858544,12750,True,17.124223947525024,17.02994499999977
sparse,9,3009,free,gaussian,64,om_CL,0.264761265832618,0.3,-11.746244722460643,-159.93647382707132,1911.700096858544,12750,True,17.124223947525024,17.02994499999977
sparse,9,3009,free,gaussian,64,om_V,0.205237975535476,0.2,2.618987767738015,-159.93647382707132,1911.700096858544,12750,True,17.124223947525024,17.02994499999977
sparse,9,3009,free,gaussian,64,om_ka,0.3151832766067311,0.4,-21.204180848317225,-159.93647382707132,1911.700096858544,12750,True,17.124223947525024,17.02994499999977
sparse,9,3009,free,gaussian,64,sigma,0.1908482645050607,0.2,-4.575867747469639,-159.93647382707132,1911.700096858544,12750,True,17.124223947525024,17.02994499999977
sparse,9,3009,amortized,gaussian,1,CL,3.194150424957408,3.0,6.471680831913599,-177.5405499314527,3410.8547327752226,25000,False,13.098724842071531,13.022289999999884
sparse,9,3009,amortized,gaussian,1,V,29.332173767045973,30.0,-2.226087443180091,-177.5405499314527,3410.8547327752226,25000,False,13.098724842071531,13.022289999999884
sparse,9,3009,amortized,gaussian,1,ka,1.1362433406436103,1.2,-5.313054946365803,-177.5405499314527,3410.8547327752226,25000,False,13.098724842071531,13.022289999999884
sparse,9,3009,amortized,gaussian,1,om_CL,0.2576015347212788,0.3,-14.132821759573735,-177.5405499314527,3410.8547327752226,25000,False,13.098724842071531,13.022289999999884
sparse,9,3009,amortized,gaussian,1,om_V,0.0442591305137941,0.2,-77.87043474310292,-177.5405499314527,3410.8547327752226,25000,False,13.098724842071531,13.022289999999884
sparse,9,3009,amortized,gaussian,1,om_ka,0.2090612782447297,0.4,-47.73468043881756,-177.5405499314527,3410.8547327752226,25000,False,13.098724842071531,13.022289999999884
sparse,9,3009,amortized,gaussian,1,sigma,0.2813652987297033,0.2,40.682649364851656,-177.5405499314527,3410.8547327752226,25000,False,13.098724842071531,13.022289999999884
sparse,9,3009,amortized,gaussian,8,CL,3.2220407310449586,3.0,7.401357701498619,-163.94386667483138,2342.569164912294,24750,True,15.84598422050476,15.760267999999996
sparse,9,3009,amortized,gaussian,8,V,29.698959055381707,30.0,-1.0034698153943111,-163.94386667483138,2342.569164912294,24750,True,15.84598422050476,15.760267999999996
sparse,9,3009,amortized,gaussian,8,ka,1.1401698904319193,1.2,-4.985842464006722,-163.94386667483138,2342.569164912294,24750,True,15.84598422050476,15.760267999999996
sparse,9,3009,amortized,gaussian,8,om_CL,0.2394209761049447,0.3,-20.19300796501842,-163.94386667483138,2342.569164912294,24750,True,15.84598422050476,15.760267999999996
sparse,9,3009,amortized,gaussian,8,om_V,0.1851389317232018,0.2,-7.430534138399101,-163.94386667483138,2342.569164912294,24750,True,15.84598422050476,15.760267999999996
sparse,9,3009,amortized,gaussian,8,om_ka,0.0791751789929129,0.4,-80.20620525177176,-163.94386667483138,2342.569164912294,24750,True,15.84598422050476,15.760267999999996
sparse,9,3009,amortized,gaussian,8,sigma,0.2306087560908207,0.2,15.304378045410362,-163.94386667483138,2342.569164912294,24750,True,15.84598422050476,15.760267999999996
sparse,9,3009,amortized,gaussian,64,CL,3.090388174755138,3.0,3.012939158504594,-160.6520207717815,2053.310510395974,16250,True,25.932999849319454,25.760995000000097
sparse,9,3009,amortized,gaussian,64,V,29.675949429375827,30.0,-1.0801685687472449,-160.6520207717815,2053.310510395974,16250,True,25.932999849319454,25.760995000000097
sparse,9,3009,amortized,gaussian,64,ka,1.1912623000148206,1.2,-0.7281416654316142,-160.6520207717815,2053.310510395974,16250,True,25.932999849319454,25.760995000000097
sparse,9,3009,amortized,gaussian,64,om_CL,0.2598019186819103,0.3,-13.399360439363225,-160.6520207717815,2053.310510395974,16250,True,25.932999849319454,25.760995000000097
sparse,9,3009,amortized,gaussian,64,om_V,0.1975944460200719,0.2,-1.202776989964044,-160.6520207717815,2053.310510395974,16250,True,25.932999849319454,25.760995000000097
sparse,9,3009,amortized,gaussian,64,om_ka,0.3253131368301467,0.4,-18.67171579246332,-160.6520207717815,2053.310510395974,16250,True,25.932999849319454,25.760995000000097
sparse,9,3009,amortized,gaussian,64,sigma,0.1950539984110639,0.2,-2.4730007944680357,-160.6520207717815,2053.310510395974,16250,True,25.932999849319454,25.760995000000097
sparse,10,3010,free,gaussian,1,CL,3.04539454970537,3.0,1.5131516568456682,-195.75243617238527,3717.409614548265,19000,True,6.553455829620361,6.515283000000181
sparse,10,3010,free,gaussian,1,V,30.897849478783183,30.0,2.9928315959439544,-195.75243617238527,3717.409614548265,19000,True,6.553455829620361,6.515283000000181
sparse,10,3010,free,gaussian,1,ka,1.1130719514462069,1.2,-7.244004046149426,-195.75243617238527,3717.409614548265,19000,True,6.553455829620361,6.515283000000181
sparse,10,3010,free,gaussian,1,om_CL,0.3054168550882054,0.3,1.8056183627351472,-195.75243617238527,3717.409614548265,19000,True,6.553455829620361,6.515283000000181
sparse,10,3010,free,gaussian,1,om_V,0.0216718381075053,0.2,-89.16408094624735,-195.75243617238527,3717.409614548265,19000,True,6.553455829620361,6.515283000000181
sparse,10,3010,free,gaussian,1,om_ka,0.3824562402689956,0.4,-4.3859399327511035,-195.75243617238527,3717.409614548265,19000,True,6.553455829620361,6.515283000000181
sparse,10,3010,free,gaussian,1,sigma,0.2735128448136877,0.2,36.756422406843846,-195.75243617238527,3717.409614548265,19000,True,6.553455829620361,6.515283000000181
sparse,10,3010,free,gaussian,8,CL,3.052697506343813,3.0,1.7565835447937623,-193.976680833491,3178.776391438633,25000,False,11.399307012557983,11.335113999999976
sparse,10,3010,free,gaussian,8,V,30.837852410448697,30.0,2.792841368162323,-193.976680833491,3178.776391438633,25000,False,11.399307012557983,11.335113999999976
sparse,10,3010,free,gaussian,8,ka,1.092347035583125,1.2,-8.971080368072908,-193.976680833491,3178.776391438633,25000,False,11.399307012557983,11.335113999999976
sparse,10,3010,free,gaussian,8,om_CL,0.3033184818110314,0.3,1.1061606036771496,-193.976680833491,3178.776391438633,25000,False,11.399307012557983,11.335113999999976
sparse,10,3010,free,gaussian,8,om_V,0.0723526057895454,0.2,-63.823697105227254,-193.976680833491,3178.776391438633,25000,False,11.399307012557983,11.335113999999976
sparse,10,3010,free,gaussian,8,om_ka,0.3829048512837228,0.4,-4.273787179069302,-193.976680833491,3178.776391438633,25000,False,11.399307012557983,11.335113999999976
sparse,10,3010,free,gaussian,8,sigma,0.2633753120447598,0.2,31.687656022379908,-193.976680833491,3178.776391438633,25000,False,11.399307012557983,11.335113999999976
sparse,10,3010,free,gaussian,64,CL,3.04502453679245,3.0,1.500817893081674,-191.1054822111318,2577.5293847429693,7500,True,10.147032022476196,10.083778000000166
sparse,10,3010,free,gaussian,64,V,31.112573363698736,30.0,3.708577878995788,-191.1054822111318,2577.5293847429693,7500,True,10.147032022476196,10.083778000000166
sparse,10,3010,free,gaussian,64,ka,1.145036217507422,1.2,-4.580315207714828,-191.1054822111318,2577.5293847429693,7500,True,10.147032022476196,10.083778000000166
sparse,10,3010,free,gaussian,64,om_CL,0.3063977612389579,0.3,2.132587079652637,-191.1054822111318,2577.5293847429693,7500,True,10.147032022476196,10.083778000000166
sparse,10,3010,free,gaussian,64,om_V,0.1525788924794916,0.2,-23.710553760254175,-191.1054822111318,2577.5293847429693,7500,True,10.147032022476196,10.083778000000166
sparse,10,3010,free,gaussian,64,om_ka,0.3928436192969531,0.4,-1.789095175761729,-191.1054822111318,2577.5293847429693,7500,True,10.147032022476196,10.083778000000166
sparse,10,3010,free,gaussian,64,sigma,0.2347345383216989,0.2,17.36726916084945,-191.1054822111318,2577.5293847429693,7500,True,10.147032022476196,10.083778000000166
sparse,10,3010,amortized,gaussian,1,CL,3.128140270786976,3.0,4.27134235956587,-195.98873924342575,3756.4668024610273,23500,True,12.396210193634031,12.319175000000088
sparse,10,3010,amortized,gaussian,1,V,30.54472558266961,30.0,1.8157519422320336,-195.98873924342575,3756.4668024610273,23500,True,12.396210193634031,12.319175000000088
sparse,10,3010,amortized,gaussian,1,ka,1.1027700686862352,1.2,-8.102494276147066,-195.98873924342575,3756.4668024610273,23500,True,12.396210193634031,12.319175000000088
sparse,10,3010,amortized,gaussian,1,om_CL,0.3012712698425108,0.3,0.4237566141702675,-195.98873924342575,3756.4668024610273,23500,True,12.396210193634031,12.319175000000088
sparse,10,3010,amortized,gaussian,1,om_V,0.0198960146642834,0.2,-90.05199266785827,-195.98873924342575,3756.4668024610273,23500,True,12.396210193634031,12.319175000000088
sparse,10,3010,amortized,gaussian,1,om_ka,0.3853973293957651,0.4,-3.650667651058731,-195.98873924342575,3756.4668024610273,23500,True,12.396210193634031,12.319175000000088
sparse,10,3010,amortized,gaussian,1,sigma,0.2759742023793427,0.2,37.98710118967135,-195.98873924342575,3756.4668024610273,23500,True,12.396210193634031,12.319175000000088
sparse,10,3010,amortized,gaussian,8,CL,3.045898517646651,3.0,1.529950588221703,-195.0097393789099,3634.098614745924,22250,True,15.147735118865969,14.906082999999851
sparse,10,3010,amortized,gaussian,8,V,30.40985993947132,30.0,1.3661997982377254,-195.0097393789099,3634.098614745924,22250,True,15.147735118865969,14.906082999999851
sparse,10,3010,amortized,gaussian,8,ka,1.1274660766200644,1.2,-6.044493614994632,-195.0097393789099,3634.098614745924,22250,True,15.147735118865969,14.906082999999851
sparse,10,3010,amortized,gaussian,8,om_CL,0.3035033984586437,0.3,1.1677994862145935,-195.0097393789099,3634.098614745924,22250,True,15.147735118865969,14.906082999999851
sparse,10,3010,amortized,gaussian,8,om_V,0.0405348774820783,0.2,-79.73256125896084,-195.0097393789099,3634.098614745924,22250,True,15.147735118865969,14.906082999999851
sparse,10,3010,amortized,gaussian,8,om_ka,0.4350933139878597,0.4,8.773328496964924,-195.0097393789099,3634.098614745924,22250,True,15.147735118865969,14.906082999999851
sparse,10,3010,amortized,gaussian,8,sigma,0.2626542062611465,0.2,31.32710313057327,-195.0097393789099,3634.098614745924,22250,True,15.147735118865969,14.906082999999851
sparse,10,3010,amortized,gaussian,64,CL,3.0522977027848177,3.0,1.7432567594939237,-191.4716875859821,2534.7677474326183,8250,True,13.61595606803894,13.497354000000088
sparse,10,3010,amortized,gaussian,64,V,30.569158455917965,30.0,1.897194853059882,-191.4716875859821,2534.7677474326183,8250,True,13.61595606803894,13.497354000000088
sparse,10,3010,amortized,gaussian,64,ka,1.150460875568876,1.2,-4.12826036926034,-191.4716875859821,2534.7677474326183,8250,True,13.61595606803894,13.497354000000088
sparse,10,3010,amortized,gaussian,64,om_CL,0.2992315102129037,0.3,-0.2561632623654386,-191.4716875859821,2534.7677474326183,8250,True,13.61595606803894,13.497354000000088
sparse,10,3010,amortized,gaussian,64,om_V,0.1411161512195172,0.2,-29.44192439024139,-191.4716875859821,2534.7677474326183,8250,True,13.61595606803894,13.497354000000088
sparse,10,3010,amortized,gaussian,64,om_ka,0.4489869167676689,0.4,12.246729191917217,-191.4716875859821,2534.7677474326183,8250,True,13.61595606803894,13.497354000000088
sparse,10,3010,amortized,gaussian,64,sigma,0.2321924425317433,0.2,16.09622126587168,-191.4716875859821,2534.7677474326183,8250,True,13.61595606803894,13.497354000000088
sparse,11,3011,free,gaussian,1,CL,3.0988181813856355,3.0,3.2939393795211824,-199.17374841825497,3444.7401685414297,20750,True,7.425079107284546,7.264138999999886
sparse,11,3011,free,gaussian,1,V,30.000299289668035,30.0,0.0009976322267846,-199.17374841825497,3444.7401685414297,20750,True,7.425079107284546,7.264138999999886
sparse,11,3011,free,gaussian,1,ka,1.2037603617865142,1.2,0.313363482209524,-199.17374841825497,3444.7401685414297,20750,True,7.425079107284546,7.264138999999886
sparse,11,3011,free,gaussian,1,om_CL,0.3028035871466943,0.3,0.934529048898125,-199.17374841825497,3444.7401685414297,20750,True,7.425079107284546,7.264138999999886
sparse,11,3011,free,gaussian,1,om_V,0.0281374933544794,0.2,-85.93125332276031,-199.17374841825497,3444.7401685414297,20750,True,7.425079107284546,7.264138999999886
sparse,11,3011,free,gaussian,1,om_ka,0.4587822426604108,0.4,14.695560665102692,-199.17374841825497,3444.7401685414297,20750,True,7.425079107284546,7.264138999999886
sparse,11,3011,free,gaussian,1,sigma,0.2723770564901693,0.2,36.18852824508467,-199.17374841825497,3444.7401685414297,20750,True,7.425079107284546,7.264138999999886
sparse,11,3011,free,gaussian,8,CL,3.06274512826437,3.0,2.0915042754789948,-186.03813099124957,1965.3647023798471,18000,True,8.367444038391113,8.293470999999954
sparse,11,3011,free,gaussian,8,V,30.200701234654616,30.0,0.6690041155153873,-186.03813099124957,1965.3647023798471,18000,True,8.367444038391113,8.293470999999954
sparse,11,3011,free,gaussian,8,ka,1.277618117861281,1.2,6.468176488440114,-186.03813099124957,1965.3647023798471,18000,True,8.367444038391113,8.293470999999954
sparse,11,3011,free,gaussian,8,om_CL,0.2976651436680271,0.3,-0.7782854439909448,-186.03813099124957,1965.3647023798471,18000,True,8.367444038391113,8.293470999999954
sparse,11,3011,free,gaussian,8,om_V,0.1867698938637156,0.2,-6.615053068142182,-186.03813099124957,1965.3647023798471,18000,True,8.367444038391113,8.293470999999954
sparse,11,3011,free,gaussian,8,om_ka,0.401811511817215,0.4,0.4528779543037514,-186.03813099124957,1965.3647023798471,18000,True,8.367444038391113,8.293470999999954
sparse,11,3011,free,gaussian,8,sigma,0.207712397632939,0.2,3.8561988164694943,-186.03813099124957,1965.3647023798471,18000,True,8.367444038391113,8.293470999999954
sparse,11,3011,free,gaussian,64,CL,3.045791391429705,3.0,1.5263797143234854,-185.83329753751633,1809.4685426076287,4250,True,5.825524806976318,5.782768000000033
sparse,11,3011,free,gaussian,64,V,31.090359110722,30.0,3.634530369073339,-185.83329753751633,1809.4685426076287,4250,True,5.825524806976318,5.782768000000033
sparse,11,3011,free,gaussian,64,ka,1.2702881750399309,1.2,5.8573479199942415,-185.83329753751633,1809.4685426076287,4250,True,5.825524806976318,5.782768000000033
sparse,11,3011,free,gaussian,64,om_CL,0.3008237548719268,0.3,0.274584957308958,-185.83329753751633,1809.4685426076287,4250,True,5.825524806976318,5.782768000000033
sparse,11,3011,free,gaussian,64,om_V,0.2129286356627027,0.2,6.464317831351374,-185.83329753751633,1809.4685426076287,4250,True,5.825524806976318,5.782768000000033
sparse,11,3011,free,gaussian,64,om_ka,0.4798049653921039,0.4,19.951241348025977,-185.83329753751633,1809.4685426076287,4250,True,5.825524806976318,5.782768000000033
sparse,11,3011,free,gaussian,64,sigma,0.1902162557881111,0.2,-4.8918721059444525,-185.83329753751633,1809.4685426076287,4250,True,5.825524806976318,5.782768000000033
sparse,11,3011,amortized,gaussian,1,CL,3.0719772734481716,3.0,2.3992424482723873,-200.9157267149004,3428.722657199634,25000,False,13.853711128234863,13.587989000000109
sparse,11,3011,amortized,gaussian,1,V,30.1683421825683,30.0,0.5611406085609971,-200.9157267149004,3428.722657199634,25000,False,13.853711128234863,13.587989000000109
sparse,11,3011,amortized,gaussian,1,ka,1.242926889915722,1.2,3.5772408263101685,-200.9157267149004,3428.722657199634,25000,False,13.853711128234863,13.587989000000109
sparse,11,3011,amortized,gaussian,1,om_CL,0.2908083992215169,0.3,-3.063866926161026,-200.9157267149004,3428.722657199634,25000,False,13.853711128234863,13.587989000000109
sparse,11,3011,amortized,gaussian,1,om_V,0.0478500764396172,0.2,-76.07496178019137,-200.9157267149004,3428.722657199634,25000,False,13.853711128234863,13.587989000000109
sparse,11,3011,amortized,gaussian,1,om_ka,0.3804947725145411,0.4,-4.876306871364727,-200.9157267149004,3428.722657199634,25000,False,13.853711128234863,13.587989000000109
sparse,11,3011,amortized,gaussian,1,sigma,0.2925428721411419,0.2,46.271436070570935,-200.9157267149004,3428.722657199634,25000,False,13.853711128234863,13.587989000000109
sparse,11,3011,amortized,gaussian,8,CL,3.1131411769894513,3.0,3.771372566315042,-187.2394078463641,2154.293224193221,10000,True,6.537121772766113,6.483016000000134
sparse,11,3011,amortized,gaussian,8,V,30.10451935526126,30.0,0.3483978508708674,-187.2394078463641,2154.293224193221,10000,True,6.537121772766113,6.483016000000134
sparse,11,3011,amortized,gaussian,8,ka,1.1974749804190192,1.2,-0.2104182984150604,-187.2394078463641,2154.293224193221,10000,True,6.537121772766113,6.483016000000134
sparse,11,3011,amortized,gaussian,8,om_CL,0.2794303420538624,0.3,-6.856552648712526,-187.2394078463641,2154.293224193221,10000,True,6.537121772766113,6.483016000000134
sparse,11,3011,amortized,gaussian,8,om_V,0.1801781776902502,0.2,-9.91091115487487,-187.2394078463641,2154.293224193221,10000,True,6.537121772766113,6.483016000000134
sparse,11,3011,amortized,gaussian,8,om_ka,0.3870338355935108,0.4,-3.2415411016222944,-187.2394078463641,2154.293224193221,10000,True,6.537121772766113,6.483016000000134
sparse,11,3011,amortized,gaussian,8,sigma,0.2250065629468655,0.2,12.503281473432782,-187.2394078463641,2154.293224193221,10000,True,6.537121772766113,6.483016000000134
sparse,11,3011,amortized,gaussian,64,CL,3.0464574175587766,3.0,1.5485805852925545,-185.0475563254999,1714.6897668141555,14000,True,22.3572838306427,22.192471999999725
sparse,11,3011,amortized,gaussian,64,V,30.343661696354857,30.0,1.1455389878495126,-185.0475563254999,1714.6897668141555,14000,True,22.3572838306427,22.192471999999725
sparse,11,3011,amortized,gaussian,64,ka,1.222573473334868,1.2,1.8811227779056787,-185.0475563254999,1714.6897668141555,14000,True,22.3572838306427,22.192471999999725
sparse,11,3011,amortized,gaussian,64,om_CL,0.2973148192081281,0.3,-0.8950602639573035,-185.0475563254999,1714.6897668141555,14000,True,22.3572838306427,22.192471999999725
sparse,11,3011,amortized,gaussian,64,om_V,0.2167175221702547,0.2,8.358761085127384,-185.0475563254999,1714.6897668141555,14000,True,22.3572838306427,22.192471999999725
sparse,11,3011,amortized,gaussian,64,om_ka,0.4367120358302381,0.4,9.178008957559532,-185.0475563254999,1714.6897668141555,14000,True,22.3572838306427,22.192471999999725
sparse,11,3011,amortized,gaussian,64,sigma,0.1915705436979103,0.2,-4.2147281510448575,-185.0475563254999,1714.6897668141555,14000,True,22.3572838306427,22.192471999999725
sparse,12,3012,free,gaussian,1,CL,3.007225174794318,3.0,0.2408391598106055,-172.1905434945316,3756.946190043859,22500,True,7.749040842056274,7.699959000000035
sparse,12,3012,free,gaussian,1,V,28.856718642281013,30.0,-3.8109378590632894,-172.1905434945316,3756.946190043859,22500,True,7.749040842056274,7.699959000000035
sparse,12,3012,free,gaussian,1,ka,1.1373180484837222,1.2,-5.223495959689814,-172.1905434945316,3756.946190043859,22500,True,7.749040842056274,7.699959000000035
sparse,12,3012,free,gaussian,1,om_CL,0.2920872606367229,0.3,-2.6375797877590257,-172.1905434945316,3756.946190043859,22500,True,7.749040842056274,7.699959000000035
sparse,12,3012,free,gaussian,1,om_V,0.0195305936372285,0.2,-90.23470318138573,-172.1905434945316,3756.946190043859,22500,True,7.749040842056274,7.699959000000035
sparse,12,3012,free,gaussian,1,om_ka,0.3597103948463459,0.4,-10.072401288413523,-172.1905434945316,3756.946190043859,22500,True,7.749040842056274,7.699959000000035
sparse,12,3012,free,gaussian,1,sigma,0.2502701552880245,0.2,25.135077644012263,-172.1905434945316,3756.946190043859,22500,True,7.749040842056274,7.699959000000035
sparse,12,3012,free,gaussian,8,CL,3.0269465600153436,3.0,0.8982186671781189,-163.78233859103028,2472.268960720513,18500,True,8.479739904403687,8.422339000000193
sparse,12,3012,free,gaussian,8,V,29.380220827849374,30.0,-2.0659305738354186,-163.78233859103028,2472.268960720513,18500,True,8.479739904403687,8.422339000000193
sparse,12,3012,free,gaussian,8,ka,1.144701797857918,1.2,-4.60818351184017,-163.78233859103028,2472.268960720513,18500,True,8.479739904403687,8.422339000000193
sparse,12,3012,free,gaussian,8,om_CL,0.2809917104486388,0.3,-6.336096517120397,-163.78233859103028,2472.268960720513,18500,True,8.479739904403687,8.422339000000193
sparse,12,3012,free,gaussian,8,om_V,0.1307713469734434,0.2,-34.61432651327829,-163.78233859103028,2472.268960720513,18500,True,8.479739904403687,8.422339000000193
sparse,12,3012,free,gaussian,8,om_ka,0.3370822118946654,0.4,-15.72944702633365,-163.78233859103028,2472.268960720513,18500,True,8.479739904403687,8.422339000000193
sparse,12,3012,free,gaussian,8,sigma,0.2139674700536069,0.2,6.9837350268034815,-163.78233859103028,2472.268960720513,18500,True,8.479739904403687,8.422339000000193
sparse,12,3012,free,gaussian,64,CL,3.0333213310945197,3.0,1.1107110364839912,-161.76134686070012,2078.176738949121,14750,True,19.847846269607544,19.72231299999976
sparse,12,3012,free,gaussian,64,V,29.04933899741056,30.0,-3.1688700086314725,-161.76134686070012,2078.176738949121,14750,True,19.847846269607544,19.72231299999976
sparse,12,3012,free,gaussian,64,ka,1.161278178597093,1.2,-3.226818450242253,-161.76134686070012,2078.176738949121,14750,True,19.847846269607544,19.72231299999976
sparse,12,3012,free,gaussian,64,om_CL,0.2880721240368623,0.3,-3.975958654379219,-161.76134686070012,2078.176738949121,14750,True,19.847846269607544,19.72231299999976
sparse,12,3012,free,gaussian,64,om_V,0.1784085029044526,0.2,-10.795748547773709,-161.76134686070012,2078.176738949121,14750,True,19.847846269607544,19.72231299999976
sparse,12,3012,free,gaussian,64,om_ka,0.3546663344421695,0.4,-11.333416389457618,-161.76134686070012,2078.176738949121,14750,True,19.847846269607544,19.72231299999976
sparse,12,3012,free,gaussian,64,sigma,0.1915020735799824,0.2,-4.248963210008796,-161.76134686070012,2078.176738949121,14750,True,19.847846269607544,19.72231299999976
sparse,12,3012,amortized,gaussian,1,CL,3.01268840009053,3.0,0.4229466696843283,-173.40005553324733,3202.9653340350583,21500,True,11.29614520072937,11.227434999999788
sparse,12,3012,amortized,gaussian,1,V,29.16820117800317,30.0,-2.7726627399894475,-173.40005553324733,3202.9653340350583,21500,True,11.29614520072937,11.227434999999788
sparse,12,3012,amortized,gaussian,1,ka,1.1686944274227986,1.2,-2.608797714766779,-173.40005553324733,3202.9653340350583,21500,True,11.29614520072937,11.227434999999788
sparse,12,3012,amortized,gaussian,1,om_CL,0.2873751438448511,0.3,-4.208285385049619,-173.40005553324733,3202.9653340350583,21500,True,11.29614520072937,11.227434999999788
sparse,12,3012,amortized,gaussian,1,om_V,0.0389804090660005,0.2,-80.50979546699975,-173.40005553324733,3202.9653340350583,21500,True,11.29614520072937,11.227434999999788
sparse,12,3012,amortized,gaussian,1,om_ka,0.2664742442325327,0.4,-33.38143894186683,-173.40005553324733,3202.9653340350583,21500,True,11.29614520072937,11.227434999999788
sparse,12,3012,amortized,gaussian,1,sigma,0.2647880453232399,0.2,32.39402266161997,-173.40005553324733,3202.9653340350583,21500,True,11.29614520072937,11.227434999999788
sparse,12,3012,amortized,gaussian,8,CL,3.0063110660010586,3.0,0.2103688667019524,-162.65811049105173,2176.6188438122836,16750,True,10.805857181549072,10.737951000000066
sparse,12,3012,amortized,gaussian,8,V,28.945411970767346,30.0,-3.5152934307755266,-162.65811049105173,2176.6188438122836,16750,True,10.805857181549072,10.737951000000066
sparse,12,3012,amortized,gaussian,8,ka,1.1724379418185291,1.2,-2.296838181789218,-162.65811049105173,2176.6188438122836,16750,True,10.805857181549072,10.737951000000066
sparse,12,3012,amortized,gaussian,8,om_CL,0.2814193707488364,0.3,-6.193543083721184,-162.65811049105173,2176.6188438122836,16750,True,10.805857181549072,10.737951000000066
sparse,12,3012,amortized,gaussian,8,om_V,0.1709790579696134,0.2,-14.510471015193271,-162.65811049105173,2176.6188438122836,16750,True,10.805857181549072,10.737951000000066
sparse,12,3012,amortized,gaussian,8,om_ka,0.2628570527628636,0.4,-34.28573680928411,-162.65811049105173,2176.6188438122836,16750,True,10.805857181549072,10.737951000000066
sparse,12,3012,amortized,gaussian,8,sigma,0.2126794607757417,0.2,6.339730387870862,-162.65811049105173,2176.6188438122836,16750,True,10.805857181549072,10.737951000000066
sparse,12,3012,amortized,gaussian,64,CL,2.9902104283368116,3.0,-0.326319055439613,-161.90062411675325,2000.1076341906776,25000,False,40.09197497367859,39.71015299999999
sparse,12,3012,amortized,gaussian,64,V,28.82612281537831,30.0,-3.912923948738971,-161.90062411675325,2000.1076341906776,25000,False,40.09197497367859,39.71015299999999
sparse,12,3012,amortized,gaussian,64,ka,1.182972192647069,1.2,-1.4189839460775715,-161.90062411675325,2000.1076341906776,25000,False,40.09197497367859,39.71015299999999
sparse,12,3012,amortized,gaussian,64,om_CL,0.2817457187915803,0.3,-6.08476040280657,-161.90062411675325,2000.1076341906776,25000,False,40.09197497367859,39.71015299999999
sparse,12,3012,amortized,gaussian,64,om_V,0.1763656548396535,0.2,-11.817172580173215,-161.90062411675325,2000.1076341906776,25000,False,40.09197497367859,39.71015299999999
sparse,12,3012,amortized,gaussian,64,om_ka,0.3767954041801289,0.4,-5.801148954967763,-161.90062411675325,2000.1076341906776,25000,False,40.09197497367859,39.71015299999999
sparse,12,3012,amortized,gaussian,64,sigma,0.1883076812268213,0.2,-5.846159386589346,-161.90062411675325,2000.1076341906776,25000,False,40.09197497367859,39.71015299999999
sparse,13,3013,free,gaussian,1,CL,2.9768363502622033,3.0,-0.7721216579265574,-184.97975010728985,3505.5147153772705,21500,True,7.413638830184936,7.361060999999609
sparse,13,3013,free,gaussian,1,V,29.92209989348862,30.0,-0.2596670217045964,-184.97975010728985,3505.5147153772705,21500,True,7.413638830184936,7.361060999999609
sparse,13,3013,free,gaussian,1,ka,1.1494226803834824,1.2,-4.214776634709797,-184.97975010728985,3505.5147153772705,21500,True,7.413638830184936,7.361060999999609
sparse,13,3013,free,gaussian,1,om_CL,0.3110091838497053,0.3,3.66972794990178,-184.97975010728985,3505.5147153772705,21500,True,7.413638830184936,7.361060999999609
sparse,13,3013,free,gaussian,1,om_V,0.0337863387226665,0.2,-83.10683063866674,-184.97975010728985,3505.5147153772705,21500,True,7.413638830184936,7.361060999999609
sparse,13,3013,free,gaussian,1,om_ka,0.3820989718148418,0.4,-4.475257046289552,-184.97975010728985,3505.5147153772705,21500,True,7.413638830184936,7.361060999999609
sparse,13,3013,free,gaussian,1,sigma,0.2627927698268505,0.2,31.39638491342528,-184.97975010728985,3505.5147153772705,21500,True,7.413638830184936,7.361060999999609
sparse,13,3013,free,gaussian,8,CL,2.96090989703586,3.0,-1.3030034321380055,-171.2120866058563,2398.93873359596,24000,True,11.03008222579956,10.91844600000013
sparse,13,3013,free,gaussian,8,V,31.03565177523673,30.0,3.452172584122432,-171.2120866058563,2398.93873359596,24000,True,11.03008222579956,10.91844600000013
sparse,13,3013,free,gaussian,8,ka,1.1726224059355896,1.2,-2.281466172034193,-171.2120866058563,2398.93873359596,24000,True,11.03008222579956,10.91844600000013
sparse,13,3013,free,gaussian,8,om_CL,0.2977702488992277,0.3,-0.7432503669240939,-171.2120866058563,2398.93873359596,24000,True,11.03008222579956,10.91844600000013
sparse,13,3013,free,gaussian,8,om_V,0.2084708576685033,0.2,4.235428834251681,-171.2120866058563,2398.93873359596,24000,True,11.03008222579956,10.91844600000013
sparse,13,3013,free,gaussian,8,om_ka,0.17022727949796,0.4,-57.44318012551,-171.2120866058563,2398.93873359596,24000,True,11.03008222579956,10.91844600000013
sparse,13,3013,free,gaussian,8,sigma,0.2189118858598856,0.2,9.455942929942823,-171.2120866058563,2398.93873359596,24000,True,11.03008222579956,10.91844600000013
sparse,13,3013,free,gaussian,64,CL,2.876898659456363,3.0,-4.103378018121233,-169.52512680447202,2276.167560838117,13500,True,18.262009143829346,18.14267000000018
sparse,13,3013,free,gaussian,64,V,30.85960843849497,30.0,2.8653614616498992,-169.52512680447202,2276.167560838117,13500,True,18.262009143829346,18.14267000000018
sparse,13,3013,free,gaussian,64,ka,1.2027201860513217,1.2,0.2266821709434596,-169.52512680447202,2276.167560838117,13500,True,18.262009143829346,18.14267000000018
sparse,13,3013,free,gaussian,64,om_CL,0.3040405994825776,0.3,1.346866494192541,-169.52512680447202,2276.167560838117,13500,True,18.262009143829346,18.14267000000018
sparse,13,3013,free,gaussian,64,om_V,0.2073097623182257,0.2,3.654881159112874,-169.52512680447202,2276.167560838117,13500,True,18.262009143829346,18.14267000000018
sparse,13,3013,free,gaussian,64,om_ka,0.3046796747638907,0.4,-23.830081309027317,-169.52512680447202,2276.167560838117,13500,True,18.262009143829346,18.14267000000018
sparse,13,3013,free,gaussian,64,sigma,0.1980369368346662,0.2,-0.9815315826669084,-169.52512680447202,2276.167560838117,13500,True,18.262009143829346,18.14267000000018
sparse,13,3013,amortized,gaussian,1,CL,3.0602947397603257,3.0,2.0098246586775246,-186.24754375350568,2722.463586553221,15500,True,8.21016001701355,8.144213000000036
sparse,13,3013,amortized,gaussian,1,V,31.250866491986283,30.0,4.16955497328761,-186.24754375350568,2722.463586553221,15500,True,8.21016001701355,8.144213000000036
sparse,13,3013,amortized,gaussian,1,ka,1.1650238290838215,1.2,-2.914680909681537,-186.24754375350568,2722.463586553221,15500,True,8.21016001701355,8.144213000000036
sparse,13,3013,amortized,gaussian,1,om_CL,0.3037354642293803,0.3,1.2451547431267715,-186.24754375350568,2722.463586553221,15500,True,8.21016001701355,8.144213000000036
sparse,13,3013,amortized,gaussian,1,om_V,0.0840157066552777,0.2,-57.99214667236112,-186.24754375350568,2722.463586553221,15500,True,8.21016001701355,8.144213000000036
sparse,13,3013,amortized,gaussian,1,om_ka,0.2686822048134105,0.4,-32.829448796647384,-186.24754375350568,2722.463586553221,15500,True,8.21016001701355,8.144213000000036
sparse,13,3013,amortized,gaussian,1,sigma,0.292550347018867,0.2,46.27517350943352,-186.24754375350568,2722.463586553221,15500,True,8.21016001701355,8.144213000000036
sparse,13,3013,amortized,gaussian,8,CL,2.922310240906602,3.0,-2.5896586364465937,-169.68283794333075,2411.311306269124,20000,True,13.024698972702026,12.881852999999865
sparse,13,3013,amortized,gaussian,8,V,30.590954755842063,30.0,1.969849186140209,-169.68283794333075,2411.311306269124,20000,True,13.024698972702026,12.881852999999865
sparse,13,3013,amortized,gaussian,8,ka,1.1902357424626195,1.2,-0.8136881281150348,-169.68283794333075,2411.311306269124,20000,True,13.024698972702026,12.881852999999865
sparse,13,3013,amortized,gaussian,8,om_CL,0.3036097176439531,0.3,1.2032392146510604,-169.68283794333075,2411.311306269124,20000,True,13.024698972702026,12.881852999999865
sparse,13,3013,amortized,gaussian,8,om_V,0.1909062621927884,0.2,-4.5468689036058105,-169.68283794333075,2411.311306269124,20000,True,13.024698972702026,12.881852999999865
sparse,13,3013,amortized,gaussian,8,om_ka,0.255828470525922,0.4,-36.0428823685195,-169.68283794333075,2411.311306269124,20000,True,13.024698972702026,12.881852999999865
sparse,13,3013,amortized,gaussian,8,sigma,0.2109359972602335,0.2,5.467998630116766,-169.68283794333075,2411.311306269124,20000,True,13.024698972702026,12.881852999999865
sparse,13,3013,amortized,gaussian,64,CL,2.922566587250748,3.0,-2.5811137583084065,-169.07405016678524,2227.808012432091,5250,True,8.442001819610596,8.376586999999745
sparse,13,3013,amortized,gaussian,64,V,30.657173853124046,30.0,2.1905795104134875,-169.07405016678524,2227.808012432091,5250,True,8.442001819610596,8.376586999999745
sparse,13,3013,amortized,gaussian,64,ka,1.1884743024600506,1.2,-0.9604747949957804,-169.07405016678524,2227.808012432091,5250,True,8.442001819610596,8.376586999999745
sparse,13,3013,amortized,gaussian,64,om_CL,0.3044735479685894,0.3,1.4911826561964658,-169.07405016678524,2227.808012432091,5250,True,8.442001819610596,8.376586999999745
sparse,13,3013,amortized,gaussian,64,om_V,0.2102494014920473,0.2,5.124700746023683,-169.07405016678524,2227.808012432091,5250,True,8.442001819610596,8.376586999999745
sparse,13,3013,amortized,gaussian,64,om_ka,0.3126390904589411,0.4,-21.84022738526471,-169.07405016678524,2227.808012432091,5250,True,8.442001819610596,8.376586999999745
sparse,13,3013,amortized,gaussian,64,sigma,0.1975653696949947,0.2,-1.2173151525026182,-169.07405016678524,2227.808012432091,5250,True,8.442001819610596,8.376586999999745
sparse,14,3014,free,gaussian,1,CL,2.991885606897916,3.0,-0.2704797700694724,-184.6159562544064,3357.264669116167,12250,True,4.258826017379761,4.221223000000009
sparse,14,3014,free,gaussian,1,V,30.996244722130125,30.0,3.3208157404337513,-184.6159562544064,3357.264669116167,12250,True,4.258826017379761,4.221223000000009
sparse,14,3014,free,gaussian,1,ka,1.2131117662196338,1.2,1.0926471849694863,-184.6159562544064,3357.264669116167,12250,True,4.258826017379761,4.221223000000009
sparse,14,3014,free,gaussian,1,om_CL,0.3152937249892159,0.3,5.097908329738629,-184.6159562544064,3357.264669116167,12250,True,4.258826017379761,4.221223000000009
sparse,14,3014,free,gaussian,1,om_V,0.040371978071559,0.2,-79.81401096422047,-184.6159562544064,3357.264669116167,12250,True,4.258826017379761,4.221223000000009
sparse,14,3014,free,gaussian,1,om_ka,0.3333268860732599,0.4,-16.668278481685032,-184.6159562544064,3357.264669116167,12250,True,4.258826017379761,4.221223000000009
sparse,14,3014,free,gaussian,1,sigma,0.269362585950074,0.2,34.681292975036996,-184.6159562544064,3357.264669116167,12250,True,4.258826017379761,4.221223000000009
sparse,14,3014,free,gaussian,8,CL,2.961947387133852,3.0,-1.268420428871601,-172.38714202592064,2387.8517601970493,15250,True,6.9341957569122314,6.894784000000072
sparse,14,3014,free,gaussian,8,V,31.300866227460595,30.0,4.336220758201985,-172.38714202592064,2387.8517601970493,15250,True,6.9341957569122314,6.894784000000072
sparse,14,3014,free,gaussian,8,ka,1.2416278620902252,1.2,3.468988507518774,-172.38714202592064,2387.8517601970493,15250,True,6.9341957569122314,6.894784000000072
sparse,14,3014,free,gaussian,8,om_CL,0.3026585871464985,0.3,0.8861957154995086,-172.38714202592064,2387.8517601970493,15250,True,6.9341957569122314,6.894784000000072
sparse,14,3014,free,gaussian,8,om_V,0.1791341545000815,0.2,-10.432922749959245,-172.38714202592064,2387.8517601970493,15250,True,6.9341957569122314,6.894784000000072
sparse,14,3014,free,gaussian,8,om_ka,0.2702805179298838,0.4,-32.42987051752904,-172.38714202592064,2387.8517601970493,15250,True,6.9341957569122314,6.894784000000072
sparse,14,3014,free,gaussian,8,sigma,0.218378580517595,0.2,9.189290258797527,-172.38714202592064,2387.8517601970493,15250,True,6.9341957569122314,6.894784000000072
sparse,14,3014,free,gaussian,64,CL,2.9655260928742564,3.0,-1.149130237524787,-170.0533222921684,2080.767850243018,12750,True,17.091310262680054,17.002804000000197
sparse,14,3014,free,gaussian,64,V,31.05738480560107,30.0,3.524616018670237,-170.0533222921684,2080.767850243018,12750,True,17.091310262680054,17.002804000000197
sparse,14,3014,free,gaussian,64,ka,1.2518080599196206,1.2,4.317338326635056,-170.0533222921684,2080.767850243018,12750,True,17.091310262680054,17.002804000000197
sparse,14,3014,free,gaussian,64,om_CL,0.3102230193832412,0.3,3.4076731277470724,-170.0533222921684,2080.767850243018,12750,True,17.091310262680054,17.002804000000197
sparse,14,3014,free,gaussian,64,om_V,0.1982343513210615,0.2,-0.8828243394692487,-170.0533222921684,2080.767850243018,12750,True,17.091310262680054,17.002804000000197
sparse,14,3014,free,gaussian,64,om_ka,0.3895772766972789,0.4,-2.605680825680287,-170.0533222921684,2080.767850243018,12750,True,17.091310262680054,17.002804000000197
sparse,14,3014,free,gaussian,64,sigma,0.191947551987136,0.2,-4.0262240064320025,-170.0533222921684,2080.767850243018,12750,True,17.091310262680054,17.002804000000197
sparse,14,3014,amortized,gaussian,1,CL,3.000773497397904,3.0,0.0257832465967962,-185.31530336964653,3075.866734128651,20500,True,10.751564025878906,10.694250000000013
sparse,14,3014,amortized,gaussian,1,V,31.263112557157356,30.0,4.210375190524521,-185.31530336964653,3075.866734128651,20500,True,10.751564025878906,10.694250000000013
sparse,14,3014,amortized,gaussian,1,ka,1.2315240310281548,1.2,2.6270025856795685,-185.31530336964653,3075.866734128651,20500,True,10.751564025878906,10.694250000000013
sparse,14,3014,amortized,gaussian,1,om_CL,0.2946923796990595,0.3,-1.7692067669801692,-185.31530336964653,3075.866734128651,20500,True,10.751564025878906,10.694250000000013
sparse,14,3014,amortized,gaussian,1,om_V,0.0636002929219328,0.2,-68.19985353903357,-185.31530336964653,3075.866734128651,20500,True,10.751564025878906,10.694250000000013
sparse,14,3014,amortized,gaussian,1,om_ka,0.2459553269497005,0.4,-38.51116826257487,-185.31530336964653,3075.866734128651,20500,True,10.751564025878906,10.694250000000013
sparse,14,3014,amortized,gaussian,1,sigma,0.2857431984344323,0.2,42.87159921721614,-185.31530336964653,3075.866734128651,20500,True,10.751564025878906,10.694250000000013
sparse,14,3014,amortized,gaussian,8,CL,2.976236020236275,3.0,-0.7921326587908339,-171.26668710259375,2021.6225578845035,19000,True,12.20015788078308,12.13503899999978
sparse,14,3014,amortized,gaussian,8,V,30.800295541024923,30.0,2.6676518034164096,-171.26668710259375,2021.6225578845035,19000,True,12.20015788078308,12.13503899999978
sparse,14,3014,amortized,gaussian,8,ka,1.1850195332649407,1.2,-1.2483722279216052,-171.26668710259375,2021.6225578845035,19000,True,12.20015788078308,12.13503899999978
sparse,14,3014,amortized,gaussian,8,om_CL,0.3049423964634065,0.3,1.6474654878021835,-171.26668710259375,2021.6225578845035,19000,True,12.20015788078308,12.13503899999978
sparse,14,3014,amortized,gaussian,8,om_V,0.1829085364337261,0.2,-8.545731783136958,-171.26668710259375,2021.6225578845035,19000,True,12.20015788078308,12.13503899999978
sparse,14,3014,amortized,gaussian,8,om_ka,0.312320502031146,0.4,-21.919874492213513,-171.26668710259375,2021.6225578845035,19000,True,12.20015788078308,12.13503899999978
sparse,14,3014,amortized,gaussian,8,sigma,0.2062833177205042,0.2,3.1416588602521247,-171.26668710259375,2021.6225578845035,19000,True,12.20015788078308,12.13503899999978
sparse,14,3014,amortized,gaussian,64,CL,3.013477224569225,3.0,0.4492408189741652,-170.92025658117643,2165.7729230721484,25000,True,39.43233299255371,39.22939399999996
sparse,14,3014,amortized,gaussian,64,V,31.159985825182098,30.0,3.866619417273659,-170.92025658117643,2165.7729230721484,25000,True,39.43233299255371,39.22939399999996
sparse,14,3014,amortized,gaussian,64,ka,1.2407632319395658,1.2,3.3969359949638234,-170.92025658117643,2165.7729230721484,25000,True,39.43233299255371,39.22939399999996
sparse,14,3014,amortized,gaussian,64,om_CL,0.3035610713056807,0.3,1.1870237685602434,-170.92025658117643,2165.7729230721484,25000,True,39.43233299255371,39.22939399999996
sparse,14,3014,amortized,gaussian,64,om_V,0.1919908586233026,0.2,-4.004570688348668,-170.92025658117643,2165.7729230721484,25000,True,39.43233299255371,39.22939399999996
sparse,14,3014,amortized,gaussian,64,om_ka,0.4089599699953757,0.4,2.2399924988439346,-170.92025658117643,2165.7729230721484,25000,True,39.43233299255371,39.22939399999996
sparse,14,3014,amortized,gaussian,64,sigma,0.1989773129129244,0.2,-0.5113435435378094,-170.92025658117643,2165.7729230721484,25000,True,39.43233299255371,39.22939399999996
sparse,15,3015,free,gaussian,1,CL,3.02688563855423,3.0,0.8961879518076662,-199.15557878472177,3170.6967382051566,17500,True,5.996039152145386,5.963915999999699
sparse,15,3015,free,gaussian,1,V,30.28667115857421,30.0,0.9555705285807056,-199.15557878472177,3170.6967382051566,17500,True,5.996039152145386,5.963915999999699
sparse,15,3015,free,gaussian,1,ka,1.2398473337101903,1.2,3.3206111425158613,-199.15557878472177,3170.6967382051566,17500,True,5.996039152145386,5.963915999999699
sparse,15,3015,free,gaussian,1,om_CL,0.336121985052926,0.3,12.040661684308692,-199.15557878472177,3170.6967382051566,17500,True,5.996039152145386,5.963915999999699
sparse,15,3015,free,gaussian,1,om_V,0.0219184143186152,0.2,-89.04079284069238,-199.15557878472177,3170.6967382051566,17500,True,5.996039152145386,5.963915999999699
sparse,15,3015,free,gaussian,1,om_ka,0.5771189553671199,0.4,44.27973884177996,-199.15557878472177,3170.6967382051566,17500,True,5.996039152145386,5.963915999999699
sparse,15,3015,free,gaussian,1,sigma,0.239301460274441,0.2,19.650730137220517,-199.15557878472177,3170.6967382051566,17500,True,5.996039152145386,5.963915999999699
sparse,15,3015,free,gaussian,8,CL,3.066486846900731,3.0,2.2162282300243716,-189.48091633836245,1965.971675307435,14250,True,6.489740610122681,6.4557959999997365
sparse,15,3015,free,gaussian,8,V,30.515448868433545,30.0,1.7181628947784826,-189.48091633836245,1965.971675307435,14250,True,6.489740610122681,6.4557959999997365
sparse,15,3015,free,gaussian,8,ka,1.2936893596133574,1.2,7.807446634446453,-189.48091633836245,1965.971675307435,14250,True,6.489740610122681,6.4557959999997365
sparse,15,3015,free,gaussian,8,om_CL,0.3381208742617974,0.3,12.706958087265797,-189.48091633836245,1965.971675307435,14250,True,6.489740610122681,6.4557959999997365
sparse,15,3015,free,gaussian,8,om_V,0.1541923697692622,0.2,-22.90381511536889,-189.48091633836245,1965.971675307435,14250,True,6.489740610122681,6.4557959999997365
sparse,15,3015,free,gaussian,8,om_ka,0.5451449943561885,0.4,36.28624858904711,-189.48091633836245,1965.971675307435,14250,True,6.489740610122681,6.4557959999997365
sparse,15,3015,free,gaussian,8,sigma,0.1900560463572425,0.2,-4.971976821378745,-189.48091633836245,1965.971675307435,14250,True,6.489740610122681,6.4557959999997365
sparse,15,3015,free,gaussian,64,CL,3.084216516129039,3.0,2.8072172043013044,-186.7521005207603,1649.6974018961243,9500,True,12.762787103652954,12.699123000000329
sparse,15,3015,free,gaussian,64,V,30.424110889774617,30.0,1.413702965915391,-186.7521005207603,1649.6974018961243,9500,True,12.762787103652954,12.699123000000329
sparse,15,3015,free,gaussian,64,ka,1.3345924497477837,1.2,11.21603747898196,-186.7521005207603,1649.6974018961243,9500,True,12.762787103652954,12.699123000000329
sparse,15,3015,free,gaussian,64,om_CL,0.3295099043780982,0.3,9.836634792699416,-186.7521005207603,1649.6974018961243,9500,True,12.762787103652954,12.699123000000329
sparse,15,3015,free,gaussian,64,om_V,0.1943746860310312,0.2,-2.8126569844843656,-186.7521005207603,1649.6974018961243,9500,True,12.762787103652954,12.699123000000329
sparse,15,3015,free,gaussian,64,om_ka,0.5825100800128031,0.4,45.62752000320078,-186.7521005207603,1649.6974018961243,9500,True,12.762787103652954,12.699123000000329
sparse,15,3015,free,gaussian,64,sigma,0.17080223008451,0.2,-14.598884957744986,-186.7521005207603,1649.6974018961243,9500,True,12.762787103652954,12.699123000000329
sparse,15,3015,amortized,gaussian,1,CL,3.0562294125301563,3.0,1.8743137510052117,-199.7599806848956,3504.0349526195746,18750,True,9.841881036758425,9.78567299999986
sparse,15,3015,amortized,gaussian,1,V,30.185281004890925,30.0,0.617603349636416,-199.7599806848956,3504.0349526195746,18750,True,9.841881036758425,9.78567299999986
sparse,15,3015,amortized,gaussian,1,ka,1.2500461723911085,1.2,4.170514365925693,-199.7599806848956,3504.0349526195746,18750,True,9.841881036758425,9.78567299999986
sparse,15,3015,amortized,gaussian,1,om_CL,0.3400109620386708,0.3,13.33698734622361,-199.7599806848956,3504.0349526195746,18750,True,9.841881036758425,9.78567299999986
sparse,15,3015,amortized,gaussian,1,om_V,0.0114077628048363,0.2,-94.29611859758184,-199.7599806848956,3504.0349526195746,18750,True,9.841881036758425,9.78567299999986
sparse,15,3015,amortized,gaussian,1,om_ka,0.5675607873596217,0.4,41.890196839905414,-199.7599806848956,3504.0349526195746,18750,True,9.841881036758425,9.78567299999986
sparse,15,3015,amortized,gaussian,1,sigma,0.2408511988603765,0.2,20.42559943018825,-199.7599806848956,3504.0349526195746,18750,True,9.841881036758425,9.78567299999986
sparse,15,3015,amortized,gaussian,8,CL,3.0363192316947893,3.0,1.2106410564929782,-189.16201549627,2026.6917858693275,12000,True,7.897892951965332,7.835348999999951
sparse,15,3015,amortized,gaussian,8,V,30.411892216433102,30.0,1.3729740547770082,-189.16201549627,2026.6917858693275,12000,True,7.897892951965332,7.835348999999951
sparse,15,3015,amortized,gaussian,8,ka,1.2790110926389104,1.2,6.584257719909207,-189.16201549627,2026.6917858693275,12000,True,7.897892951965332,7.835348999999951
sparse,15,3015,amortized,gaussian,8,om_CL,0.3307266652617712,0.3,10.242221753923737,-189.16201549627,2026.6917858693275,12000,True,7.897892951965332,7.835348999999951
sparse,15,3015,amortized,gaussian,8,om_V,0.152578271007441,0.2,-23.710864496279484,-189.16201549627,2026.6917858693275,12000,True,7.897892951965332,7.835348999999951
sparse,15,3015,amortized,gaussian,8,om_ka,0.5307812310642782,0.4,32.69530776606955,-189.16201549627,2026.6917858693275,12000,True,7.897892951965332,7.835348999999951
sparse,15,3015,amortized,gaussian,8,sigma,0.1967956305828859,0.2,-1.6021847085570529,-189.16201549627,2026.6917858693275,12000,True,7.897892951965332,7.835348999999951
sparse,15,3015,amortized,gaussian,64,CL,3.044307891401421,3.0,1.4769297133806851,-186.7977369625541,1717.1624684500844,8250,True,13.399217128753662,13.29238600000008
sparse,15,3015,amortized,gaussian,64,V,30.858830377510746,30.0,2.8627679250358065,-186.7977369625541,1717.1624684500844,8250,True,13.399217128753662,13.29238600000008
sparse,15,3015,amortized,gaussian,64,ka,1.330645963199099,1.2,10.88716359992492,-186.7977369625541,1717.1624684500844,8250,True,13.399217128753662,13.29238600000008
sparse,15,3015,amortized,gaussian,64,om_CL,0.3341154594943382,0.3,11.371819831446066,-186.7977369625541,1717.1624684500844,8250,True,13.399217128753662,13.29238600000008
sparse,15,3015,amortized,gaussian,64,om_V,0.1936046453773837,0.2,-3.197677311308128,-186.7977369625541,1717.1624684500844,8250,True,13.399217128753662,13.29238600000008
sparse,15,3015,amortized,gaussian,64,om_ka,0.5778395910678815,0.4,44.45989776697037,-186.7977369625541,1717.1624684500844,8250,True,13.399217128753662,13.29238600000008
sparse,15,3015,amortized,gaussian,64,sigma,0.1676344726335604,0.2,-16.18276368321979,-186.7977369625541,1717.1624684500844,8250,True,13.399217128753662,13.29238600000008
sparse,16,3016,free,gaussian,1,CL,2.911114219706846,3.0,-2.962859343105132,-195.7583115939667,3692.69255425466,22000,True,7.543976068496704,7.503353000000061
sparse,16,3016,free,gaussian,1,V,30.012244765953675,30.0,0.0408158865122487,-195.7583115939667,3692.69255425466,22000,True,7.543976068496704,7.503353000000061
sparse,16,3016,free,gaussian,1,ka,1.2820458453772323,1.2,6.8371537814360295,-195.7583115939667,3692.69255425466,22000,True,7.543976068496704,7.503353000000061
sparse,16,3016,free,gaussian,1,om_CL,0.3134842188826996,0.3,4.494739627566543,-195.7583115939667,3692.69255425466,22000,True,7.543976068496704,7.503353000000061
sparse,16,3016,free,gaussian,1,om_V,0.0268540055312032,0.2,-86.57299723439839,-195.7583115939667,3692.69255425466,22000,True,7.543976068496704,7.503353000000061
sparse,16,3016,free,gaussian,1,om_ka,0.3914151315785794,0.4,-2.1462171053551606,-195.7583115939667,3692.69255425466,22000,True,7.543976068496704,7.503353000000061
sparse,16,3016,free,gaussian,1,sigma,0.2765907574429051,0.2,38.29537872145256,-195.7583115939667,3692.69255425466,22000,True,7.543976068496704,7.503353000000061
sparse,16,3016,free,gaussian,8,CL,2.900215777992513,3.0,-3.326140733582905,-178.59959568794068,2182.6587812055245,19000,True,8.615672826766968,8.572581999999784
sparse,16,3016,free,gaussian,8,V,30.446064595470716,30.0,1.4868819849023869,-178.59959568794068,2182.6587812055245,19000,True,8.615672826766968,8.572581999999784
sparse,16,3016,free,gaussian,8,ka,1.312611259419611,1.2,9.384271618300948,-178.59959568794068,2182.6587812055245,19000,True,8.615672826766968,8.572581999999784
sparse,16,3016,free,gaussian,8,om_CL,0.3001715858490837,0.3,0.0571952830279072,-178.59959568794068,2182.6587812055245,19000,True,8.615672826766968,8.572581999999784
sparse,16,3016,free,gaussian,8,om_V,0.2005087400007013,0.2,0.2543700003506677,-178.59959568794068,2182.6587812055245,19000,True,8.615672826766968,8.572581999999784
sparse,16,3016,free,gaussian,8,om_ka,0.3374817045669235,0.4,-15.62957385826913,-178.59959568794068,2182.6587812055245,19000,True,8.615672826766968,8.572581999999784
sparse,16,3016,free,gaussian,8,sigma,0.2060156902256451,0.2,3.007845112822538,-178.59959568794068,2182.6587812055245,19000,True,8.615672826766968,8.572581999999784
sparse,16,3016,free,gaussian,64,CL,2.849402020567299,3.0,-5.0199326477567014,-177.17007253186682,2082.223112376341,9250,True,12.45471477508545,12.377349000000322
sparse,16,3016,free,gaussian,64,V,30.456698011281215,30.0,1.5223267042707178,-177.17007253186682,2082.223112376341,9250,True,12.45471477508545,12.377349000000322
sparse,16,3016,free,gaussian,64,ka,1.31240699588209,1.2,9.367249656840844,-177.17007253186682,2082.223112376341,9250,True,12.45471477508545,12.377349000000322
sparse,16,3016,free,gaussian,64,om_CL,0.2896524046041021,0.3,-3.4491984652993044,-177.17007253186682,2082.223112376341,9250,True,12.45471477508545,12.377349000000322
sparse,16,3016,free,gaussian,64,om_V,0.2186454038387825,0.2,9.322701919391246,-177.17007253186682,2082.223112376341,9250,True,12.45471477508545,12.377349000000322
sparse,16,3016,free,gaussian,64,om_ka,0.3879008023883488,0.4,-3.0247994029128087,-177.17007253186682,2082.223112376341,9250,True,12.45471477508545,12.377349000000322
sparse,16,3016,free,gaussian,64,sigma,0.2012411936468842,0.2,0.6205968234421211,-177.17007253186682,2082.223112376341,9250,True,12.45471477508545,12.377349000000322
sparse,16,3016,amortized,gaussian,1,CL,2.841663441218689,3.0,-5.27788529271036,-196.21162979417585,3389.0837122348507,13500,True,7.081792116165161,7.046106000000236
sparse,16,3016,amortized,gaussian,1,V,30.64769126125399,30.0,2.1589708708466304,-196.21162979417585,3389.0837122348507,13500,True,7.081792116165161,7.046106000000236
sparse,16,3016,amortized,gaussian,1,ka,1.346976175755369,1.2,12.248014646280762,-196.21162979417585,3389.0837122348507,13500,True,7.081792116165161,7.046106000000236
sparse,16,3016,amortized,gaussian,1,om_CL,0.319918816840413,0.3,6.639605613471026,-196.21162979417585,3389.0837122348507,13500,True,7.081792116165161,7.046106000000236
sparse,16,3016,amortized,gaussian,1,om_V,0.0664440658179588,0.2,-66.7779670910206,-196.21162979417585,3389.0837122348507,13500,True,7.081792116165161,7.046106000000236
sparse,16,3016,amortized,gaussian,1,om_ka,0.2048373090646703,0.4,-48.79067273383242,-196.21162979417585,3389.0837122348507,13500,True,7.081792116165161,7.046106000000236
sparse,16,3016,amortized,gaussian,1,sigma,0.2962678528946135,0.2,48.13392644730677,-196.21162979417585,3389.0837122348507,13500,True,7.081792116165161,7.046106000000236
sparse,16,3016,amortized,gaussian,8,CL,2.870664425815952,3.0,-4.311185806134936,-178.90190971352916,2246.7472191112583,17750,True,11.37509822845459,11.317216000000371
sparse,16,3016,amortized,gaussian,8,V,30.49197110245364,30.0,1.6399036748454658,-178.90190971352916,2246.7472191112583,17750,True,11.37509822845459,11.317216000000371
sparse,16,3016,amortized,gaussian,8,ka,1.3270018560221404,1.2,10.583488001845035,-178.90190971352916,2246.7472191112583,17750,True,11.37509822845459,11.317216000000371
sparse,16,3016,amortized,gaussian,8,om_CL,0.2923105311494317,0.3,-2.5631562835227535,-178.90190971352916,2246.7472191112583,17750,True,11.37509822845459,11.317216000000371
sparse,16,3016,amortized,gaussian,8,om_V,0.1903668404234447,0.2,-4.816579788277653,-178.90190971352916,2246.7472191112583,17750,True,11.37509822845459,11.317216000000371
sparse,16,3016,amortized,gaussian,8,om_ka,0.3359821058255979,0.4,-16.004473543600515,-178.90190971352916,2246.7472191112583,17750,True,11.37509822845459,11.317216000000371
sparse,16,3016,amortized,gaussian,8,sigma,0.217194597168557,0.2,8.597298584278532,-178.90190971352916,2246.7472191112583,17750,True,11.37509822845459,11.317216000000371
sparse,16,3016,amortized,gaussian,64,CL,2.8258690230164296,3.0,-5.804365899452346,-177.78490424113733,1999.4185093755516,23500,True,37.1727180480957,36.97089499999993
sparse,16,3016,amortized,gaussian,64,V,29.505646197250343,30.0,-1.647846009165524,-177.78490424113733,1999.4185093755516,23500,True,37.1727180480957,36.97089499999993
sparse,16,3016,amortized,gaussian,64,ka,1.380017054770413,1.2,15.001421230867749,-177.78490424113733,1999.4185093755516,23500,True,37.1727180480957,36.97089499999993
sparse,16,3016,amortized,gaussian,64,om_CL,0.2928877675060726,0.3,-2.370744164642465,-177.78490424113733,1999.4185093755516,23500,True,37.1727180480957,36.97089499999993
sparse,16,3016,amortized,gaussian,64,om_V,0.2132721552406274,0.2,6.636077620313735,-177.78490424113733,1999.4185093755516,23500,True,37.1727180480957,36.97089499999993
sparse,16,3016,amortized,gaussian,64,om_ka,0.4240314382830642,0.4,6.007859570766049,-177.78490424113733,1999.4185093755516,23500,True,37.1727180480957,36.97089499999993
sparse,16,3016,amortized,gaussian,64,sigma,0.197713065811188,0.2,-1.143467094405992,-177.78490424113733,1999.4185093755516,23500,True,37.1727180480957,36.97089499999993
sparse,17,3017,free,gaussian,1,CL,3.2046711790034768,3.0,6.822372633449224,-202.9103931870633,3848.159355827939,24250,True,8.265507936477661,8.227210000000014
sparse,17,3017,free,gaussian,1,V,28.80926783137737,30.0,-3.969107228742104,-202.9103931870633,3848.159355827939,24250,True,8.265507936477661,8.227210000000014
sparse,17,3017,free,gaussian,1,ka,1.1111968176421478,1.2,-7.400265196487676,-202.9103931870633,3848.159355827939,24250,True,8.265507936477661,8.227210000000014
sparse,17,3017,free,gaussian,1,om_CL,0.3069273587059766,0.3,2.309119568658887,-202.9103931870633,3848.159355827939,24250,True,8.265507936477661,8.227210000000014
sparse,17,3017,free,gaussian,1,om_V,0.0204606927352033,0.2,-89.76965363239832,-202.9103931870633,3848.159355827939,24250,True,8.265507936477661,8.227210000000014
sparse,17,3017,free,gaussian,1,om_ka,0.1030799705836097,0.4,-74.23000735409755,-202.9103931870633,3848.159355827939,24250,True,8.265507936477661,8.227210000000014
sparse,17,3017,free,gaussian,1,sigma,0.2960076704189403,0.2,48.003835209470154,-202.9103931870633,3848.159355827939,24250,True,8.265507936477661,8.227210000000014
sparse,17,3017,free,gaussian,8,CL,3.1669137651768593,3.0,5.5637921725619774,-188.71251383147816,2500.9119348239824,20250,True,9.199645042419434,9.151299999999992
sparse,17,3017,free,gaussian,8,V,28.692435118928582,30.0,-4.35854960357138,-188.71251383147816,2500.9119348239824,20250,True,9.199645042419434,9.151299999999992
sparse,17,3017,free,gaussian,8,ka,1.1171894027367106,1.2,-6.900883105274111,-188.71251383147816,2500.9119348239824,20250,True,9.199645042419434,9.151299999999992
sparse,17,3017,free,gaussian,8,om_CL,0.2962093771050728,0.3,-1.263540964975718,-188.71251383147816,2500.9119348239824,20250,True,9.199645042419434,9.151299999999992
sparse,17,3017,free,gaussian,8,om_V,0.1797226891794998,0.2,-10.138655410250092,-188.71251383147816,2500.9119348239824,20250,True,9.199645042419434,9.151299999999992
sparse,17,3017,free,gaussian,8,om_ka,0.0181313262029116,0.4,-95.46716844927208,-188.71251383147816,2500.9119348239824,20250,True,9.199645042419434,9.151299999999992
sparse,17,3017,free,gaussian,8,sigma,0.237468588893479,0.2,18.73429444673952,-188.71251383147816,2500.9119348239824,20250,True,9.199645042419434,9.151299999999992
sparse,17,3017,free,gaussian,64,CL,3.154253609164745,3.0,5.141786972158169,-187.8044279332023,2313.4359013322555,16250,True,21.85291290283203,21.727736000000277
sparse,17,3017,free,gaussian,64,V,28.82628179462585,30.0,-3.912394017913847,-187.8044279332023,2313.4359013322555,16250,True,21.85291290283203,21.727736000000277
sparse,17,3017,free,gaussian,64,ka,1.1424584581568646,1.2,-4.795128486927943,-187.8044279332023,2313.4359013322555,16250,True,21.85291290283203,21.727736000000277
sparse,17,3017,free,gaussian,64,om_CL,0.3029267884527563,0.3,0.975596150918782,-187.8044279332023,2313.4359013322555,16250,True,21.85291290283203,21.727736000000277
sparse,17,3017,free,gaussian,64,om_V,0.1943747296120477,0.2,-2.8126351939761345,-187.8044279332023,2313.4359013322555,16250,True,21.85291290283203,21.727736000000277
sparse,17,3017,free,gaussian,64,om_ka,0.1827733067693843,0.4,-54.30667330765392,-187.8044279332023,2313.4359013322555,16250,True,21.85291290283203,21.727736000000277
sparse,17,3017,free,gaussian,64,sigma,0.2218587681061453,0.2,10.92938405307267,-187.8044279332023,2313.4359013322555,16250,True,21.85291290283203,21.727736000000277
sparse,17,3017,amortized,gaussian,1,CL,3.1657383151814527,3.0,5.524610506048422,-201.18647085645307,3151.7758221784275,25000,False,13.115819931030272,13.031800000000205
sparse,17,3017,amortized,gaussian,1,V,29.044647107781294,30.0,-3.1845096407290066,-201.18647085645307,3151.7758221784275,25000,False,13.115819931030272,13.031800000000205
sparse,17,3017,amortized,gaussian,1,ka,1.1660326019895964,1.2,-2.830616500866967,-201.18647085645307,3151.7758221784275,25000,False,13.115819931030272,13.031800000000205
sparse,17,3017,amortized,gaussian,1,om_CL,0.2907360659550185,0.3,-3.0879780149938307,-201.18647085645307,3151.7758221784275,25000,False,13.115819931030272,13.031800000000205
sparse,17,3017,amortized,gaussian,1,om_V,0.0666256559820874,0.2,-66.68717200895627,-201.18647085645307,3151.7758221784275,25000,False,13.115819931030272,13.031800000000205
sparse,17,3017,amortized,gaussian,1,om_ka,0.236076772685073,0.4,-40.98080682873173,-201.18647085645307,3151.7758221784275,25000,False,13.115819931030272,13.031800000000205
sparse,17,3017,amortized,gaussian,1,sigma,0.2981942825961609,0.2,49.09714129808043,-201.18647085645307,3151.7758221784275,25000,False,13.115819931030272,13.031800000000205
sparse,17,3017,amortized,gaussian,8,CL,3.262790590194232,3.0,8.759686339807734,-189.359315829216,2189.6080656575555,25000,False,16.0405912399292,15.95064000000002
sparse,17,3017,amortized,gaussian,8,V,28.684892584446747,30.0,-4.383691385177512,-189.359315829216,2189.6080656575555,25000,False,16.0405912399292,15.95064000000002
sparse,17,3017,amortized,gaussian,8,ka,1.1339175711979612,1.2,-5.506869066836562,-189.359315829216,2189.6080656575555,25000,False,16.0405912399292,15.95064000000002
sparse,17,3017,amortized,gaussian,8,om_CL,0.2974710944733098,0.3,-0.8429685088967206,-189.359315829216,2189.6080656575555,25000,False,16.0405912399292,15.95064000000002
sparse,17,3017,amortized,gaussian,8,om_V,0.2033629225594557,0.2,1.681461279727875,-189.359315829216,2189.6080656575555,25000,False,16.0405912399292,15.95064000000002
sparse,17,3017,amortized,gaussian,8,om_ka,0.0635083485104233,0.4,-84.12291287239417,-189.359315829216,2189.6080656575555,25000,False,16.0405912399292,15.95064000000002
sparse,17,3017,amortized,gaussian,8,sigma,0.2229802935822324,0.2,11.490146791116192,-189.359315829216,2189.6080656575555,25000,False,16.0405912399292,15.95064000000002
sparse,17,3017,amortized,gaussian,64,CL,3.1841380465994287,3.0,6.137934886647623,-187.87880563139063,2305.928347213585,19000,True,29.995229959487915,29.845772000000125
sparse,17,3017,amortized,gaussian,64,V,28.849405364680344,30.0,-3.835315451065521,-187.87880563139063,2305.928347213585,19000,True,29.995229959487915,29.845772000000125
sparse,17,3017,amortized,gaussian,64,ka,1.1130782825673264,1.2,-7.243476452722794,-187.87880563139063,2305.928347213585,19000,True,29.995229959487915,29.845772000000125
sparse,17,3017,amortized,gaussian,64,om_CL,0.3019240586632139,0.3,0.6413528877379782,-187.87880563139063,2305.928347213585,19000,True,29.995229959487915,29.845772000000125
sparse,17,3017,amortized,gaussian,64,om_V,0.2016367767959585,0.2,0.8183883979792778,-187.87880563139063,2305.928347213585,19000,True,29.995229959487915,29.845772000000125
sparse,17,3017,amortized,gaussian,64,om_ka,0.1422238572442655,0.4,-64.44403568893361,-187.87880563139063,2305.928347213585,19000,True,29.995229959487915,29.845772000000125
sparse,17,3017,amortized,gaussian,64,sigma,0.2267025598660045,0.2,13.351279933002251,-187.87880563139063,2305.928347213585,19000,True,29.995229959487915,29.845772000000125
sparse,18,3018,free,gaussian,1,CL,2.909931096429225,3.0,-3.002296785692504,-159.42658143202553,3307.742302137701,14500,True,4.966763019561768,4.942035000000033
sparse,18,3018,free,gaussian,1,V,29.395329925019222,30.0,-2.015566916602592,-159.42658143202553,3307.742302137701,14500,True,4.966763019561768,4.942035000000033
sparse,18,3018,free,gaussian,1,ka,1.1005605171116368,1.2,-8.286623574030262,-159.42658143202553,3307.742302137701,14500,True,4.966763019561768,4.942035000000033
sparse,18,3018,free,gaussian,1,om_CL,0.2691973162635297,0.3,-10.267561245490093,-159.42658143202553,3307.742302137701,14500,True,4.966763019561768,4.942035000000033
sparse,18,3018,free,gaussian,1,om_V,0.0382161158162728,0.2,-80.89194209186356,-159.42658143202553,3307.742302137701,14500,True,4.966763019561768,4.942035000000033
sparse,18,3018,free,gaussian,1,om_ka,0.4228624791679473,0.4,5.7156197919868275,-159.42658143202553,3307.742302137701,14500,True,4.966763019561768,4.942035000000033
sparse,18,3018,free,gaussian,1,sigma,0.2431918020440951,0.2,21.595901022047585,-159.42658143202553,3307.742302137701,14500,True,4.966763019561768,4.942035000000033
sparse,18,3018,free,gaussian,8,CL,2.911075144873538,3.0,-2.9641618375487364,-153.99290769272972,2598.8332160240466,12500,True,5.678420066833496,5.650748000000021
sparse,18,3018,free,gaussian,8,V,29.485917809483457,30.0,-1.7136073017218103,-153.99290769272972,2598.8332160240466,12500,True,5.678420066833496,5.650748000000021
sparse,18,3018,free,gaussian,8,ka,1.1060908216190877,1.2,-7.825764865076024,-153.99290769272972,2598.8332160240466,12500,True,5.678420066833496,5.650748000000021
sparse,18,3018,free,gaussian,8,om_CL,0.2675908367498507,0.3,-10.80305441671642,-153.99290769272972,2598.8332160240466,12500,True,5.678420066833496,5.650748000000021
sparse,18,3018,free,gaussian,8,om_V,0.1211575405250896,0.2,-39.421229737455185,-153.99290769272972,2598.8332160240466,12500,True,5.678420066833496,5.650748000000021
sparse,18,3018,free,gaussian,8,om_ka,0.3893968367326939,0.4,-2.650790816826523,-153.99290769272972,2598.8332160240466,12500,True,5.678420066833496,5.650748000000021
sparse,18,3018,free,gaussian,8,sigma,0.2054357648750073,0.2,2.717882437503649,-153.99290769272972,2598.8332160240466,12500,True,5.678420066833496,5.650748000000021
sparse,18,3018,free,gaussian,64,CL,2.9644337814554467,3.0,-1.1855406181517776,-152.45009723917153,2058.936307679137,2500,True,3.394373893737793,3.3760229999998046
sparse,18,3018,free,gaussian,64,V,29.18701437795086,30.0,-2.709952073497135,-152.45009723917153,2058.936307679137,2500,True,3.394373893737793,3.3760229999998046
sparse,18,3018,free,gaussian,64,ka,1.128506039478136,1.2,-5.957830043488655,-152.45009723917153,2058.936307679137,2500,True,3.394373893737793,3.3760229999998046
sparse,18,3018,free,gaussian,64,om_CL,0.2761718425566277,0.3,-7.942719147790749,-152.45009723917153,2058.936307679137,2500,True,3.394373893737793,3.3760229999998046
sparse,18,3018,free,gaussian,64,om_V,0.171579767817867,0.2,-14.210116091066508,-152.45009723917153,2058.936307679137,2500,True,3.394373893737793,3.3760229999998046
sparse,18,3018,free,gaussian,64,om_ka,0.3824358544599835,0.4,-4.391036385004126,-152.45009723917153,2058.936307679137,2500,True,3.394373893737793,3.3760229999998046
sparse,18,3018,free,gaussian,64,sigma,0.1898831282269215,0.2,-5.0584358865392165,-152.45009723917153,2058.936307679137,2500,True,3.394373893737793,3.3760229999998046
sparse,18,3018,amortized,gaussian,1,CL,2.941318471448987,3.0,-1.9560509517004387,-159.96460508170395,3723.7692415900488,25000,True,13.124204874038696,13.05042800000001
sparse,18,3018,amortized,gaussian,1,V,29.353864954936164,30.0,-2.153783483546121,-159.96460508170395,3723.7692415900488,25000,True,13.124204874038696,13.05042800000001
sparse,18,3018,amortized,gaussian,1,ka,1.0649440899752922,1.2,-11.254659168725643,-159.96460508170395,3723.7692415900488,25000,True,13.124204874038696,13.05042800000001
sparse,18,3018,amortized,gaussian,1,om_CL,0.2628979999793136,0.3,-12.367333340228788,-159.96460508170395,3723.7692415900488,25000,True,13.124204874038696,13.05042800000001
sparse,18,3018,amortized,gaussian,1,om_V,0.007378083290822,0.2,-96.31095835458896,-159.96460508170395,3723.7692415900488,25000,True,13.124204874038696,13.05042800000001
sparse,18,3018,amortized,gaussian,1,om_ka,0.4147917111374932,0.4,3.697927784373292,-159.96460508170395,3723.7692415900488,25000,True,13.124204874038696,13.05042800000001
sparse,18,3018,amortized,gaussian,1,sigma,0.2420518158440458,0.2,21.025907922022895,-159.96460508170395,3723.7692415900488,25000,True,13.124204874038696,13.05042800000001
sparse,18,3018,amortized,gaussian,8,CL,2.955197177188027,3.0,-1.493427427065767,-154.1766389794758,2513.2457315551924,11750,True,7.563215017318726,7.52319099999977
sparse,18,3018,amortized,gaussian,8,V,29.751533761137317,30.0,-0.8282207962089435,-154.1766389794758,2513.2457315551924,11750,True,7.563215017318726,7.52319099999977
sparse,18,3018,amortized,gaussian,8,ka,1.1008253419630163,1.2,-8.264554836415305,-154.1766389794758,2513.2457315551924,11750,True,7.563215017318726,7.52319099999977
sparse,18,3018,amortized,gaussian,8,om_CL,0.2704812555032697,0.3,-9.839581498910084,-154.1766389794758,2513.2457315551924,11750,True,7.563215017318726,7.52319099999977
sparse,18,3018,amortized,gaussian,8,om_V,0.1200617836315248,0.2,-39.969108184237605,-154.1766389794758,2513.2457315551924,11750,True,7.563215017318726,7.52319099999977
sparse,18,3018,amortized,gaussian,8,om_ka,0.3590704470770658,0.4,-10.232388230733536,-154.1766389794758,2513.2457315551924,11750,True,7.563215017318726,7.52319099999977
sparse,18,3018,amortized,gaussian,8,sigma,0.2199626039015629,0.2,9.981301950781464,-154.1766389794758,2513.2457315551924,11750,True,7.563215017318726,7.52319099999977
sparse,18,3018,amortized,gaussian,64,CL,2.9247568250353533,3.0,-2.508105832154891,-152.0333523785961,2193.356524163586,5750,True,9.141818046569824,9.091926000000058
sparse,18,3018,amortized,gaussian,64,V,29.5288633439431,30.0,-1.5704555201896635,-152.0333523785961,2193.356524163586,5750,True,9.141818046569824,9.091926000000058
sparse,18,3018,amortized,gaussian,64,ka,1.1232801535911003,1.2,-6.393320534074968,-152.0333523785961,2193.356524163586,5750,True,9.141818046569824,9.091926000000058
sparse,18,3018,amortized,gaussian,64,om_CL,0.2754840084974603,0.3,-8.171997167513231,-152.0333523785961,2193.356524163586,5750,True,9.141818046569824,9.091926000000058
sparse,18,3018,amortized,gaussian,64,om_V,0.1683033888818397,0.2,-15.84830555908015,-152.0333523785961,2193.356524163586,5750,True,9.141818046569824,9.091926000000058
sparse,18,3018,amortized,gaussian,64,om_ka,0.3684767835260513,0.4,-7.88080411848717,-152.0333523785961,2193.356524163586,5750,True,9.141818046569824,9.091926000000058
sparse,18,3018,amortized,gaussian,64,sigma,0.1925154550220991,0.2,-3.742272488950454,-152.0333523785961,2193.356524163586,5750,True,9.141818046569824,9.091926000000058
sparse,19,3019,free,gaussian,1,CL,3.0204310405360006,3.0,0.6810346845333548,-188.7064234324828,3560.9412586748417,19250,True,6.625958204269409,6.585139000000254
sparse,19,3019,free,gaussian,1,V,28.516621985037567,30.0,-4.944593383208111,-188.7064234324828,3560.9412586748417,19250,True,6.625958204269409,6.585139000000254
sparse,19,3019,free,gaussian,1,ka,1.150283104226234,1.2,-4.143074647813827,-188.7064234324828,3560.9412586748417,19250,True,6.625958204269409,6.585139000000254
sparse,19,3019,free,gaussian,1,om_CL,0.2954477710496332,0.3,-1.517409650122259,-188.7064234324828,3560.9412586748417,19250,True,6.625958204269409,6.585139000000254
sparse,19,3019,free,gaussian,1,om_V,0.0281497963431581,0.2,-85.92510182842092,-188.7064234324828,3560.9412586748417,19250,True,6.625958204269409,6.585139000000254
sparse,19,3019,free,gaussian,1,om_ka,0.4020325463477501,0.4,0.5081365869375187,-188.7064234324828,3560.9412586748417,19250,True,6.625958204269409,6.585139000000254
sparse,19,3019,free,gaussian,1,sigma,0.2611253539421055,0.2,30.562676971052777,-188.7064234324828,3560.9412586748417,19250,True,6.625958204269409,6.585139000000254
sparse,19,3019,free,gaussian,8,CL,2.965401180019735,3.0,-1.1532939993421645,-175.4779211093063,1930.169851142606,12000,True,5.4592530727386475,5.432256000000052
sparse,19,3019,free,gaussian,8,V,28.825259826988137,30.0,-3.91580057670622,-175.4779211093063,1930.169851142606,12000,True,5.4592530727386475,5.432256000000052
sparse,19,3019,free,gaussian,8,ka,1.2044813855584922,1.2,0.3734487965410168,-175.4779211093063,1930.169851142606,12000,True,5.4592530727386475,5.432256000000052
sparse,19,3019,free,gaussian,8,om_CL,0.2823529471450274,0.3,-5.88235095165753,-175.4779211093063,1930.169851142606,12000,True,5.4592530727386475,5.432256000000052
sparse,19,3019,free,gaussian,8,om_V,0.1801425681844731,0.2,-9.928715907763424,-175.4779211093063,1930.169851142606,12000,True,5.4592530727386475,5.432256000000052
sparse,19,3019,free,gaussian,8,om_ka,0.3780636889725454,0.4,-5.484077756863646,-175.4779211093063,1930.169851142606,12000,True,5.4592530727386475,5.432256000000052
sparse,19,3019,free,gaussian,8,sigma,0.2030495623369241,0.2,1.5247811684620804,-175.4779211093063,1930.169851142606,12000,True,5.4592530727386475,5.432256000000052
sparse,19,3019,free,gaussian,64,CL,3.006879552262854,3.0,0.2293184087618212,-174.4604922304947,1776.0618824367905,4750,True,6.3919899463653564,6.3606479999998555
sparse,19,3019,free,gaussian,64,V,28.53567701122865,30.0,-4.881076629237847,-174.4604922304947,1776.0618824367905,4750,True,6.3919899463653564,6.3606479999998555
sparse,19,3019,free,gaussian,64,ka,1.222833724353991,1.2,1.902810362832593,-174.4604922304947,1776.0618824367905,4750,True,6.3919899463653564,6.3606479999998555
sparse,19,3019,free,gaussian,64,om_CL,0.2865452747624645,0.3,-4.484908412511812,-174.4604922304947,1776.0618824367905,4750,True,6.3919899463653564,6.3606479999998555
sparse,19,3019,free,gaussian,64,om_V,0.1926897836787295,0.2,-3.655108160635246,-174.4604922304947,1776.0618824367905,4750,True,6.3919899463653564,6.3606479999998555
sparse,19,3019,free,gaussian,64,om_ka,0.4546842021174115,0.4,13.671050529352886,-174.4604922304947,1776.0618824367905,4750,True,6.3919899463653564,6.3606479999998555
sparse,19,3019,free,gaussian,64,sigma,0.1897540072733089,0.2,-5.122996363345524,-174.4604922304947,1776.0618824367905,4750,True,6.3919899463653564,6.3606479999998555
sparse,19,3019,amortized,gaussian,1,CL,3.0310557804916325,3.0,1.0351926830544165,-189.02428304817124,3641.942125775697,10750,True,5.663537263870239,5.633952000000136
sparse,19,3019,amortized,gaussian,1,V,28.432060348130896,30.0,-5.226465506230345,-189.02428304817124,3641.942125775697,10750,True,5.663537263870239,5.633952000000136
sparse,19,3019,amortized,gaussian,1,ka,1.1497034245926328,1.2,-4.191381283947267,-189.02428304817124,3641.942125775697,10750,True,5.663537263870239,5.633952000000136
sparse,19,3019,amortized,gaussian,1,om_CL,0.3036428350799945,0.3,1.2142783599981926,-189.02428304817124,3641.942125775697,10750,True,5.663537263870239,5.633952000000136
sparse,19,3019,amortized,gaussian,1,om_V,0.0211571222423205,0.2,-89.42143887883974,-189.02428304817124,3641.942125775697,10750,True,5.663537263870239,5.633952000000136
sparse,19,3019,amortized,gaussian,1,om_ka,0.3939286652953501,0.4,-1.517833676162483,-189.02428304817124,3641.942125775697,10750,True,5.663537263870239,5.633952000000136
sparse,19,3019,amortized,gaussian,1,sigma,0.2599218802760646,0.2,29.9609401380323,-189.02428304817124,3641.942125775697,10750,True,5.663537263870239,5.633952000000136
sparse,19,3019,amortized,gaussian,8,CL,2.887253983064409,3.0,-3.7582005645197056,-176.5205527384224,1784.306825548826,15250,True,9.801079988479614,9.752508000000034
sparse,19,3019,amortized,gaussian,8,V,28.315566797225117,30.0,-5.614777342582944,-176.5205527384224,1784.306825548826,15250,True,9.801079988479614,9.752508000000034
sparse,19,3019,amortized,gaussian,8,ka,1.261603294069107,1.2,5.133607839092281,-176.5205527384224,1784.306825548826,15250,True,9.801079988479614,9.752508000000034
sparse,19,3019,amortized,gaussian,8,om_CL,0.2790828977638797,0.3,-6.972367412040086,-176.5205527384224,1784.306825548826,15250,True,9.801079988479614,9.752508000000034
sparse,19,3019,amortized,gaussian,8,om_V,0.1779517595283694,0.2,-11.024120235815282,-176.5205527384224,1784.306825548826,15250,True,9.801079988479614,9.752508000000034
sparse,19,3019,amortized,gaussian,8,om_ka,0.4030685143781377,0.4,0.7671285945344136,-176.5205527384224,1784.306825548826,15250,True,9.801079988479614,9.752508000000034
sparse,19,3019,amortized,gaussian,8,sigma,0.2121205486687034,0.2,6.0602743343517025,-176.5205527384224,1784.306825548826,15250,True,9.801079988479614,9.752508000000034
sparse,19,3019,amortized,gaussian,64,CL,2.961695465136641,3.0,-1.2768178287786351,-174.87872820755382,1731.6621655908475,19250,True,30.416516065597538,30.260616000000027
sparse,19,3019,amortized,gaussian,64,V,28.462246805956426,30.0,-5.12584398014526,-174.87872820755382,1731.6621655908475,19250,True,30.416516065597538,30.260616000000027
sparse,19,3019,amortized,gaussian,64,ka,1.2473026412067996,1.2,3.941886767233301,-174.87872820755382,1731.6621655908475,19250,True,30.416516065597538,30.260616000000027
sparse,19,3019,amortized,gaussian,64,om_CL,0.2829068635000935,0.3,-5.697712166635486,-174.87872820755382,1731.6621655908475,19250,True,30.416516065597538,30.260616000000027
sparse,19,3019,amortized,gaussian,64,om_V,0.1977170101136881,0.2,-1.1414949431559351,-174.87872820755382,1731.6621655908475,19250,True,30.416516065597538,30.260616000000027
sparse,19,3019,amortized,gaussian,64,om_ka,0.4290454024139755,0.4,7.261350603493879,-174.87872820755382,1731.6621655908475,19250,True,30.416516065597538,30.260616000000027
sparse,19,3019,amortized,gaussian,64,sigma,0.1931686163839334,0.2,-3.4156918080332774,-174.87872820755382,1731.6621655908475,19250,True,30.416516065597538,30.260616000000027
sparse,20,3020,free,gaussian,1,CL,3.058064318578148,3.0,1.9354772859382583,-170.15011711783018,3021.7465906384145,7500,True,2.5931262969970703,2.5806170000000748
sparse,20,3020,free,gaussian,1,V,31.167271884527644,30.0,3.890906281758811,-170.15011711783018,3021.7465906384145,7500,True,2.5931262969970703,2.5806170000000748
sparse,20,3020,free,gaussian,1,ka,1.2993931510840149,1.2,8.282762590334558,-170.15011711783018,3021.7465906384145,7500,True,2.5931262969970703,2.5806170000000748
sparse,20,3020,free,gaussian,1,om_CL,0.2721587942476266,0.3,-9.28040191745779,-170.15011711783018,3021.7465906384145,7500,True,2.5931262969970703,2.5806170000000748
sparse,20,3020,free,gaussian,1,om_V,0.0713668432407268,0.2,-64.31657837963661,-170.15011711783018,3021.7465906384145,7500,True,2.5931262969970703,2.5806170000000748
sparse,20,3020,free,gaussian,1,om_ka,0.3018439526282391,0.4,-24.53901184294022,-170.15011711783018,3021.7465906384145,7500,True,2.5931262969970703,2.5806170000000748
sparse,20,3020,free,gaussian,1,sigma,0.2768153058784932,0.2,38.40765293924658,-170.15011711783018,3021.7465906384145,7500,True,2.5931262969970703,2.5806170000000748
sparse,20,3020,free,gaussian,8,CL,3.055671903563866,3.0,1.85573011879554,-158.60750019816714,2133.4039960128384,5750,True,2.63476300239563,2.6217430000001514
sparse,20,3020,free,gaussian,8,V,30.51045066982755,30.0,1.7015022327584954,-158.60750019816714,2133.4039960128384,5750,True,2.63476300239563,2.6217430000001514
sparse,20,3020,free,gaussian,8,ka,1.3542412895908462,1.2,12.85344079923719,-158.60750019816714,2133.4039960128384,5750,True,2.63476300239563,2.6217430000001514
sparse,20,3020,free,gaussian,8,om_CL,0.2634455316163552,0.3,-12.184822794548262,-158.60750019816714,2133.4039960128384,5750,True,2.63476300239563,2.6217430000001514
sparse,20,3020,free,gaussian,8,om_V,0.1907339329084519,0.2,-4.6330335457740315,-158.60750019816714,2133.4039960128384,5750,True,2.63476300239563,2.6217430000001514
sparse,20,3020,free,gaussian,8,om_ka,0.3084782668321484,0.4,-22.880433291962888,-158.60750019816714,2133.4039960128384,5750,True,2.63476300239563,2.6217430000001514
sparse,20,3020,free,gaussian,8,sigma,0.203433175299895,0.2,1.716587649947504,-158.60750019816714,2133.4039960128384,5750,True,2.63476300239563,2.6217430000001514
sparse,20,3020,free,gaussian,64,CL,3.0187604225643927,3.0,0.62534741881309,-157.3119171161241,2031.179887639615,15500,True,20.82906198501587,20.71740499999987
sparse,20,3020,free,gaussian,64,V,30.874507204697,30.0,2.9150240156566674,-157.3119171161241,2031.179887639615,15500,True,20.82906198501587,20.71740499999987
sparse,20,3020,free,gaussian,64,ka,1.3150956721528526,1.2,9.59130601273772,-157.3119171161241,2031.179887639615,15500,True,20.82906198501587,20.71740499999987
sparse,20,3020,free,gaussian,64,om_CL,0.2714140006564657,0.3,-9.528666447844762,-157.3119171161241,2031.179887639615,15500,True,20.82906198501587,20.71740499999987
sparse,20,3020,free,gaussian,64,om_V,0.2004453775224265,0.2,0.2226887612132438,-157.3119171161241,2031.179887639615,15500,True,20.82906198501587,20.71740499999987
sparse,20,3020,free,gaussian,64,om_ka,0.3829961186684836,0.4,-4.250970332879092,-157.3119171161241,2031.179887639615,15500,True,20.82906198501587,20.71740499999987
sparse,20,3020,free,gaussian,64,sigma,0.1916704120615119,0.2,-4.164793969244045,-157.3119171161241,2031.179887639615,15500,True,20.82906198501587,20.71740499999987
sparse,20,3020,amortized,gaussian,1,CL,3.0488129032986477,3.0,1.6270967766215911,-169.17371376894187,2989.233869972728,25000,False,13.108112812042236,13.030631999999969
sparse,20,3020,amortized,gaussian,1,V,31.022196662490003,30.0,3.407322208300011,-169.17371376894187,2989.233869972728,25000,False,13.108112812042236,13.030631999999969
sparse,20,3020,amortized,gaussian,1,ka,1.3019647098012734,1.2,8.497059150106123,-169.17371376894187,2989.233869972728,25000,False,13.108112812042236,13.030631999999969
sparse,20,3020,amortized,gaussian,1,om_CL,0.2658109885277964,0.3,-11.396337157401202,-169.17371376894187,2989.233869972728,25000,False,13.108112812042236,13.030631999999969
sparse,20,3020,amortized,gaussian,1,om_V,0.0669085767337727,0.2,-66.5457116331136,-169.17371376894187,2989.233869972728,25000,False,13.108112812042236,13.030631999999969
sparse,20,3020,amortized,gaussian,1,om_ka,0.3513069237091213,0.4,-12.173269072719677,-169.17371376894187,2989.233869972728,25000,False,13.108112812042236,13.030631999999969
sparse,20,3020,amortized,gaussian,1,sigma,0.2697351987117392,0.2,34.86759935586958,-169.17371376894187,2989.233869972728,25000,False,13.108112812042236,13.030631999999969
sparse,20,3020,amortized,gaussian,8,CL,2.911864569094568,3.0,-2.937847696847736,-159.64003130942078,2319.6953223331293,25000,False,16.036900997161865,15.944417000000158
sparse,20,3020,amortized,gaussian,8,V,31.096112596136447,30.0,3.653708653788155,-159.64003130942078,2319.6953223331293,25000,False,16.036900997161865,15.944417000000158
sparse,20,3020,amortized,gaussian,8,ka,1.337555217872184,1.2,11.462934822682014,-159.64003130942078,2319.6953223331293,25000,False,16.036900997161865,15.944417000000158
sparse,20,3020,amortized,gaussian,8,om_CL,0.2772202935509487,0.3,-7.593235483017104,-159.64003130942078,2319.6953223331293,25000,False,16.036900997161865,15.944417000000158
sparse,20,3020,amortized,gaussian,8,om_V,0.1726263046042329,0.2,-13.68684769788353,-159.64003130942078,2319.6953223331293,25000,False,16.036900997161865,15.944417000000158
sparse,20,3020,amortized,gaussian,8,om_ka,0.3028601949765434,0.4,-24.28495125586416,-159.64003130942078,2319.6953223331293,25000,False,16.036900997161865,15.944417000000158
sparse,20,3020,amortized,gaussian,8,sigma,0.2081154005999832,0.2,4.057700299991626,-159.64003130942078,2319.6953223331293,25000,False,16.036900997161865,15.944417000000158
sparse,20,3020,amortized,gaussian,64,CL,2.9895056394138035,3.0,-0.349812019539882,-157.07209142325965,1853.38662236402,18750,True,29.6721510887146,29.505792999999812
sparse,20,3020,amortized,gaussian,64,V,30.941401506193426,30.0,3.1380050206447407,-157.07209142325965,1853.38662236402,18750,True,29.6721510887146,29.505792999999812
sparse,20,3020,amortized,gaussian,64,ka,1.332014469889239,1.2,11.001205824103282,-157.07209142325965,1853.38662236402,18750,True,29.6721510887146,29.505792999999812
sparse,20,3020,amortized,gaussian,64,om_CL,0.2754577060676632,0.3,-8.180764644112253,-157.07209142325965,1853.38662236402,18750,True,29.6721510887146,29.505792999999812
sparse,20,3020,amortized,gaussian,64,om_V,0.1971618467719046,0.2,-1.419076614047707,-157.07209142325965,1853.38662236402,18750,True,29.6721510887146,29.505792999999812
sparse,20,3020,amortized,gaussian,64,om_ka,0.3908157331468121,0.4,-2.2960667132969763,-157.07209142325965,1853.38662236402,18750,True,29.6721510887146,29.505792999999812
sparse,20,3020,amortized,gaussian,64,sigma,0.1947834208575183,0.2,-2.608289571240846,-157.07209142325965,1853.38662236402,18750,True,29.6721510887146,29.505792999999812
sparse,21,3021,free,gaussian,1,CL,2.9604001283301913,3.0,-1.3199957223269572,-184.2856124317059,3645.0644855809383,16750,True,5.745434999465942,5.713447999999971
sparse,21,3021,free,gaussian,1,V,28.95601865885417,30.0,-3.479937803819434,-184.2856124317059,3645.0644855809383,16750,True,5.745434999465942,5.713447999999971
sparse,21,3021,free,gaussian,1,ka,1.0884586566057726,1.2,-9.295111949518953,-184.2856124317059,3645.0644855809383,16750,True,5.745434999465942,5.713447999999971
sparse,21,3021,free,gaussian,1,om_CL,0.281425326972527,0.3,-6.1915576758243365,-184.2856124317059,3645.0644855809383,16750,True,5.745434999465942,5.713447999999971
sparse,21,3021,free,gaussian,1,om_V,0.0248672760527667,0.2,-87.56636197361662,-184.2856124317059,3645.0644855809383,16750,True,5.745434999465942,5.713447999999971
sparse,21,3021,free,gaussian,1,om_ka,0.3660691778247991,0.4,-8.482705543800234,-184.2856124317059,3645.0644855809383,16750,True,5.745434999465942,5.713447999999971
sparse,21,3021,free,gaussian,1,sigma,0.2675839888743864,0.2,33.79199443719321,-184.2856124317059,3645.0644855809383,16750,True,5.745434999465942,5.713447999999971
sparse,21,3021,free,gaussian,8,CL,2.9815093187580097,3.0,-0.6163560413996757,-175.22466782741333,2543.937483377846,18500,True,8.42517614364624,8.378974000000198
sparse,21,3021,free,gaussian,8,V,29.224666599743664,30.0,-2.584444667521121,-175.22466782741333,2543.937483377846,18500,True,8.42517614364624,8.378974000000198
sparse,21,3021,free,gaussian,8,ka,1.10633821529692,1.2,-7.805148725256673,-175.22466782741333,2543.937483377846,18500,True,8.42517614364624,8.378974000000198
sparse,21,3021,free,gaussian,8,om_CL,0.2713238347178499,0.3,-9.558721760716686,-175.22466782741333,2543.937483377846,18500,True,8.42517614364624,8.378974000000198
sparse,21,3021,free,gaussian,8,om_V,0.1488012660915047,0.2,-25.599366954247635,-175.22466782741333,2543.937483377846,18500,True,8.42517614364624,8.378974000000198
sparse,21,3021,free,gaussian,8,om_ka,0.3237206110661648,0.4,-19.06984723345881,-175.22466782741333,2543.937483377846,18500,True,8.42517614364624,8.378974000000198
sparse,21,3021,free,gaussian,8,sigma,0.2310579936535938,0.2,15.528996826796924,-175.22466782741333,2543.937483377846,18500,True,8.42517614364624,8.378974000000198
sparse,21,3021,free,gaussian,64,CL,2.9362215877953513,3.0,-2.1259470734882915,-174.45631987368296,2133.180451268215,2000,True,2.728203058242798,2.7120130000002973
sparse,21,3021,free,gaussian,64,V,29.546088089690382,30.0,-1.5130397010320469,-174.45631987368296,2133.180451268215,2000,True,2.728203058242798,2.7120130000002973
sparse,21,3021,free,gaussian,64,ka,1.1380181721524605,1.2,-5.165152320628308,-174.45631987368296,2133.180451268215,2000,True,2.728203058242798,2.7120130000002973
sparse,21,3021,free,gaussian,64,om_CL,0.2721545284118352,0.3,-9.281823862721584,-174.45631987368296,2133.180451268215,2000,True,2.728203058242798,2.7120130000002973
sparse,21,3021,free,gaussian,64,om_V,0.178887421627941,0.2,-10.556289186029463,-174.45631987368296,2133.180451268215,2000,True,2.728203058242798,2.7120130000002973
sparse,21,3021,free,gaussian,64,om_ka,0.3705210833323907,0.4,-7.36972916690233,-174.45631987368296,2133.180451268215,2000,True,2.728203058242798,2.7120130000002973
sparse,21,3021,free,gaussian,64,sigma,0.2068500664789529,0.2,3.4250332394764604,-174.45631987368296,2133.180451268215,2000,True,2.728203058242798,2.7120130000002973
sparse,21,3021,amortized,gaussian,1,CL,2.9975257594867237,3.0,-0.0824746837758757,-184.3965748929836,3804.1921805551856,25000,False,13.158594131469728,13.079866000000038
sparse,21,3021,amortized,gaussian,1,V,28.867410905691933,30.0,-3.7752969810268886,-184.3965748929836,3804.1921805551856,25000,False,13.158594131469728,13.079866000000038
sparse,21,3021,amortized,gaussian,1,ka,1.0710613397098163,1.2,-10.744888357515284,-184.3965748929836,3804.1921805551856,25000,False,13.158594131469728,13.079866000000038
sparse,21,3021,amortized,gaussian,1,om_CL,0.2832645203574969,0.3,-5.578493214167701,-184.3965748929836,3804.1921805551856,25000,False,13.158594131469728,13.079866000000038
sparse,21,3021,amortized,gaussian,1,om_V,0.0100128583573147,0.2,-94.99357082134264,-184.3965748929836,3804.1921805551856,25000,False,13.158594131469728,13.079866000000038
sparse,21,3021,amortized,gaussian,1,om_ka,0.374651546100906,0.4,-6.33711347477349,-184.3965748929836,3804.1921805551856,25000,False,13.158594131469728,13.079866000000038
sparse,21,3021,amortized,gaussian,1,sigma,0.2651381981601995,0.2,32.569099080099775,-184.3965748929836,3804.1921805551856,25000,False,13.158594131469728,13.079866000000038
sparse,21,3021,amortized,gaussian,8,CL,2.9406000221418043,3.0,-1.9799992619398576,-174.8097506785371,2424.639861417748,21000,True,13.5193989276886,13.435264000000188
sparse,21,3021,amortized,gaussian,8,V,29.451996463390262,30.0,-1.82667845536578,-174.8097506785371,2424.639861417748,21000,True,13.5193989276886,13.435264000000188
sparse,21,3021,amortized,gaussian,8,ka,1.1028435476578615,1.2,-8.096371028511536,-174.8097506785371,2424.639861417748,21000,True,13.5193989276886,13.435264000000188
sparse,21,3021,amortized,gaussian,8,om_CL,0.2706564498565195,0.3,-9.781183381160169,-174.8097506785371,2424.639861417748,21000,True,13.5193989276886,13.435264000000188
sparse,21,3021,amortized,gaussian,8,om_V,0.1639368231420961,0.2,-18.031588428951917,-174.8097506785371,2424.639861417748,21000,True,13.5193989276886,13.435264000000188
sparse,21,3021,amortized,gaussian,8,om_ka,0.310041476187764,0.4,-22.489630953059,-174.8097506785371,2424.639861417748,21000,True,13.5193989276886,13.435264000000188
sparse,21,3021,amortized,gaussian,8,sigma,0.2270707432079938,0.2,13.535371603996923,-174.8097506785371,2424.639861417748,21000,True,13.5193989276886,13.435264000000188
sparse,21,3021,amortized,gaussian,64,CL,2.9579132441272553,3.0,-1.4028918624248228,-173.9472883818218,2098.2221399510363,14750,True,23.50083303451538,23.33373299999994
sparse,21,3021,amortized,gaussian,64,V,29.3962508453802,30.0,-2.0124971820660065,-173.9472883818218,2098.2221399510363,14750,True,23.50083303451538,23.33373299999994
sparse,21,3021,amortized,gaussian,64,ka,1.10999615044371,1.2,-7.500320796357504,-173.9472883818218,2098.2221399510363,14750,True,23.50083303451538,23.33373299999994
sparse,21,3021,amortized,gaussian,64,om_CL,0.2775384460267534,0.3,-7.4871846577488546,-173.9472883818218,2098.2221399510363,14750,True,23.50083303451538,23.33373299999994
sparse,21,3021,amortized,gaussian,64,om_V,0.1818466426539442,0.2,-9.076678673027873,-173.9472883818218,2098.2221399510363,14750,True,23.50083303451538,23.33373299999994
sparse,21,3021,amortized,gaussian,64,om_ka,0.364101938339829,0.4,-8.974515415042738,-173.9472883818218,2098.2221399510363,14750,True,23.50083303451538,23.33373299999994
sparse,21,3021,amortized,gaussian,64,sigma,0.2080578718882529,0.2,4.028935944126455,-173.9472883818218,2098.2221399510363,14750,True,23.50083303451538,23.33373299999994
sparse,22,3022,free,gaussian,1,CL,3.150280440853708,3.0,5.009348028456939,-204.47237227667023,3425.3429721852503,11500,True,3.96779203414917,3.9454170000003614
sparse,22,3022,free,gaussian,1,V,29.482190682010692,30.0,-1.7260310599643585,-204.47237227667023,3425.3429721852503,11500,True,3.96779203414917,3.9454170000003614
sparse,22,3022,free,gaussian,1,ka,1.0322241538799133,1.2,-13.981320510007222,-204.47237227667023,3425.3429721852503,11500,True,3.96779203414917,3.9454170000003614
sparse,22,3022,free,gaussian,1,om_CL,0.2984182416583021,0.3,-0.5272527805659604,-204.47237227667023,3425.3429721852503,11500,True,3.96779203414917,3.9454170000003614
sparse,22,3022,free,gaussian,1,om_V,0.04406277427637,0.2,-77.96861286181499,-204.47237227667023,3425.3429721852503,11500,True,3.96779203414917,3.9454170000003614
sparse,22,3022,free,gaussian,1,om_ka,0.2443509252739289,0.4,-38.912268681517766,-204.47237227667023,3425.3429721852503,11500,True,3.96779203414917,3.9454170000003614
sparse,22,3022,free,gaussian,1,sigma,0.2986371525267031,0.2,49.31857626335157,-204.47237227667023,3425.3429721852503,11500,True,3.96779203414917,3.9454170000003614
sparse,22,3022,free,gaussian,8,CL,3.101094739887042,3.0,3.369824662901403,-195.25626226149427,2591.261198600137,19750,True,8.995661973953247,8.945596999999907
sparse,22,3022,free,gaussian,8,V,29.630599813596746,30.0,-1.2313339546775144,-195.25626226149427,2591.261198600137,19750,True,8.995661973953247,8.945596999999907
sparse,22,3022,free,gaussian,8,ka,1.0811212284752194,1.2,-9.906564293731712,-195.25626226149427,2591.261198600137,19750,True,8.995661973953247,8.945596999999907
sparse,22,3022,free,gaussian,8,om_CL,0.2906068366300414,0.3,-3.1310544566528673,-195.25626226149427,2591.261198600137,19750,True,8.995661973953247,8.945596999999907
sparse,22,3022,free,gaussian,8,om_V,0.1805047643533947,0.2,-9.747617823302647,-195.25626226149427,2591.261198600137,19750,True,8.995661973953247,8.945596999999907
sparse,22,3022,free,gaussian,8,om_ka,0.0969134382123754,0.4,-75.77164044690615,-195.25626226149427,2591.261198600137,19750,True,8.995661973953247,8.945596999999907
sparse,22,3022,free,gaussian,8,sigma,0.2558055002330373,0.2,27.902750116518632,-195.25626226149427,2591.261198600137,19750,True,8.995661973953247,8.945596999999907
sparse,22,3022,free,gaussian,64,CL,3.1157709607245496,3.0,3.859032024151654,-194.02684582527473,2469.003812830239,17500,True,23.521378993988037,23.394310000000132
sparse,22,3022,free,gaussian,64,V,29.50783950516921,30.0,-1.6405349827693054,-194.02684582527473,2469.003812830239,17500,True,23.521378993988037,23.394310000000132
sparse,22,3022,free,gaussian,64,ka,1.0577699940361829,1.2,-11.852500496984756,-194.02684582527473,2469.003812830239,17500,True,23.521378993988037,23.394310000000132
sparse,22,3022,free,gaussian,64,om_CL,0.2890317535682594,0.3,-3.6560821439135345,-194.02684582527473,2469.003812830239,17500,True,23.521378993988037,23.394310000000132
sparse,22,3022,free,gaussian,64,om_V,0.193937348639857,0.2,-3.0313256800714727,-194.02684582527473,2469.003812830239,17500,True,23.521378993988037,23.394310000000132
sparse,22,3022,free,gaussian,64,om_ka,0.2280654022403886,0.4,-42.98364943990285,-194.02684582527473,2469.003812830239,17500,True,23.521378993988037,23.394310000000132
sparse,22,3022,free,gaussian,64,sigma,0.239372155367193,0.2,19.686077683596523,-194.02684582527473,2469.003812830239,17500,True,23.521378993988037,23.394310000000132
sparse,22,3022,amortized,gaussian,1,CL,3.183027369058126,3.0,6.100912301937529,-204.5224558478137,2830.8850583529784,25000,False,13.069138050079346,13.003173999999944
sparse,22,3022,amortized,gaussian,1,V,29.618015839738007,30.0,-1.2732805342066438,-204.5224558478137,2830.8850583529784,25000,False,13.069138050079346,13.003173999999944
sparse,22,3022,amortized,gaussian,1,ka,1.0728965755612916,1.2,-10.59195203655903,-204.5224558478137,2830.8850583529784,25000,False,13.069138050079346,13.003173999999944
sparse,22,3022,amortized,gaussian,1,om_CL,0.2848327387805218,0.3,-5.055753739826067,-204.5224558478137,2830.8850583529784,25000,False,13.069138050079346,13.003173999999944
sparse,22,3022,amortized,gaussian,1,om_V,0.058001294688922,0.2,-70.99935265553897,-204.5224558478137,2830.8850583529784,25000,False,13.069138050079346,13.003173999999944
sparse,22,3022,amortized,gaussian,1,om_ka,0.1140694397707176,0.4,-71.4826400573206,-204.5224558478137,2830.8850583529784,25000,False,13.069138050079346,13.003173999999944
sparse,22,3022,amortized,gaussian,1,sigma,0.2991553155574363,0.2,49.57765777871817,-204.5224558478137,2830.8850583529784,25000,False,13.069138050079346,13.003173999999944
sparse,22,3022,amortized,gaussian,8,CL,3.081468002067826,3.0,2.7156000689275337,-194.9939793590866,2651.3589637094005,16750,True,10.79522705078125,10.735137000000122
sparse,22,3022,amortized,gaussian,8,V,29.512418862736272,30.0,-1.62527045754576,-194.9939793590866,2651.3589637094005,16750,True,10.79522705078125,10.735137000000122
sparse,22,3022,amortized,gaussian,8,ka,1.07520066887287,1.2,-10.39994426059417,-194.9939793590866,2651.3589637094005,16750,True,10.79522705078125,10.735137000000122
sparse,22,3022,amortized,gaussian,8,om_CL,0.2891148363604228,0.3,-3.628387879859067,-194.9939793590866,2651.3589637094005,16750,True,10.79522705078125,10.735137000000122
sparse,22,3022,amortized,gaussian,8,om_V,0.1673849741954936,0.2,-16.30751290225317,-194.9939793590866,2651.3589637094005,16750,True,10.79522705078125,10.735137000000122
sparse,22,3022,amortized,gaussian,8,om_ka,0.2116361486689237,0.4,-47.09096283276908,-194.9939793590866,2651.3589637094005,16750,True,10.79522705078125,10.735137000000122
sparse,22,3022,amortized,gaussian,8,sigma,0.2520487758817853,0.2,26.02438794089265,-194.9939793590866,2651.3589637094005,16750,True,10.79522705078125,10.735137000000122
sparse,22,3022,amortized,gaussian,64,CL,3.13217794849916,3.0,4.40593161663867,-194.05611081349903,2469.9751887966295,20000,True,31.59068298339844,31.43427599999995
sparse,22,3022,amortized,gaussian,64,V,29.39638142247641,30.0,-2.0120619250786356,-194.05611081349903,2469.9751887966295,20000,True,31.59068298339844,31.43427599999995
sparse,22,3022,amortized,gaussian,64,ka,1.063952308528957,1.2,-11.337307622586907,-194.05611081349903,2469.9751887966295,20000,True,31.59068298339844,31.43427599999995
sparse,22,3022,amortized,gaussian,64,om_CL,0.2865273825087125,0.3,-4.490872497095807,-194.05611081349903,2469.9751887966295,20000,True,31.59068298339844,31.43427599999995
sparse,22,3022,amortized,gaussian,64,om_V,0.192010879396743,0.2,-3.994560301628508,-194.05611081349903,2469.9751887966295,20000,True,31.59068298339844,31.43427599999995
sparse,22,3022,amortized,gaussian,64,om_ka,0.2292522736403449,0.4,-42.68693158991377,-194.05611081349903,2469.9751887966295,20000,True,31.59068298339844,31.43427599999995
sparse,22,3022,amortized,gaussian,64,sigma,0.2409031165804697,0.2,20.451558290234843,-194.05611081349903,2469.9751887966295,20000,True,31.59068298339844,31.43427599999995
sparse,23,3023,free,gaussian,1,CL,2.9143833162925254,3.0,-2.853889456915818,-222.1825033287633,3574.4106754374175,22750,True,7.799163818359375,7.75367899999992
sparse,23,3023,free,gaussian,1,V,28.850610402410418,30.0,-3.8312986586319417,-222.1825033287633,3574.4106754374175,22750,True,7.799163818359375,7.75367899999992
sparse,23,3023,free,gaussian,1,ka,1.0606664329184812,1.2,-11.611130590126566,-222.1825033287633,3574.4106754374175,22750,True,7.799163818359375,7.75367899999992
sparse,23,3023,free,gaussian,1,om_CL,0.3087640860399138,0.3,2.9213620133046,-222.1825033287633,3574.4106754374175,22750,True,7.799163818359375,7.75367899999992
sparse,23,3023,free,gaussian,1,om_V,0.0203075778403761,0.2,-89.84621107981191,-222.1825033287633,3574.4106754374175,22750,True,7.799163818359375,7.75367899999992
sparse,23,3023,free,gaussian,1,om_ka,0.5008660549117353,0.4,25.216513727933823,-222.1825033287633,3574.4106754374175,22750,True,7.799163818359375,7.75367899999992
sparse,23,3023,free,gaussian,1,sigma,0.284917296917638,0.2,42.45864845881902,-222.1825033287633,3574.4106754374175,22750,True,7.799163818359375,7.75367899999992
sparse,23,3023,free,gaussian,8,CL,2.942899793426598,3.0,-1.903340219113403,-207.49512994404176,2066.7427396817648,21000,True,9.552283763885498,9.499389000000065
sparse,23,3023,free,gaussian,8,V,29.936675055411097,30.0,-0.2110831486296878,-207.49512994404176,2066.7427396817648,21000,True,9.552283763885498,9.499389000000065
sparse,23,3023,free,gaussian,8,ka,1.1275610437762755,1.2,-6.036579685310369,-207.49512994404176,2066.7427396817648,21000,True,9.552283763885498,9.499389000000065
sparse,23,3023,free,gaussian,8,om_CL,0.3021881763589762,0.3,0.7293921196587413,-207.49512994404176,2066.7427396817648,21000,True,9.552283763885498,9.499389000000065
sparse,23,3023,free,gaussian,8,om_V,0.2206879783655922,0.2,10.34398918279611,-207.49512994404176,2066.7427396817648,21000,True,9.552283763885498,9.499389000000065
sparse,23,3023,free,gaussian,8,om_ka,0.3460955108917952,0.4,-13.476122277051196,-207.49512994404176,2066.7427396817648,21000,True,9.552283763885498,9.499389000000065
sparse,23,3023,free,gaussian,8,sigma,0.2293476553791726,0.2,14.673827689586318,-207.49512994404176,2066.7427396817648,21000,True,9.552283763885498,9.499389000000065
sparse,23,3023,free,gaussian,64,CL,2.9104125682605453,3.0,-2.98624772464849,-206.3281896628679,1897.1903454940032,5250,True,7.070424795150757,7.037587000000258
sparse,23,3023,free,gaussian,64,V,29.376971605394008,30.0,-2.076761315353307,-206.3281896628679,1897.1903454940032,5250,True,7.070424795150757,7.037587000000258
sparse,23,3023,free,gaussian,64,ka,1.156523925814049,1.2,-3.623006182162584,-206.3281896628679,1897.1903454940032,5250,True,7.070424795150757,7.037587000000258
sparse,23,3023,free,gaussian,64,om_CL,0.3037514024414764,0.3,1.2504674804921605,-206.3281896628679,1897.1903454940032,5250,True,7.070424795150757,7.037587000000258
sparse,23,3023,free,gaussian,64,om_V,0.2362423111841846,0.2,18.121155592092332,-206.3281896628679,1897.1903454940032,5250,True,7.070424795150757,7.037587000000258
sparse,23,3023,free,gaussian,64,om_ka,0.4392583709602921,0.4,9.814592740073026,-206.3281896628679,1897.1903454940032,5250,True,7.070424795150757,7.037587000000258
sparse,23,3023,free,gaussian,64,sigma,0.2125337850857418,0.2,6.26689254287091,-206.3281896628679,1897.1903454940032,5250,True,7.070424795150757,7.037587000000258
sparse,23,3023,amortized,gaussian,1,CL,2.8941005104809348,3.0,-3.5299829839688415,-222.89491592816495,3539.6690741923035,19250,True,10.12613606452942,10.06128200000012
sparse,23,3023,amortized,gaussian,1,V,28.70360082420515,30.0,-4.321330585982833,-222.89491592816495,3539.6690741923035,19250,True,10.12613606452942,10.06128200000012
sparse,23,3023,amortized,gaussian,1,ka,1.0724954519430483,1.2,-10.625379004745971,-222.89491592816495,3539.6690741923035,19250,True,10.12613606452942,10.06128200000012
sparse,23,3023,amortized,gaussian,1,om_CL,0.3094978451592425,0.3,3.1659483864141897,-222.89491592816495,3539.6690741923035,19250,True,10.12613606452942,10.06128200000012
sparse,23,3023,amortized,gaussian,1,om_V,0.0135272586220265,0.2,-93.23637068898672,-222.89491592816495,3539.6690741923035,19250,True,10.12613606452942,10.06128200000012
sparse,23,3023,amortized,gaussian,1,om_ka,0.4747612933668351,0.4,18.69032334170878,-222.89491592816495,3539.6690741923035,19250,True,10.12613606452942,10.06128200000012
sparse,23,3023,amortized,gaussian,1,sigma,0.286967736004444,0.2,43.48386800222201,-222.89491592816495,3539.6690741923035,19250,True,10.12613606452942,10.06128200000012
sparse,23,3023,amortized,gaussian,8,CL,3.028463613419534,3.0,0.9487871139844876,-209.2992741164672,2263.829513933918,14250,True,9.140709161758425,9.09650099999999
sparse,23,3023,amortized,gaussian,8,V,30.00581886020221,30.0,0.0193962006740378,-209.2992741164672,2263.829513933918,14250,True,9.140709161758425,9.09650099999999
sparse,23,3023,amortized,gaussian,8,ka,1.0992426379213185,1.2,-8.396446839890123,-209.2992741164672,2263.829513933918,14250,True,9.140709161758425,9.09650099999999
sparse,23,3023,amortized,gaussian,8,om_CL,0.3032764005084712,0.3,1.092133502823759,-209.2992741164672,2263.829513933918,14250,True,9.140709161758425,9.09650099999999
sparse,23,3023,amortized,gaussian,8,om_V,0.2214719023052163,0.2,10.73595115260817,-209.2992741164672,2263.829513933918,14250,True,9.140709161758425,9.09650099999999
sparse,23,3023,amortized,gaussian,8,om_ka,0.3013255306893576,0.4,-24.668617327660595,-209.2992741164672,2263.829513933918,14250,True,9.140709161758425,9.09650099999999
sparse,23,3023,amortized,gaussian,8,sigma,0.2477752319800653,0.2,23.887615990032653,-209.2992741164672,2263.829513933918,14250,True,9.140709161758425,9.09650099999999
sparse,23,3023,amortized,gaussian,64,CL,2.898064839891357,3.0,-3.3978386702880967,-206.6606024175941,1824.3724316675584,15750,True,24.881697177886963,24.75450499999988
sparse,23,3023,amortized,gaussian,64,V,30.37330329601004,30.0,1.2443443200334652,-206.6606024175941,1824.3724316675584,15750,True,24.881697177886963,24.75450499999988
sparse,23,3023,amortized,gaussian,64,ka,1.1291345878457844,1.2,-5.905451012851301,-206.6606024175941,1824.3724316675584,15750,True,24.881697177886963,24.75450499999988
sparse,23,3023,amortized,gaussian,64,om_CL,0.3098911860547792,0.3,3.2970620182597443,-206.6606024175941,1824.3724316675584,15750,True,24.881697177886963,24.75450499999988
sparse,23,3023,amortized,gaussian,64,om_V,0.2377843854349027,0.2,18.892192717451376,-206.6606024175941,1824.3724316675584,15750,True,24.881697177886963,24.75450499999988
sparse,23,3023,amortized,gaussian,64,om_ka,0.4460196777691713,0.4,11.504919442292817,-206.6606024175941,1824.3724316675584,15750,True,24.881697177886963,24.75450499999988
sparse,23,3023,amortized,gaussian,64,sigma,0.2068970011869381,0.2,3.4485005934690727,-206.6606024175941,1824.3724316675584,15750,True,24.881697177886963,24.75450499999988
sparse,24,3024,free,gaussian,1,CL,2.9965879919951472,3.0,-0.1137336001617583,-194.4625938132097,3560.6487964464536,18500,True,6.32834529876709,6.298124000000371
sparse,24,3024,free,gaussian,1,V,30.908941772723516,30.0,3.029805909078386,-194.4625938132097,3560.6487964464536,18500,True,6.32834529876709,6.298124000000371
sparse,24,3024,free,gaussian,1,ka,1.133690132782751,1.2,-5.5258222681040525,-194.4625938132097,3560.6487964464536,18500,True,6.32834529876709,6.298124000000371
sparse,24,3024,free,gaussian,1,om_CL,0.316330221148333,0.3,5.443407049444349,-194.4625938132097,3560.6487964464536,18500,True,6.32834529876709,6.298124000000371
sparse,24,3024,free,gaussian,1,om_V,0.022433315267875,0.2,-88.78334236606247,-194.4625938132097,3560.6487964464536,18500,True,6.32834529876709,6.298124000000371
sparse,24,3024,free,gaussian,1,om_ka,0.4805603928366206,0.4,20.14009820915515,-194.4625938132097,3560.6487964464536,18500,True,6.32834529876709,6.298124000000371
sparse,24,3024,free,gaussian,1,sigma,0.2554036386163851,0.2,27.701819308192572,-194.4625938132097,3560.6487964464536,18500,True,6.32834529876709,6.298124000000371
sparse,24,3024,free,gaussian,8,CL,3.005568765227305,3.0,0.185625507576829,-181.11275541283533,1970.823057180569,17750,True,8.083730220794678,8.02893099999983
sparse,24,3024,free,gaussian,8,V,32.06368243394392,30.0,6.8789414464797245,-181.11275541283533,1970.823057180569,17750,True,8.083730220794678,8.02893099999983
sparse,24,3024,free,gaussian,8,ka,1.1795756487314977,1.2,-1.7020292723752088,-181.11275541283533,1970.823057180569,17750,True,8.083730220794678,8.02893099999983
sparse,24,3024,free,gaussian,8,om_CL,0.3232169646567613,0.3,7.738988218920459,-181.11275541283533,1970.823057180569,17750,True,8.083730220794678,8.02893099999983
sparse,24,3024,free,gaussian,8,om_V,0.2087749538582222,0.2,4.387476929111136,-181.11275541283533,1970.823057180569,17750,True,8.083730220794678,8.02893099999983
sparse,24,3024,free,gaussian,8,om_ka,0.3257426670526157,0.4,-18.564333236846085,-181.11275541283533,1970.823057180569,17750,True,8.083730220794678,8.02893099999983
sparse,24,3024,free,gaussian,8,sigma,0.1978271283314357,0.2,-1.08643583428214,-181.11275541283533,1970.823057180569,17750,True,8.083730220794678,8.02893099999983
sparse,24,3024,free,gaussian,64,CL,2.9466012197634996,3.0,-1.7799593412166783,-180.66332752437464,1923.6430577846832,8250,True,11.088011026382446,11.031205999999656
sparse,24,3024,free,gaussian,64,V,32.008298517828905,30.0,6.694328392763016,-180.66332752437464,1923.6430577846832,8250,True,11.088011026382446,11.031205999999656
sparse,24,3024,free,gaussian,64,ka,1.2000388435012217,1.2,0.0032369584351266,-180.66332752437464,1923.6430577846832,8250,True,11.088011026382446,11.031205999999656
sparse,24,3024,free,gaussian,64,om_CL,0.3273739302460569,0.3,9.124643415352317,-180.66332752437464,1923.6430577846832,8250,True,11.088011026382446,11.031205999999656
sparse,24,3024,free,gaussian,64,om_V,0.2126507489325248,0.2,6.325374466262412,-180.66332752437464,1923.6430577846832,8250,True,11.088011026382446,11.031205999999656
sparse,24,3024,free,gaussian,64,om_ka,0.4180694309603218,0.4,4.517357740080454,-180.66332752437464,1923.6430577846832,8250,True,11.088011026382446,11.031205999999656
sparse,24,3024,free,gaussian,64,sigma,0.1874824813976823,0.2,-6.25875930115885,-180.66332752437464,1923.6430577846832,8250,True,11.088011026382446,11.031205999999656
sparse,24,3024,amortized,gaussian,1,CL,3.057045534756542,3.0,1.9015178252180724,-194.5415732426084,3465.2721485876555,22500,True,11.832393884658812,11.754628999999568
sparse,24,3024,amortized,gaussian,1,V,30.647881891661733,30.0,2.1596063055391093,-194.5415732426084,3465.2721485876555,22500,True,11.832393884658812,11.754628999999568
sparse,24,3024,amortized,gaussian,1,ka,1.1393369731110086,1.2,-5.055252240749283,-194.5415732426084,3465.2721485876555,22500,True,11.832393884658812,11.754628999999568
sparse,24,3024,amortized,gaussian,1,om_CL,0.3098516047504581,0.3,3.2838682501526995,-194.5415732426084,3465.2721485876555,22500,True,11.832393884658812,11.754628999999568
sparse,24,3024,amortized,gaussian,1,om_V,0.0308056040563956,0.2,-84.59719797180216,-194.5415732426084,3465.2721485876555,22500,True,11.832393884658812,11.754628999999568
sparse,24,3024,amortized,gaussian,1,om_ka,0.4613200169664423,0.4,15.330004241610572,-194.5415732426084,3465.2721485876555,22500,True,11.832393884658812,11.754628999999568
sparse,24,3024,amortized,gaussian,1,sigma,0.2599131849887882,0.2,29.956592494394112,-194.5415732426084,3465.2721485876555,22500,True,11.832393884658812,11.754628999999568
sparse,24,3024,amortized,gaussian,8,CL,2.938828659118513,3.0,-2.0390446960495634,-182.63128142631015,2293.2325359792535,15250,True,9.772531986236572,9.723864000000049
sparse,24,3024,amortized,gaussian,8,V,31.68478977976054,30.0,5.61596593253513,-182.63128142631015,2293.2325359792535,15250,True,9.772531986236572,9.723864000000049
sparse,24,3024,amortized,gaussian,8,ka,1.203308645700928,1.2,0.2757204750773456,-182.63128142631015,2293.2325359792535,15250,True,9.772531986236572,9.723864000000049
sparse,24,3024,amortized,gaussian,8,om_CL,0.321638654753633,0.3,7.212884917877695,-182.63128142631015,2293.2325359792535,15250,True,9.772531986236572,9.723864000000049
sparse,24,3024,amortized,gaussian,8,om_V,0.1998309288103905,0.2,-0.084535594804716,-182.63128142631015,2293.2325359792535,15250,True,9.772531986236572,9.723864000000049
sparse,24,3024,amortized,gaussian,8,om_ka,0.2839168861292874,0.4,-29.020778467678156,-182.63128142631015,2293.2325359792535,15250,True,9.772531986236572,9.723864000000049
sparse,24,3024,amortized,gaussian,8,sigma,0.215393278758531,0.2,7.696639379265513,-182.63128142631015,2293.2325359792535,15250,True,9.772531986236572,9.723864000000049
sparse,24,3024,amortized,gaussian,64,CL,2.996160683048489,3.0,-0.1279772317170321,-180.1488350982749,1916.3958901142332,22500,True,35.556641817092896,35.35961300000008
sparse,24,3024,amortized,gaussian,64,V,32.13848312035374,30.0,7.128277067845801,-180.1488350982749,1916.3958901142332,22500,True,35.556641817092896,35.35961300000008
sparse,24,3024,amortized,gaussian,64,ka,1.2038573525262453,1.2,0.3214460438537755,-180.1488350982749,1916.3958901142332,22500,True,35.556641817092896,35.35961300000008
sparse,24,3024,amortized,gaussian,64,om_CL,0.3242632181244063,0.3,8.087739374802098,-180.1488350982749,1916.3958901142332,22500,True,35.556641817092896,35.35961300000008
sparse,24,3024,amortized,gaussian,64,om_V,0.213729195338414,0.2,6.864597669207009,-180.1488350982749,1916.3958901142332,22500,True,35.556641817092896,35.35961300000008
sparse,24,3024,amortized,gaussian,64,om_ka,0.3904099994428983,0.4,-2.3975001392754214,-180.1488350982749,1916.3958901142332,22500,True,35.556641817092896,35.35961300000008
sparse,24,3024,amortized,gaussian,64,sigma,0.1850977712523136,0.2,-7.451114373843187,-180.1488350982749,1916.3958901142332,22500,True,35.556641817092896,35.35961300000008
sparse,25,3025,free,gaussian,1,CL,2.978340138286241,3.0,-0.721995390458637,-199.7620422489033,3795.235931579745,24000,True,8.215137958526611,8.172536000000036
sparse,25,3025,free,gaussian,1,V,29.14231066816327,30.0,-2.8589644394557703,-199.7620422489033,3795.235931579745,24000,True,8.215137958526611,8.172536000000036
sparse,25,3025,free,gaussian,1,ka,1.0785700823062538,1.2,-10.119159807812176,-199.7620422489033,3795.235931579745,24000,True,8.215137958526611,8.172536000000036
sparse,25,3025,free,gaussian,1,om_CL,0.285679873262066,0.3,-4.773375579311309,-199.7620422489033,3795.235931579745,24000,True,8.215137958526611,8.172536000000036
sparse,25,3025,free,gaussian,1,om_V,0.0236491229646926,0.2,-88.17543851765369,-199.7620422489033,3795.235931579745,24000,True,8.215137958526611,8.172536000000036
sparse,25,3025,free,gaussian,1,om_ka,0.3050074948698727,0.4,-23.748126282531825,-199.7620422489033,3795.235931579745,24000,True,8.215137958526611,8.172536000000036
sparse,25,3025,free,gaussian,1,sigma,0.2945582239936625,0.2,47.27911199683124,-199.7620422489033,3795.235931579745,24000,True,8.215137958526611,8.172536000000036
sparse,25,3025,free,gaussian,8,CL,2.9413884112806583,3.0,-1.9537196239780563,-187.598394719037,2581.675279328313,21750,True,9.886735916137695,9.83010699999977
sparse,25,3025,free,gaussian,8,V,29.679164137202314,30.0,-1.069452875992288,-187.598394719037,2581.675279328313,21750,True,9.886735916137695,9.83010699999977
sparse,25,3025,free,gaussian,8,ka,1.0966498717172044,1.2,-8.612510690232964,-187.598394719037,2581.675279328313,21750,True,9.886735916137695,9.83010699999977
sparse,25,3025,free,gaussian,8,om_CL,0.2768135654427581,0.3,-7.728811519080633,-187.598394719037,2581.675279328313,21750,True,9.886735916137695,9.83010699999977
sparse,25,3025,free,gaussian,8,om_V,0.1934788721551105,0.2,-3.260563922444726,-187.598394719037,2581.675279328313,21750,True,9.886735916137695,9.83010699999977
sparse,25,3025,free,gaussian,8,om_ka,0.183062362200512,0.4,-54.234409449872,-187.598394719037,2581.675279328313,21750,True,9.886735916137695,9.83010699999977
sparse,25,3025,free,gaussian,8,sigma,0.2469284041875805,0.2,23.464202093790284,-187.598394719037,2581.675279328313,21750,True,9.886735916137695,9.83010699999977
sparse,25,3025,free,gaussian,64,CL,2.9415780827800644,3.0,-1.9473972406645208,-186.54722011310295,2280.837421031892,15750,True,21.24600100517273,21.09848199999942
sparse,25,3025,free,gaussian,64,V,29.474944565748363,30.0,-1.7501847808387911,-186.54722011310295,2280.837421031892,15750,True,21.24600100517273,21.09848199999942
sparse,25,3025,free,gaussian,64,ka,1.1034503571407293,1.2,-8.045803571605893,-186.54722011310295,2280.837421031892,15750,True,21.24600100517273,21.09848199999942
sparse,25,3025,free,gaussian,64,om_CL,0.2834676868278905,0.3,-5.51077105736982,-186.54722011310295,2280.837421031892,15750,True,21.24600100517273,21.09848199999942
sparse,25,3025,free,gaussian,64,om_V,0.2107500688101996,0.2,5.3750344050998295,-186.54722011310295,2280.837421031892,15750,True,21.24600100517273,21.09848199999942
sparse,25,3025,free,gaussian,64,om_ka,0.3004872508233295,0.4,-24.87818729416763,-186.54722011310295,2280.837421031892,15750,True,21.24600100517273,21.09848199999942
sparse,25,3025,free,gaussian,64,sigma,0.2211496025860567,0.2,10.574801293028372,-186.54722011310295,2280.837421031892,15750,True,21.24600100517273,21.09848199999942
sparse,25,3025,amortized,gaussian,1,CL,2.9306901616102072,3.0,-2.3103279463264257,-200.09140738242493,3803.193028801258,23750,True,12.431756973266602,12.35613100000046
sparse,25,3025,amortized,gaussian,1,V,28.61533961390152,30.0,-4.615534620328259,-200.09140738242493,3803.193028801258,23750,True,12.431756973266602,12.35613100000046
sparse,25,3025,amortized,gaussian,1,ka,1.090790872409641,1.2,-9.10076063252992,-200.09140738242493,3803.193028801258,23750,True,12.431756973266602,12.35613100000046
sparse,25,3025,amortized,gaussian,1,om_CL,0.2845014099302986,0.3,-5.166196689900463,-200.09140738242493,3803.193028801258,23750,True,12.431756973266602,12.35613100000046
sparse,25,3025,amortized,gaussian,1,om_V,0.0158527298054614,0.2,-92.07363509726926,-200.09140738242493,3803.193028801258,23750,True,12.431756973266602,12.35613100000046
sparse,25,3025,amortized,gaussian,1,om_ka,0.33994857154456,0.4,-15.01285711386001,-200.09140738242493,3803.193028801258,23750,True,12.431756973266602,12.35613100000046
sparse,25,3025,amortized,gaussian,1,sigma,0.2928610369144063,0.2,46.43051845720316,-200.09140738242493,3803.193028801258,23750,True,12.431756973266602,12.35613100000046
sparse,25,3025,amortized,gaussian,8,CL,2.936476339865957,3.0,-2.1174553378014473,-188.70036270568545,2659.71418576465,17500,True,11.232300996780396,11.167662000000746
sparse,25,3025,amortized,gaussian,8,V,29.369229176217484,30.0,-2.102569412608387,-188.70036270568545,2659.71418576465,17500,True,11.232300996780396,11.167662000000746
sparse,25,3025,amortized,gaussian,8,ka,1.132488797072005,1.2,-5.625933577332913,-188.70036270568545,2659.71418576465,17500,True,11.232300996780396,11.167662000000746
sparse,25,3025,amortized,gaussian,8,om_CL,0.2720896630578923,0.3,-9.303445647369236,-188.70036270568545,2659.71418576465,17500,True,11.232300996780396,11.167662000000746
sparse,25,3025,amortized,gaussian,8,om_V,0.1809237465544768,0.2,-9.538126722761607,-188.70036270568545,2659.71418576465,17500,True,11.232300996780396,11.167662000000746
sparse,25,3025,amortized,gaussian,8,om_ka,0.1641203094432321,0.4,-58.96992263919197,-188.70036270568545,2659.71418576465,17500,True,11.232300996780396,11.167662000000746
sparse,25,3025,amortized,gaussian,8,sigma,0.2575690006440247,0.2,28.784500322012352,-188.70036270568545,2659.71418576465,17500,True,11.232300996780396,11.167662000000746
sparse,25,3025,amortized,gaussian,64,CL,2.9132759389793774,3.0,-2.8908020340207528,-186.13809962378167,2263.9389179852046,17500,True,27.740293979644775,27.574281000000155
sparse,25,3025,amortized,gaussian,64,V,29.513333568062983,30.0,-1.6222214397900576,-186.13809962378167,2263.9389179852046,17500,True,27.740293979644775,27.574281000000155
sparse,25,3025,amortized,gaussian,64,ka,1.1172981566062778,1.2,-6.891820282810176,-186.13809962378167,2263.9389179852046,17500,True,27.740293979644775,27.574281000000155
sparse,25,3025,amortized,gaussian,64,om_CL,0.2870404583885937,0.3,-4.319847203802074,-186.13809962378167,2263.9389179852046,17500,True,27.740293979644775,27.574281000000155
sparse,25,3025,amortized,gaussian,64,om_V,0.2148243503937948,0.2,7.412175196897408,-186.13809962378167,2263.9389179852046,17500,True,27.740293979644775,27.574281000000155
sparse,25,3025,amortized,gaussian,64,om_ka,0.3020300555402914,0.4,-24.492486114927157,-186.13809962378167,2263.9389179852046,17500,True,27.740293979644775,27.574281000000155
sparse,25,3025,amortized,gaussian,64,sigma,0.2217283212564159,0.2,10.86416062820794,-186.13809962378167,2263.9389179852046,17500,True,27.740293979644775,27.574281000000155
sparse,26,3026,free,gaussian,1,CL,2.991211769685124,3.0,-0.2929410104958692,-185.37909166251748,3613.624833266899,18250,True,6.358108282089233,6.275548999999955
sparse,26,3026,free,gaussian,1,V,28.08412999140807,30.0,-6.386233361973102,-185.37909166251748,3613.624833266899,18250,True,6.358108282089233,6.275548999999955
sparse,26,3026,free,gaussian,1,ka,1.1829378788045035,1.2,-1.421843432958018,-185.37909166251748,3613.624833266899,18250,True,6.358108282089233,6.275548999999955
sparse,26,3026,free,gaussian,1,om_CL,0.2975138401694911,0.3,-0.8287199435029573,-185.37909166251748,3613.624833266899,18250,True,6.358108282089233,6.275548999999955
sparse,26,3026,free,gaussian,1,om_V,0.0217511015669326,0.2,-89.12444921653369,-185.37909166251748,3613.624833266899,18250,True,6.358108282089233,6.275548999999955
sparse,26,3026,free,gaussian,1,om_ka,0.4053592633346212,0.4,1.3398158336553057,-185.37909166251748,3613.624833266899,18250,True,6.358108282089233,6.275548999999955
sparse,26,3026,free,gaussian,1,sigma,0.2571265057710356,0.2,28.563252885517805,-185.37909166251748,3613.624833266899,18250,True,6.358108282089233,6.275548999999955
sparse,26,3026,free,gaussian,8,CL,2.962238061798815,3.0,-1.25873127337283,-177.435055455611,2286.616654570282,18500,True,8.411890983581543,8.364840000000186
sparse,26,3026,free,gaussian,8,V,27.84496638469287,30.0,-7.183445384357086,-177.435055455611,2286.616654570282,18500,True,8.411890983581543,8.364840000000186
sparse,26,3026,free,gaussian,8,ka,1.1931214448142855,1.2,-0.5732129321428525,-177.435055455611,2286.616654570282,18500,True,8.411890983581543,8.364840000000186
sparse,26,3026,free,gaussian,8,om_CL,0.2861045721309328,0.3,-4.631809289689056,-177.435055455611,2286.616654570282,18500,True,8.411890983581543,8.364840000000186
sparse,26,3026,free,gaussian,8,om_V,0.1489158506692827,0.2,-25.542074665358623,-177.435055455611,2286.616654570282,18500,True,8.411890983581543,8.364840000000186
sparse,26,3026,free,gaussian,8,om_ka,0.3502645337975397,0.4,-12.433866550615084,-177.435055455611,2286.616654570282,18500,True,8.411890983581543,8.364840000000186
sparse,26,3026,free,gaussian,8,sigma,0.2222878951501532,0.2,11.143947575076629,-177.435055455611,2286.616654570282,18500,True,8.411890983581543,8.364840000000186
sparse,26,3026,free,gaussian,64,CL,2.9191762619009385,3.0,-2.6941246033020505,-175.56466878101642,2170.183102819642,9750,True,13.137731075286863,13.061725999999908
sparse,26,3026,free,gaussian,64,V,28.38017403692541,30.0,-5.399419876915299,-175.56466878101642,2170.183102819642,9750,True,13.137731075286863,13.061725999999908
sparse,26,3026,free,gaussian,64,ka,1.216343813935988,1.2,1.36198449466568,-175.56466878101642,2170.183102819642,9750,True,13.137731075286863,13.061725999999908
sparse,26,3026,free,gaussian,64,om_CL,0.2820060864155249,0.3,-5.997971194825036,-175.56466878101642,2170.183102819642,9750,True,13.137731075286863,13.061725999999908
sparse,26,3026,free,gaussian,64,om_V,0.1770449934565013,0.2,-11.477503271749343,-175.56466878101642,2170.183102819642,9750,True,13.137731075286863,13.061725999999908
sparse,26,3026,free,gaussian,64,om_ka,0.3829067600183882,0.4,-4.273309995402957,-175.56466878101642,2170.183102819642,9750,True,13.137731075286863,13.061725999999908
sparse,26,3026,free,gaussian,64,sigma,0.2116190716591865,0.2,5.809535829593259,-175.56466878101642,2170.183102819642,9750,True,13.137731075286863,13.061725999999908
sparse,26,3026,amortized,gaussian,1,CL,3.035790676927193,3.0,1.1930225642397652,-189.60770759204956,2049.7782487267814,24500,True,12.857932806015016,12.760031000000708
sparse,26,3026,amortized,gaussian,1,V,29.35332657897016,30.0,-2.155578070099473,-189.60770759204956,2049.7782487267814,24500,True,12.857932806015016,12.760031000000708
sparse,26,3026,amortized,gaussian,1,ka,1.155299419886851,1.2,-3.72504834276242,-189.60770759204956,2049.7782487267814,24500,True,12.857932806015016,12.760031000000708
sparse,26,3026,amortized,gaussian,1,om_CL,0.2826634629233201,0.3,-5.778845692226623,-189.60770759204956,2049.7782487267814,24500,True,12.857932806015016,12.760031000000708
sparse,26,3026,amortized,gaussian,1,om_V,0.0480785821679883,0.2,-75.96070891600584,-189.60770759204956,2049.7782487267814,24500,True,12.857932806015016,12.760031000000708
sparse,26,3026,amortized,gaussian,1,om_ka,0.2420663810317659,0.4,-39.48340474205852,-189.60770759204956,2049.7782487267814,24500,True,12.857932806015016,12.760031000000708
sparse,26,3026,amortized,gaussian,1,sigma,0.2966442701091192,0.2,48.322135054559624,-189.60770759204956,2049.7782487267814,24500,True,12.857932806015016,12.760031000000708
sparse,26,3026,amortized,gaussian,8,CL,2.938193373310156,3.0,-2.0602208896614607,-177.73119658616272,2361.318844715859,17500,True,11.257739067077637,11.192340999999942
sparse,26,3026,amortized,gaussian,8,V,28.35492028396428,30.0,-5.483599053452402,-177.73119658616272,2361.318844715859,17500,True,11.257739067077637,11.192340999999942
sparse,26,3026,amortized,gaussian,8,ka,1.2297272885475152,1.2,2.477274045626273,-177.73119658616272,2361.318844715859,17500,True,11.257739067077637,11.192340999999942
sparse,26,3026,amortized,gaussian,8,om_CL,0.2839464672234787,0.3,-5.351177592173739,-177.73119658616272,2361.318844715859,17500,True,11.257739067077637,11.192340999999942
sparse,26,3026,amortized,gaussian,8,om_V,0.1333980453143783,0.2,-33.30097734281086,-177.73119658616272,2361.318844715859,17500,True,11.257739067077637,11.192340999999942
sparse,26,3026,amortized,gaussian,8,om_ka,0.4116182094176318,0.4,2.904552354407952,-177.73119658616272,2361.318844715859,17500,True,11.257739067077637,11.192340999999942
sparse,26,3026,amortized,gaussian,8,sigma,0.2232555009590092,0.2,11.627750479504607,-177.73119658616272,2361.318844715859,17500,True,11.257739067077637,11.192340999999942
sparse,26,3026,amortized,gaussian,64,CL,2.9803260023646256,3.0,-0.6557999211791454,-175.58371121040892,2004.5708220529543,15500,True,24.757802963256836,24.580810999999812
sparse,26,3026,amortized,gaussian,64,V,28.24227750819254,30.0,-5.859074972691532,-175.58371121040892,2004.5708220529543,15500,True,24.757802963256836,24.580810999999812
sparse,26,3026,amortized,gaussian,64,ka,1.2230732707974978,1.2,1.9227725664581568,-175.58371121040892,2004.5708220529543,15500,True,24.757802963256836,24.580810999999812
sparse,26,3026,amortized,gaussian,64,om_CL,0.2806079339933637,0.3,-6.464022002212078,-175.58371121040892,2004.5708220529543,15500,True,24.757802963256836,24.580810999999812
sparse,26,3026,amortized,gaussian,64,om_V,0.1770178984679946,0.2,-11.491050766002694,-175.58371121040892,2004.5708220529543,15500,True,24.757802963256836,24.580810999999812
sparse,26,3026,amortized,gaussian,64,om_ka,0.4120583721875163,0.4,3.01459304687908,-175.58371121040892,2004.5708220529543,15500,True,24.757802963256836,24.580810999999812
sparse,26,3026,amortized,gaussian,64,sigma,0.2060837068549964,0.2,3.0418534274982005,-175.58371121040892,2004.5708220529543,15500,True,24.757802963256836,24.580810999999812
sparse,27,3027,free,gaussian,1,CL,3.105493994164902,3.0,3.5164664721634007,-209.51898424387284,3405.05406399015,23750,True,8.110610008239746,8.068427999999585
sparse,27,3027,free,gaussian,1,V,28.780631878147517,30.0,-4.064560406174944,-209.51898424387284,3405.05406399015,23750,True,8.110610008239746,8.068427999999585
sparse,27,3027,free,gaussian,1,ka,1.2039380878150854,1.2,0.3281739845904519,-209.51898424387284,3405.05406399015,23750,True,8.110610008239746,8.068427999999585
sparse,27,3027,free,gaussian,1,om_CL,0.2803248480925454,0.3,-6.558383969151538,-209.51898424387284,3405.05406399015,23750,True,8.110610008239746,8.068427999999585
sparse,27,3027,free,gaussian,1,om_V,0.0308150396921325,0.2,-84.5924801539337,-209.51898424387284,3405.05406399015,23750,True,8.110610008239746,8.068427999999585
sparse,27,3027,free,gaussian,1,om_ka,0.4688715355516834,0.4,17.21788388792085,-209.51898424387284,3405.05406399015,23750,True,8.110610008239746,8.068427999999585
sparse,27,3027,free,gaussian,1,sigma,0.284751071197837,0.2,42.37553559891848,-209.51898424387284,3405.05406399015,23750,True,8.110610008239746,8.068427999999585
sparse,27,3027,free,gaussian,8,CL,3.136386506615809,3.0,4.54621688719364,-203.71337316588563,2671.5557912475706,24000,True,10.876121997833252,10.809761999999864
sparse,27,3027,free,gaussian,8,V,28.803858002888756,30.0,-3.987139990370814,-203.71337316588563,2671.5557912475706,24000,True,10.876121997833252,10.809761999999864
sparse,27,3027,free,gaussian,8,ka,1.2454048147427297,1.2,3.7837345618941254,-203.71337316588563,2671.5557912475706,24000,True,10.876121997833252,10.809761999999864
sparse,27,3027,free,gaussian,8,om_CL,0.2747489598130381,0.3,-8.417013395653948,-203.71337316588563,2671.5557912475706,24000,True,10.876121997833252,10.809761999999864
sparse,27,3027,free,gaussian,8,om_V,0.1126419155210707,0.2,-43.67904223946466,-203.71337316588563,2671.5557912475706,24000,True,10.876121997833252,10.809761999999864
sparse,27,3027,free,gaussian,8,om_ka,0.5133761564003326,0.4,28.344039100083148,-203.71337316588563,2671.5557912475706,24000,True,10.876121997833252,10.809761999999864
sparse,27,3027,free,gaussian,8,sigma,0.2478750183351406,0.2,23.93750916757033,-203.71337316588563,2671.5557912475706,24000,True,10.876121997833252,10.809761999999864
sparse,27,3027,free,gaussian,64,CL,3.097006050437676,3.0,3.233535014589206,-200.2426554027918,2067.6620556222033,14750,True,19.772214889526367,19.65131199999996
sparse,27,3027,free,gaussian,64,V,29.370869132595004,30.0,-2.097102891349986,-200.2426554027918,2067.6620556222033,14750,True,19.772214889526367,19.65131199999996
sparse,27,3027,free,gaussian,64,ka,1.3033764309786915,1.2,8.614702581557648,-200.2426554027918,2067.6620556222033,14750,True,19.772214889526367,19.65131199999996
sparse,27,3027,free,gaussian,64,om_CL,0.2835709660719611,0.3,-5.476344642679617,-200.2426554027918,2067.6620556222033,14750,True,19.772214889526367,19.65131199999996
sparse,27,3027,free,gaussian,64,om_V,0.1755713142931669,0.2,-12.214342853416534,-200.2426554027918,2067.6620556222033,14750,True,19.772214889526367,19.65131199999996
sparse,27,3027,free,gaussian,64,om_ka,0.5021976179327827,0.4,25.549404483195673,-200.2426554027918,2067.6620556222033,14750,True,19.772214889526367,19.65131199999996
sparse,27,3027,free,gaussian,64,sigma,0.2267012806551173,0.2,13.35064032755867,-200.2426554027918,2067.6620556222033,14750,True,19.772214889526367,19.65131199999996
sparse,27,3027,amortized,gaussian,1,CL,3.151487520245019,3.0,5.049584008167314,-210.82691912828784,3419.589065104281,15500,True,8.116915941238403,8.056555999999546
sparse,27,3027,amortized,gaussian,1,V,29.211255688843607,30.0,-2.629147703854642,-210.82691912828784,3419.589065104281,15500,True,8.116915941238403,8.056555999999546
sparse,27,3027,amortized,gaussian,1,ka,1.2092067309233634,1.2,0.7672275769469532,-210.82691912828784,3419.589065104281,15500,True,8.116915941238403,8.056555999999546
sparse,27,3027,amortized,gaussian,1,om_CL,0.2744572175453481,0.3,-8.514260818217306,-210.82691912828784,3419.589065104281,15500,True,8.116915941238403,8.056555999999546
sparse,27,3027,amortized,gaussian,1,om_V,0.0357375517139949,0.2,-82.13122414300254,-210.82691912828784,3419.589065104281,15500,True,8.116915941238403,8.056555999999546
sparse,27,3027,amortized,gaussian,1,om_ka,0.3971059361351596,0.4,-0.7235159662101059,-210.82691912828784,3419.589065104281,15500,True,8.116915941238403,8.056555999999546
sparse,27,3027,amortized,gaussian,1,sigma,0.2927853160818346,0.2,46.392658040917325,-210.82691912828784,3419.589065104281,15500,True,8.116915941238403,8.056555999999546
sparse,27,3027,amortized,gaussian,8,CL,3.1406409962783006,3.0,4.688033209276687,-203.90609121870816,2743.4686600476757,17250,True,11.028325080871582,10.954617999999757
sparse,27,3027,amortized,gaussian,8,V,28.46080343068203,30.0,-5.130655231059886,-203.90609121870816,2743.4686600476757,17250,True,11.028325080871582,10.954617999999757
sparse,27,3027,amortized,gaussian,8,ka,1.2463425258592322,1.2,3.861877154936022,-203.90609121870816,2743.4686600476757,17250,True,11.028325080871582,10.954617999999757
sparse,27,3027,amortized,gaussian,8,om_CL,0.2756404348710913,0.3,-8.119855042969544,-203.90609121870816,2743.4686600476757,17250,True,11.028325080871582,10.954617999999757
sparse,27,3027,amortized,gaussian,8,om_V,0.1148147721650164,0.2,-42.59261391749179,-203.90609121870816,2743.4686600476757,17250,True,11.028325080871582,10.954617999999757
sparse,27,3027,amortized,gaussian,8,om_ka,0.5233957659881574,0.4,30.84894149703934,-203.90609121870816,2743.4686600476757,17250,True,11.028325080871582,10.954617999999757
sparse,27,3027,amortized,gaussian,8,sigma,0.2454987917582953,0.2,22.749395879147663,-203.90609121870816,2743.4686600476757,17250,True,11.028325080871582,10.954617999999757
sparse,27,3027,amortized,gaussian,64,CL,3.1717283772689253,3.0,5.72427924229751,-200.3460246511692,1963.4010347642443,3250,True,5.248032093048096,5.174559999999474
sparse,27,3027,amortized,gaussian,64,V,28.69096468222467,30.0,-4.363451059251097,-200.3460246511692,1963.4010347642443,3250,True,5.248032093048096,5.174559999999474
sparse,27,3027,amortized,gaussian,64,ka,1.281136965073274,1.2,6.761413756106172,-200.3460246511692,1963.4010347642443,3250,True,5.248032093048096,5.174559999999474
sparse,27,3027,amortized,gaussian,64,om_CL,0.2788745114320909,0.3,-7.04182952263636,-200.3460246511692,1963.4010347642443,3250,True,5.248032093048096,5.174559999999474
sparse,27,3027,amortized,gaussian,64,om_V,0.1879947480101989,0.2,-6.002625994900521,-200.3460246511692,1963.4010347642443,3250,True,5.248032093048096,5.174559999999474
sparse,27,3027,amortized,gaussian,64,om_ka,0.5027940768213377,0.4,25.698519205334417,-200.3460246511692,1963.4010347642443,3250,True,5.248032093048096,5.174559999999474
sparse,27,3027,amortized,gaussian,64,sigma,0.2177892371822462,0.2,8.894618591123088,-200.3460246511692,1963.4010347642443,3250,True,5.248032093048096,5.174559999999474
sparse,28,3028,free,gaussian,1,CL,3.0745726579839143,3.0,2.485755266130478,-184.48485707278272,3774.619030122895,21750,True,7.39308500289917,7.3582779999997
sparse,28,3028,free,gaussian,1,V,29.35015095218896,30.0,-2.166163492703473,-184.48485707278272,3774.619030122895,21750,True,7.39308500289917,7.3582779999997
sparse,28,3028,free,gaussian,1,ka,1.174287324223056,1.2,-2.142722981411993,-184.48485707278272,3774.619030122895,21750,True,7.39308500289917,7.3582779999997
sparse,28,3028,free,gaussian,1,om_CL,0.3103735983343105,0.3,3.457866111436836,-184.48485707278272,3774.619030122895,21750,True,7.39308500289917,7.3582779999997
sparse,28,3028,free,gaussian,1,om_V,0.0194932415822313,0.2,-90.25337920888434,-184.48485707278272,3774.619030122895,21750,True,7.39308500289917,7.3582779999997
sparse,28,3028,free,gaussian,1,om_ka,0.2998935739523505,0.4,-25.026606511912377,-184.48485707278272,3774.619030122895,21750,True,7.39308500289917,7.3582779999997
sparse,28,3028,free,gaussian,1,sigma,0.2619741839827008,0.2,30.987091991350383,-184.48485707278272,3774.619030122895,21750,True,7.39308500289917,7.3582779999997
sparse,28,3028,free,gaussian,8,CL,3.0914117606629077,3.0,3.0470586887635895,-170.90412889129277,2365.5973373607585,17500,True,7.921449184417725,7.8841700000002675
sparse,28,3028,free,gaussian,8,V,29.5948720773979,30.0,-1.350426408673672,-170.90412889129277,2365.5973373607585,17500,True,7.921449184417725,7.8841700000002675
sparse,28,3028,free,gaussian,8,ka,1.1987480640297088,1.2,-0.1043279975242635,-170.90412889129277,2365.5973373607585,17500,True,7.921449184417725,7.8841700000002675
sparse,28,3028,free,gaussian,8,om_CL,0.3134327924217664,0.3,4.4775974739221605,-170.90412889129277,2365.5973373607585,17500,True,7.921449184417725,7.8841700000002675
sparse,28,3028,free,gaussian,8,om_V,0.1833177810105809,0.2,-8.341109494709537,-170.90412889129277,2365.5973373607585,17500,True,7.921449184417725,7.8841700000002675
sparse,28,3028,free,gaussian,8,om_ka,0.1687432653587342,0.4,-57.814183660316445,-170.90412889129277,2365.5973373607585,17500,True,7.921449184417725,7.8841700000002675
sparse,28,3028,free,gaussian,8,sigma,0.207873710663221,0.2,3.936855331610492,-170.90412889129277,2365.5973373607585,17500,True,7.921449184417725,7.8841700000002675
sparse,28,3028,free,gaussian,64,CL,3.0229696912085497,3.0,0.765656373618325,-170.2116054253845,2012.0756191206056,10000,True,13.42295503616333,13.35641399999986
sparse,28,3028,free,gaussian,64,V,29.449339229829366,30.0,-1.8355359005687788,-170.2116054253845,2012.0756191206056,10000,True,13.42295503616333,13.35641399999986
sparse,28,3028,free,gaussian,64,ka,1.2182918258844482,1.2,1.5243188237040184,-170.2116054253845,2012.0756191206056,10000,True,13.42295503616333,13.35641399999986
sparse,28,3028,free,gaussian,64,om_CL,0.3198379918568541,0.3,6.612663952284715,-170.2116054253845,2012.0756191206056,10000,True,13.42295503616333,13.35641399999986
sparse,28,3028,free,gaussian,64,om_V,0.1976628656046623,0.2,-1.168567197668821,-170.2116054253845,2012.0756191206056,10000,True,13.42295503616333,13.35641399999986
sparse,28,3028,free,gaussian,64,om_ka,0.3009349576500683,0.4,-24.766260587482936,-170.2116054253845,2012.0756191206056,10000,True,13.42295503616333,13.35641399999986
sparse,28,3028,free,gaussian,64,sigma,0.1847024745397321,0.2,-7.648762730133942,-170.2116054253845,2012.0756191206056,10000,True,13.42295503616333,13.35641399999986
sparse,28,3028,amortized,gaussian,1,CL,3.098417267922846,3.0,3.2805755974282036,-184.52719491348273,3839.069796705253,21000,True,10.988291025161743,10.930100999999922
sparse,28,3028,amortized,gaussian,1,V,29.282754999258167,30.0,-2.390816669139445,-184.52719491348273,3839.069796705253,21000,True,10.988291025161743,10.930100999999922
sparse,28,3028,amortized,gaussian,1,ka,1.17197112953122,1.2,-2.3357392057316573,-184.52719491348273,3839.069796705253,21000,True,10.988291025161743,10.930100999999922
sparse,28,3028,amortized,gaussian,1,om_CL,0.316481384740369,0.3,5.493794913456344,-184.52719491348273,3839.069796705253,21000,True,10.988291025161743,10.930100999999922
sparse,28,3028,amortized,gaussian,1,om_V,0.0067084741042949,0.2,-96.64576294785252,-184.52719491348273,3839.069796705253,21000,True,10.988291025161743,10.930100999999922
sparse,28,3028,amortized,gaussian,1,om_ka,0.315965165555833,0.4,-21.008708611041744,-184.52719491348273,3839.069796705253,21000,True,10.988291025161743,10.930100999999922
sparse,28,3028,amortized,gaussian,1,sigma,0.2606235422132795,0.2,30.31177110663974,-184.52719491348273,3839.069796705253,21000,True,10.988291025161743,10.930100999999922
sparse,28,3028,amortized,gaussian,8,CL,3.109330963631349,3.0,3.644365454378295,-171.63680332190214,2212.2225799768935,17750,True,11.431497812271118,11.368983000000298
sparse,28,3028,amortized,gaussian,8,V,30.112161720597484,30.0,0.3738724019916143,-171.63680332190214,2212.2225799768935,17750,True,11.431497812271118,11.368983000000298
sparse,28,3028,amortized,gaussian,8,ka,1.1854943538991152,1.2,-1.2088038417403988,-171.63680332190214,2212.2225799768935,17750,True,11.431497812271118,11.368983000000298
sparse,28,3028,amortized,gaussian,8,om_CL,0.3092241775997103,0.3,3.0747258665701125,-171.63680332190214,2212.2225799768935,17750,True,11.431497812271118,11.368983000000298
sparse,28,3028,amortized,gaussian,8,om_V,0.1878781375389595,0.2,-6.060931230520219,-171.63680332190214,2212.2225799768935,17750,True,11.431497812271118,11.368983000000298
sparse,28,3028,amortized,gaussian,8,om_ka,0.1258142797533211,0.4,-68.54643006166971,-171.63680332190214,2212.2225799768935,17750,True,11.431497812271118,11.368983000000298
sparse,28,3028,amortized,gaussian,8,sigma,0.2147546158759614,0.2,7.377307937980692,-171.63680332190214,2212.2225799768935,17750,True,11.431497812271118,11.368983000000298
sparse,28,3028,amortized,gaussian,64,CL,3.087367123481095,3.0,2.9122374493698366,-170.3674950214771,2017.4742541768655,24000,True,38.097468852996826,37.844866999999795
sparse,28,3028,amortized,gaussian,64,V,29.45032212348275,30.0,-1.832259588390836,-170.3674950214771,2017.4742541768655,24000,True,38.097468852996826,37.844866999999795
sparse,28,3028,amortized,gaussian,64,ka,1.1895731079492602,1.2,-0.8689076708949806,-170.3674950214771,2017.4742541768655,24000,True,38.097468852996826,37.844866999999795
sparse,28,3028,amortized,gaussian,64,om_CL,0.3162864635064836,0.3,5.428821168827888,-170.3674950214771,2017.4742541768655,24000,True,38.097468852996826,37.844866999999795
sparse,28,3028,amortized,gaussian,64,om_V,0.1983227174080574,0.2,-0.8386412959712902,-170.3674950214771,2017.4742541768655,24000,True,38.097468852996826,37.844866999999795
sparse,28,3028,amortized,gaussian,64,om_ka,0.2966926667405121,0.4,-25.82683331487197,-170.3674950214771,2017.4742541768655,24000,True,38.097468852996826,37.844866999999795
sparse,28,3028,amortized,gaussian,64,sigma,0.1915337585433393,0.2,-4.233120728330347,-170.3674950214771,2017.4742541768655,24000,True,38.097468852996826,37.844866999999795
sparse,29,3029,free,gaussian,1,CL,3.1636610174782196,3.0,5.455367249273986,-194.06930819332536,3616.2601855527514,17000,True,5.902121067047119,5.818267999999989
sparse,29,3029,free,gaussian,1,V,30.218795127999037,30.0,0.7293170933301241,-194.06930819332536,3616.2601855527514,17000,True,5.902121067047119,5.818267999999989
sparse,29,3029,free,gaussian,1,ka,1.2157152729135972,1.2,1.3096060761331,-194.06930819332536,3616.2601855527514,17000,True,5.902121067047119,5.818267999999989
sparse,29,3029,free,gaussian,1,om_CL,0.2776021903906007,0.3,-7.465936536466415,-194.06930819332536,3616.2601855527514,17000,True,5.902121067047119,5.818267999999989
sparse,29,3029,free,gaussian,1,om_V,0.0361249070125924,0.2,-81.93754649370379,-194.06930819332536,3616.2601855527514,17000,True,5.902121067047119,5.818267999999989
sparse,29,3029,free,gaussian,1,om_ka,0.3467120530203728,0.4,-13.32198674490681,-194.06930819332536,3616.2601855527514,17000,True,5.902121067047119,5.818267999999989
sparse,29,3029,free,gaussian,1,sigma,0.2821617237949417,0.2,41.08086189747084,-194.06930819332536,3616.2601855527514,17000,True,5.902121067047119,5.818267999999989
sparse,29,3029,free,gaussian,8,CL,3.150416387674907,3.0,5.013879589163572,-181.66483300444307,2212.1321468452834,12250,True,5.287394046783447,5.282503000000361
sparse,29,3029,free,gaussian,8,V,30.91901420784509,30.0,3.0633806928169705,-181.66483300444307,2212.1321468452834,12250,True,5.287394046783447,5.282503000000361
sparse,29,3029,free,gaussian,8,ka,1.2422658477563953,1.2,3.522153979699609,-181.66483300444307,2212.1321468452834,12250,True,5.287394046783447,5.282503000000361
sparse,29,3029,free,gaussian,8,om_CL,0.2740079013857379,0.3,-8.664032871420684,-181.66483300444307,2212.1321468452834,12250,True,5.287394046783447,5.282503000000361
sparse,29,3029,free,gaussian,8,om_V,0.1968075102491679,0.2,-1.596244875416042,-181.66483300444307,2212.1321468452834,12250,True,5.287394046783447,5.282503000000361
sparse,29,3029,free,gaussian,8,om_ka,0.2617514988869094,0.4,-34.56212527827264,-181.66483300444307,2212.1321468452834,12250,True,5.287394046783447,5.282503000000361
sparse,29,3029,free,gaussian,8,sigma,0.2348915277470578,0.2,17.445763873528904,-181.66483300444307,2212.1321468452834,12250,True,5.287394046783447,5.282503000000361
sparse,29,3029,free,gaussian,64,CL,3.115378396813013,3.0,3.8459465604337626,-181.5231372186329,2206.0552484263894,12000,True,15.187824010849,15.185293999999883
sparse,29,3029,free,gaussian,64,V,30.403986922808116,30.0,1.346623076027053,-181.5231372186329,2206.0552484263894,12000,True,15.187824010849,15.185293999999883
sparse,29,3029,free,gaussian,64,ka,1.2558350424040656,1.2,4.652920200338806,-181.5231372186329,2206.0552484263894,12000,True,15.187824010849,15.185293999999883
sparse,29,3029,free,gaussian,64,om_CL,0.2875623769371606,0.3,-4.145874354279785,-181.5231372186329,2206.0552484263894,12000,True,15.187824010849,15.185293999999883
sparse,29,3029,free,gaussian,64,om_V,0.2088571721971891,0.2,4.428586098594547,-181.5231372186329,2206.0552484263894,12000,True,15.187824010849,15.185293999999883
sparse,29,3029,free,gaussian,64,om_ka,0.3082067240053561,0.4,-22.94831899866097,-181.5231372186329,2206.0552484263894,12000,True,15.187824010849,15.185293999999883
sparse,29,3029,free,gaussian,64,sigma,0.2100428142006011,0.2,5.021407100300551,-181.5231372186329,2206.0552484263894,12000,True,15.187824010849,15.185293999999883
sparse,29,3029,amortized,gaussian,1,CL,3.1746957374590075,3.0,5.823191248633582,-193.93044860840385,3678.329662033949,25000,False,12.384395837783812,12.383108999999422
sparse,29,3029,amortized,gaussian,1,V,30.175014464500187,30.0,0.5833815483339558,-193.93044860840385,3678.329662033949,25000,False,12.384395837783812,12.383108999999422
sparse,29,3029,amortized,gaussian,1,ka,1.2022250415864542,1.2,0.1854201322045168,-193.93044860840385,3678.329662033949,25000,False,12.384395837783812,12.383108999999422
sparse,29,3029,amortized,gaussian,1,om_CL,0.275665036059565,0.3,-8.111654646811665,-193.93044860840385,3678.329662033949,25000,False,12.384395837783812,12.383108999999422
sparse,29,3029,amortized,gaussian,1,om_V,0.0371120643218982,0.2,-81.4439678390509,-193.93044860840385,3678.329662033949,25000,False,12.384395837783812,12.383108999999422
sparse,29,3029,amortized,gaussian,1,om_ka,0.3541265212473611,0.4,-11.46836968815973,-193.93044860840385,3678.329662033949,25000,False,12.384395837783812,12.383108999999422
sparse,29,3029,amortized,gaussian,1,sigma,0.2841743416143888,0.2,42.0871708071944,-193.93044860840385,3678.329662033949,25000,False,12.384395837783812,12.383108999999422
sparse,29,3029,amortized,gaussian,8,CL,3.083760155676549,3.0,2.792005189218294,-183.73323824059923,2494.542328845685,18750,True,11.379606008529665,11.378580000000513
sparse,29,3029,amortized,gaussian,8,V,31.588106047242405,30.0,5.293686824141351,-183.73323824059923,2494.542328845685,18750,True,11.379606008529665,11.378580000000513
sparse,29,3029,amortized,gaussian,8,ka,1.2254446228958282,1.2,2.1203852413190227,-183.73323824059923,2494.542328845685,18750,True,11.379606008529665,11.378580000000513
sparse,29,3029,amortized,gaussian,8,om_CL,0.2822802788855999,0.3,-5.906573704800023,-183.73323824059923,2494.542328845685,18750,True,11.379606008529665,11.378580000000513
sparse,29,3029,amortized,gaussian,8,om_V,0.176781609061028,0.2,-11.609195469486007,-183.73323824059923,2494.542328845685,18750,True,11.379606008529665,11.378580000000513
sparse,29,3029,amortized,gaussian,8,om_ka,0.2684111756901849,0.4,-32.897206077453774,-183.73323824059923,2494.542328845685,18750,True,11.379606008529665,11.378580000000513
sparse,29,3029,amortized,gaussian,8,sigma,0.2261978918986645,0.2,13.09894594933228,-183.73323824059923,2494.542328845685,18750,True,11.379606008529665,11.378580000000513
sparse,29,3029,amortized,gaussian,64,CL,3.1774172711856377,3.0,5.913909039521255,-181.08111721825296,2200.6515257908572,25000,False,38.200982093811035,37.182521000000634
sparse,29,3029,amortized,gaussian,64,V,30.441982991913108,30.0,1.4732766397103585,-181.08111721825296,2200.6515257908572,25000,False,38.200982093811035,37.182521000000634
sparse,29,3029,amortized,gaussian,64,ka,1.2221954089753002,1.2,1.8496174146083548,-181.08111721825296,2200.6515257908572,25000,False,38.200982093811035,37.182521000000634
sparse,29,3029,amortized,gaussian,64,om_CL,0.2780165161134576,0.3,-7.3278279621807885,-181.08111721825296,2200.6515257908572,25000,False,38.200982093811035,37.182521000000634
sparse,29,3029,amortized,gaussian,64,om_V,0.205650148905774,0.2,2.825074452887016,-181.08111721825296,2200.6515257908572,25000,False,38.200982093811035,37.182521000000634
sparse,29,3029,amortized,gaussian,64,om_ka,0.3212600356540032,0.4,-19.684991086499195,-181.08111721825296,2200.6515257908572,25000,False,38.200982093811035,37.182521000000634
sparse,29,3029,amortized,gaussian,64,sigma,0.2179392041545722,0.2,8.9696020772861,-181.08111721825296,2200.6515257908572,25000,False,38.200982093811035,37.182521000000634
dense,0,3000,free,flow,1,CL,2.929138606398742,3.0,-2.3620464533752696,-192.8546121523212,3634.3123793695336,9500,True,38.36370587348938,37.371026
dense,0,3000,free,flow,1,V,29.85654879988632,30.0,-0.4781706670456032,-192.8546121523212,3634.3123793695336,9500,True,38.36370587348938,37.371026
dense,0,3000,free,flow,1,ka,1.179701519836717,1.2,-1.6915400136069405,-192.8546121523212,3634.3123793695336,9500,True,38.36370587348938,37.371026
dense,0,3000,free,flow,1,om_CL,0.331682112730789,0.3,10.560704243596362,-192.8546121523212,3634.3123793695336,9500,True,38.36370587348938,37.371026
dense,0,3000,free,flow,1,om_V,0.2157924631325306,0.2,7.896231566265301,-192.8546121523212,3634.3123793695336,9500,True,38.36370587348938,37.371026
dense,0,3000,free,flow,1,om_ka,0.3717563899347134,0.4,-7.0609025163216455,-192.8546121523212,3634.3123793695336,9500,True,38.36370587348938,37.371026
dense,0,3000,free,flow,1,sigma,0.2008369637800661,0.2,0.4184818900330733,-192.8546121523212,3634.3123793695336,9500,True,38.36370587348938,37.371026
dense,0,3000,free,flow,8,CL,2.9956267389171116,3.0,-0.1457753694296126,-194.54038089376593,1069.2988040643236,5250,True,6.457326889038086,6.371380000000002
dense,0,3000,free,flow,8,V,30.2007862267235,30.0,0.6692874224116707,-194.54038089376593,1069.2988040643236,5250,True,6.457326889038086,6.371380000000002
dense,0,3000,free,flow,8,ka,1.1289656095298384,1.2,-5.919532539180132,-194.54038089376593,1069.2988040643236,5250,True,6.457326889038086,6.371380000000002
dense,0,3000,free,flow,8,om_CL,0.3259251502754005,0.3,8.641716758466831,-194.54038089376593,1069.2988040643236,5250,True,6.457326889038086,6.371380000000002
dense,0,3000,free,flow,8,om_V,0.2125475934720618,0.2,6.273796736030929,-194.54038089376593,1069.2988040643236,5250,True,6.457326889038086,6.371380000000002
dense,0,3000,free,flow,8,om_ka,0.3535416148246947,0.4,-11.614596293826317,-194.54038089376593,1069.2988040643236,5250,True,6.457326889038086,6.371380000000002
dense,0,3000,free,flow,8,sigma,0.2026979546213539,0.2,1.3489773106769714,-194.54038089376593,1069.2988040643236,5250,True,6.457326889038086,6.371380000000002
dense,0,3000,free,flow,64,CL,2.8902595134786817,3.0,-3.658016217377277,-193.3198382773035,739.3488519048806,3250,True,15.031609058380129,14.900474000000004
dense,0,3000,free,flow,64,V,29.704833783850237,30.0,-0.9838873871658768,-193.3198382773035,739.3488519048806,3250,True,15.031609058380129,14.900474000000004
dense,0,3000,free,flow,64,ka,1.1926706755175809,1.2,-0.6107770402016082,-193.3198382773035,739.3488519048806,3250,True,15.031609058380129,14.900474000000004
dense,0,3000,free,flow,64,om_CL,0.3347541973335821,0.3,11.584732444527363,-193.3198382773035,739.3488519048806,3250,True,15.031609058380129,14.900474000000004
dense,0,3000,free,flow,64,om_V,0.2197862173235754,0.2,9.893108661787704,-193.3198382773035,739.3488519048806,3250,True,15.031609058380129,14.900474000000004
dense,0,3000,free,flow,64,om_ka,0.3506562473432682,0.4,-12.335938164182949,-193.3198382773035,739.3488519048806,3250,True,15.031609058380129,14.900474000000004
dense,0,3000,free,flow,64,sigma,0.1991297087768869,0.2,-0.4351456115565255,-193.3198382773035,739.3488519048806,3250,True,15.031609058380129,14.900474000000004
dense,1,3001,free,flow,1,CL,2.9483752480291243,3.0,-1.720825065695856,-185.79423248474177,3679.5583348304554,9750,True,40.503358364105225,40.06035599999999
dense,1,3001,free,flow,1,V,29.221685918581247,30.0,-2.594380271395842,-185.79423248474177,3679.5583348304554,9750,True,40.503358364105225,40.06035599999999
dense,1,3001,free,flow,1,ka,1.1332326355326334,1.2,-5.563947038947211,-185.79423248474177,3679.5583348304554,9750,True,40.503358364105225,40.06035599999999
dense,1,3001,free,flow,1,om_CL,0.3142243453007124,0.3,4.741448433570827,-185.79423248474177,3679.5583348304554,9750,True,40.503358364105225,40.06035599999999
dense,1,3001,free,flow,1,om_V,0.1689492434112138,0.2,-15.525378294393086,-185.79423248474177,3679.5583348304554,9750,True,40.503358364105225,40.06035599999999
dense,1,3001,free,flow,1,om_ka,0.4244474177473409,0.4,6.11185443683522,-185.79423248474177,3679.5583348304554,9750,True,40.503358364105225,40.06035599999999
dense,1,3001,free,flow,1,sigma,0.2029476742807826,0.2,1.4738371403912875,-185.79423248474177,3679.5583348304554,9750,True,40.503358364105225,40.06035599999999
dense,1,3001,free,flow,8,CL,2.994859262524877,3.0,-0.1713579158374371,-185.47331821472727,1929.8338401165056,10500,True,12.338253021240234,12.229175999999995
dense,1,3001,free,flow,8,V,29.19797023871547,30.0,-2.673432537615087,-185.47331821472727,1929.8338401165056,10500,True,12.338253021240234,12.229175999999995
dense,1,3001,free,flow,8,ka,1.152196277764052,1.2,-3.983643519662332,-185.47331821472727,1929.8338401165056,10500,True,12.338253021240234,12.229175999999995
dense,1,3001,free,flow,8,om_CL,0.3145502316636053,0.3,4.850077221201787,-185.47331821472727,1929.8338401165056,10500,True,12.338253021240234,12.229175999999995
dense,1,3001,free,flow,8,om_V,0.1524102721784668,0.2,-23.794863910766573,-185.47331821472727,1929.8338401165056,10500,True,12.338253021240234,12.229175999999995
dense,1,3001,free,flow,8,om_ka,0.4287945637363211,0.4,7.198640934080263,-185.47331821472727,1929.8338401165056,10500,True,12.338253021240234,12.229175999999995
dense,1,3001,free,flow,8,sigma,0.2033630513042456,0.2,1.6815256521228172,-185.47331821472727,1929.8338401165056,10500,True,12.338253021240234,12.229175999999995
dense,1,3001,free,flow,64,CL,2.884100578410289,3.0,-3.863314052990363,-186.4175720222273,1336.5878035495557,2750,True,12.4949209690094,12.370514999999996
dense,1,3001,free,flow,64,V,28.90523697058216,30.0,-3.64921009805947,-186.4175720222273,1336.5878035495557,2750,True,12.4949209690094,12.370514999999996
dense,1,3001,free,flow,64,ka,1.165514460162072,1.2,-2.8737949864940013,-186.4175720222273,1336.5878035495557,2750,True,12.4949209690094,12.370514999999996
dense,1,3001,free,flow,64,om_CL,0.3161813048767019,0.3,5.393768292233962,-186.4175720222273,1336.5878035495557,2750,True,12.4949209690094,12.370514999999996
dense,1,3001,free,flow,64,om_V,0.1615361140580069,0.2,-19.23194297099652,-186.4175720222273,1336.5878035495557,2750,True,12.4949209690094,12.370514999999996
dense,1,3001,free,flow,64,om_ka,0.44106860473556,0.4,10.267151183890002,-186.4175720222273,1336.5878035495557,2750,True,12.4949209690094,12.370514999999996
dense,1,3001,free,flow,64,sigma,0.200104807559561,0.2,0.0524037797804965,-186.4175720222273,1336.5878035495557,2750,True,12.4949209690094,12.370514999999996
dense,2,3002,free,flow,1,CL,2.9003019900196065,3.0,-3.323266999346449,-193.81143440906,2749.7414542370448,2250,True,9.076240062713625,9.022847
dense,2,3002,free,flow,1,V,30.6338141680677,30.0,2.112713893559004,-193.81143440906,2749.7414542370448,2250,True,9.076240062713625,9.022847
dense,2,3002,free,flow,1,ka,1.216403887387273,1.2,1.36699061560606,-193.81143440906,2749.7414542370448,2250,True,9.076240062713625,9.022847
dense,2,3002,free,flow,1,om_CL,0.3158840342147843,0.3,5.294678071594764,-193.81143440906,2749.7414542370448,2250,True,9.076240062713625,9.022847
dense,2,3002,free,flow,1,om_V,0.2217855535307786,0.2,10.892776765389328,-193.81143440906,2749.7414542370448,2250,True,9.076240062713625,9.022847
dense,2,3002,free,flow,1,om_ka,0.4022930619952687,0.4,0.5732654988171715,-193.81143440906,2749.7414542370448,2250,True,9.076240062713625,9.022847
dense,2,3002,free,flow,1,sigma,0.2047451360360777,0.2,2.3725680180388395,-193.81143440906,2749.7414542370448,2250,True,9.076240062713625,9.022847
dense,2,3002,free,flow,8,CL,2.8582127953259704,3.0,-4.726240155800987,-194.04600783897124,1736.8931605519704,10250,True,11.955721139907835,11.852817999999983
dense,2,3002,free,flow,8,V,30.95279319590343,30.0,3.1759773196780947,-194.04600783897124,1736.8931605519704,10250,True,11.955721139907835,11.852817999999983
dense,2,3002,free,flow,8,ka,1.1985319111995183,1.2,-0.1223407333734716,-194.04600783897124,1736.8931605519704,10250,True,11.955721139907835,11.852817999999983
dense,2,3002,free,flow,8,om_CL,0.3184653721772146,0.3,6.155124059071538,-194.04600783897124,1736.8931605519704,10250,True,11.955721139907835,11.852817999999983
dense,2,3002,free,flow,8,om_V,0.2292538066977356,0.2,14.626903348867836,-194.04600783897124,1736.8931605519704,10250,True,11.955721139907835,11.852817999999983
dense,2,3002,free,flow,8,om_ka,0.406851200255671,0.4,1.7128000639177603,-194.04600783897124,1736.8931605519704,10250,True,11.955721139907835,11.852817999999983
dense,2,3002,free,flow,8,sigma,0.1982319428445547,0.2,-0.8840285777226148,-194.04600783897124,1736.8931605519704,10250,True,11.955721139907835,11.852817999999983
dense,2,3002,free,flow,64,CL,2.963787651287766,3.0,-1.2070782904078037,-192.91377927724187,1948.3869215175905,11250,True,51.852633237838745,51.30919
dense,2,3002,free,flow,64,V,30.568978853385225,30.0,1.8965961779507503,-192.91377927724187,1948.3869215175905,11250,True,51.852633237838745,51.30919
dense,2,3002,free,flow,64,ka,1.1914294712657003,1.2,-0.7142107278582851,-192.91377927724187,1948.3869215175905,11250,True,51.852633237838745,51.30919
dense,2,3002,free,flow,64,om_CL,0.3127782056465841,0.3,4.259401882194721,-192.91377927724187,1948.3869215175905,11250,True,51.852633237838745,51.30919
dense,2,3002,free,flow,64,om_V,0.231184793850966,0.2,15.592396925483015,-192.91377927724187,1948.3869215175905,11250,True,51.852633237838745,51.30919
dense,2,3002,free,flow,64,om_ka,0.4194259787061124,0.4,4.8564946765281,-192.91377927724187,1948.3869215175905,11250,True,51.852633237838745,51.30919
dense,2,3002,free,flow,64,sigma,0.1970128819778895,0.2,-1.4935590110552592,-192.91377927724187,1948.3869215175905,11250,True,51.852633237838745,51.30919
dense,3,3003,free,flow,1,CL,2.9510832698206655,3.0,-1.6305576726444837,-125.86368676775392,2758.4408110029385,2250,True,9.795313835144045,9.65769800000001
dense,3,3003,free,flow,1,V,30.823438939220004,30.0,2.744796464066681,-125.86368676775392,2758.4408110029385,2250,True,9.795313835144045,9.65769800000001
dense,3,3003,free,flow,1,ka,1.2520302562948684,1.2,4.335854691239039,-125.86368676775392,2758.4408110029385,2250,True,9.795313835144045,9.65769800000001
dense,3,3003,free,flow,1,om_CL,0.3237665720825967,0.3,7.922190694198917,-125.86368676775392,2758.4408110029385,2250,True,9.795313835144045,9.65769800000001
dense,3,3003,free,flow,1,om_V,0.1748615801869491,0.2,-12.56920990652545,-125.86368676775392,2758.4408110029385,2250,True,9.795313835144045,9.65769800000001
dense,3,3003,free,flow,1,om_ka,0.3174250461414428,0.4,-20.64373846463929,-125.86368676775392,2758.4408110029385,2250,True,9.795313835144045,9.65769800000001
dense,3,3003,free,flow,1,sigma,0.1898094815964414,0.2,-5.0952592017792915,-125.86368676775392,2758.4408110029385,2250,True,9.795313835144045,9.65769800000001
dense,3,3003,free,flow,8,CL,3.0293061876036935,3.0,0.9768729201231174,-124.76552028268247,2912.4917853662732,12250,True,15.022515058517456,14.821414000000004
dense,3,3003,free,flow,8,V,30.381078675192185,30.0,1.2702622506406176,-124.76552028268247,2912.4917853662732,12250,True,15.022515058517456,14.821414000000004
dense,3,3003,free,flow,8,ka,1.2470926422786583,1.2,3.9243868565548663,-124.76552028268247,2912.4917853662732,12250,True,15.022515058517456,14.821414000000004
dense,3,3003,free,flow,8,om_CL,0.3249572365090765,0.3,8.319078836358852,-124.76552028268247,2912.4917853662732,12250,True,15.022515058517456,14.821414000000004
dense,3,3003,free,flow,8,om_V,0.1708598102945041,0.2,-14.570094852747918,-124.76552028268247,2912.4917853662732,12250,True,15.022515058517456,14.821414000000004
dense,3,3003,free,flow,8,om_ka,0.3481695904721926,0.4,-12.957602381951844,-124.76552028268247,2912.4917853662732,12250,True,15.022515058517456,14.821414000000004
dense,3,3003,free,flow,8,sigma,0.1816103549285282,0.2,-9.194822535735904,-124.76552028268247,2912.4917853662732,12250,True,15.022515058517456,14.821414000000004
dense,3,3003,free,flow,64,CL,3.0346459834801727,3.0,1.1548661160057556,-124.60725634757164,1363.6629408800843,11000,True,52.475476026535034,51.74839
dense,3,3003,free,flow,64,V,30.2437337994662,30.0,0.8124459982206744,-124.60725634757164,1363.6629408800843,11000,True,52.475476026535034,51.74839
dense,3,3003,free,flow,64,ka,1.2621310769184155,1.2,5.177589743201298,-124.60725634757164,1363.6629408800843,11000,True,52.475476026535034,51.74839
dense,3,3003,free,flow,64,om_CL,0.3195510479079732,0.3,6.517015969324413,-124.60725634757164,1363.6629408800843,11000,True,52.475476026535034,51.74839
dense,3,3003,free,flow,64,om_V,0.1730686714046927,0.2,-13.465664297653651,-124.60725634757164,1363.6629408800843,11000,True,52.475476026535034,51.74839
dense,3,3003,free,flow,64,om_ka,0.3528052887350665,0.4,-11.79867781623338,-124.60725634757164,1363.6629408800843,11000,True,52.475476026535034,51.74839
dense,3,3003,free,flow,64,sigma,0.1815801574789042,0.2,-9.209921260547883,-124.60725634757164,1363.6629408800843,11000,True,52.475476026535034,51.74839
dense,4,3004,free,flow,1,CL,2.8847409763143665,3.0,-3.8419674561877817,-209.1094692193149,3229.7522120749,2250,True,9.088680267333984,9.031964000000016
dense,4,3004,free,flow,1,V,30.6110241961369,30.0,2.0367473204563304,-209.1094692193149,3229.7522120749,2250,True,9.088680267333984,9.031964000000016
dense,4,3004,free,flow,1,ka,1.2690105429126273,1.2,5.750878576052276,-209.1094692193149,3229.7522120749,2250,True,9.088680267333984,9.031964000000016
dense,4,3004,free,flow,1,om_CL,0.3459797788683177,0.3,15.326592956105928,-209.1094692193149,3229.7522120749,2250,True,9.088680267333984,9.031964000000016
dense,4,3004,free,flow,1,om_V,0.2494946426062168,0.2,24.74732130310839,-209.1094692193149,3229.7522120749,2250,True,9.088680267333984,9.031964000000016
dense,4,3004,free,flow,1,om_ka,0.366237488260525,0.4,-8.440627934868743,-209.1094692193149,3229.7522120749,2250,True,9.088680267333984,9.031964000000016
dense,4,3004,free,flow,1,sigma,0.2066379578719207,0.2,3.3189789359603648,-209.1094692193149,3229.7522120749,2250,True,9.088680267333984,9.031964000000016
dense,4,3004,free,flow,8,CL,2.896948148053743,3.0,-3.435061731541896,-208.50045626844116,2857.656309469441,7250,True,8.614562034606934,8.539309000000003
dense,4,3004,free,flow,8,V,31.011122834819012,30.0,3.3704094493967083,-208.50045626844116,2857.656309469441,7250,True,8.614562034606934,8.539309000000003
dense,4,3004,free,flow,8,ka,1.2320917216552123,1.2,2.6743101379343623,-208.50045626844116,2857.656309469441,7250,True,8.614562034606934,8.539309000000003
dense,4,3004,free,flow,8,om_CL,0.3509492771040005,0.3,16.983092368000165,-208.50045626844116,2857.656309469441,7250,True,8.614562034606934,8.539309000000003
dense,4,3004,free,flow,8,om_V,0.2442640919890716,0.2,22.13204599453583,-208.50045626844116,2857.656309469441,7250,True,8.614562034606934,8.539309000000003
dense,4,3004,free,flow,8,om_ka,0.36958110791778,0.4,-7.604723020554995,-208.50045626844116,2857.656309469441,7250,True,8.614562034606934,8.539309000000003
dense,4,3004,free,flow,8,sigma,0.2022169150415533,0.2,1.108457520776679,-208.50045626844116,2857.656309469441,7250,True,8.614562034606934,8.539309000000003
dense,4,3004,free,flow,64,CL,2.939546373984067,3.0,-2.0151208671977727,-209.0636788897337,1437.2503269767892,4500,True,20.283724069595337,20.13158599999997
dense,4,3004,free,flow,64,V,30.410219394917192,30.0,1.3673979830573064,-209.0636788897337,1437.2503269767892,4500,True,20.283724069595337,20.13158599999997
dense,4,3004,free,flow,64,ka,1.2581900144218008,1.2,4.849167868483403,-209.0636788897337,1437.2503269767892,4500,True,20.283724069595337,20.13158599999997
dense,4,3004,free,flow,64,om_CL,0.3431678678624996,0.3,14.389289287499883,-209.0636788897337,1437.2503269767892,4500,True,20.283724069595337,20.13158599999997
dense,4,3004,free,flow,64,om_V,0.2467203521906043,0.2,23.360176095302176,-209.0636788897337,1437.2503269767892,4500,True,20.283724069595337,20.13158599999997
dense,4,3004,free,flow,64,om_ka,0.3780491517683004,0.4,-5.487712057924907,-209.0636788897337,1437.2503269767892,4500,True,20.283724069595337,20.13158599999997
dense,4,3004,free,flow,64,sigma,0.2015268866547155,0.2,0.7634433273577684,-209.0636788897337,1437.2503269767892,4500,True,20.283724069595337,20.13158599999997
dense,5,3005,free,flow,1,CL,2.897426672177739,3.0,-3.4191109274086973,-172.9054776323269,2745.6366425037677,6000,True,24.49656081199646,24.24507200000005
dense,5,3005,free,flow,1,V,29.63562539862347,30.0,-1.2145820045884292,-172.9054776323269,2745.6366425037677,6000,True,24.49656081199646,24.24507200000005
dense,5,3005,free,flow,1,ka,1.2438078765146865,1.2,3.65065637622386,-172.9054776323269,2745.6366425037677,6000,True,24.49656081199646,24.24507200000005
dense,5,3005,free,flow,1,om_CL,0.2796158991078518,0.3,-6.794700297382716,-172.9054776323269,2745.6366425037677,6000,True,24.49656081199646,24.24507200000005
dense,5,3005,free,flow,1,om_V,0.2001446944369722,0.2,0.0723472184861045,-172.9054776323269,2745.6366425037677,6000,True,24.49656081199646,24.24507200000005
dense,5,3005,free,flow,1,om_ka,0.3931387934830315,0.4,-1.715301629242133,-172.9054776323269,2745.6366425037677,6000,True,24.49656081199646,24.24507200000005
dense,5,3005,free,flow,1,sigma,0.2028556294007989,0.2,1.427814700399446,-172.9054776323269,2745.6366425037677,6000,True,24.49656081199646,24.24507200000005
dense,5,3005,free,flow,8,CL,2.9202314796794955,3.0,-2.6589506773501506,-172.56282638987915,2242.4094862916036,12500,True,14.414594888687134,14.30839199999997
dense,5,3005,free,flow,8,V,29.41221044703216,30.0,-1.959298509892792,-172.56282638987915,2242.4094862916036,12500,True,14.414594888687134,14.30839199999997
dense,5,3005,free,flow,8,ka,1.256837946533843,1.2,4.736495544486926,-172.56282638987915,2242.4094862916036,12500,True,14.414594888687134,14.30839199999997
dense,5,3005,free,flow,8,om_CL,0.2784040914049819,0.3,-7.1986361983393445,-172.56282638987915,2242.4094862916036,12500,True,14.414594888687134,14.30839199999997
dense,5,3005,free,flow,8,om_V,0.1988899039445442,0.2,-0.5550480277278919,-172.56282638987915,2242.4094862916036,12500,True,14.414594888687134,14.30839199999997
dense,5,3005,free,flow,8,om_ka,0.3954385627692758,0.4,-1.1403593076810548,-172.56282638987915,2242.4094862916036,12500,True,14.414594888687134,14.30839199999997
dense,5,3005,free,flow,8,sigma,0.1993628156809851,0.2,-0.3185921595074137,-172.56282638987915,2242.4094862916036,12500,True,14.414594888687134,14.30839199999997
dense,5,3005,free,flow,64,CL,2.946143069860395,3.0,-1.7952310046535007,-173.04802095392583,1086.3865424044266,6750,True,29.888651847839355,29.713213999999994
dense,5,3005,free,flow,64,V,29.036985468008133,30.0,-3.2100484399728892,-173.04802095392583,1086.3865424044266,6750,True,29.888651847839355,29.713213999999994
dense,5,3005,free,flow,64,ka,1.2519279227993996,1.2,4.327326899949968,-173.04802095392583,1086.3865424044266,6750,True,29.888651847839355,29.713213999999994
dense,5,3005,free,flow,64,om_CL,0.2862959193104654,0.3,-4.568026896511516,-173.04802095392583,1086.3865424044266,6750,True,29.888651847839355,29.713213999999994
dense,5,3005,free,flow,64,om_V,0.2021841273337545,0.2,1.0920636668772798,-173.04802095392583,1086.3865424044266,6750,True,29.888651847839355,29.713213999999994
dense,5,3005,free,flow,64,om_ka,0.3988226331299284,0.4,-0.2943417175179097,-173.04802095392583,1086.3865424044266,6750,True,29.888651847839355,29.713213999999994
dense,5,3005,free,flow,64,sigma,0.1990708727045552,0.2,-0.4645636477223908,-173.04802095392583,1086.3865424044266,6750,True,29.888651847839355,29.713213999999994
dense,6,3006,free,flow,1,CL,2.9046014434291765,3.0,-3.1799518856941176,-181.9225181984361,3793.48505801975,9500,True,37.92156505584717,37.684586000000024
dense,6,3006,free,flow,1,V,30.18337260191647,30.0,0.6112420063882359,-181.9225181984361,3793.48505801975,9500,True,37.92156505584717,37.684586000000024
dense,6,3006,free,flow,1,ka,1.1557605545357534,1.2,-3.686620455353877,-181.9225181984361,3793.48505801975,9500,True,37.92156505584717,37.684586000000024
dense,6,3006,free,flow,1,om_CL,0.2905068051896315,0.3,-3.1643982701228075,-181.9225181984361,3793.48505801975,9500,True,37.92156505584717,37.684586000000024
dense,6,3006,free,flow,1,om_V,0.2316289193683768,0.2,15.814459684188389,-181.9225181984361,3793.48505801975,9500,True,37.92156505584717,37.684586000000024
dense,6,3006,free,flow,1,om_ka,0.3473394020710819,0.4,-13.16514948222952,-181.9225181984361,3793.48505801975,9500,True,37.92156505584717,37.684586000000024
dense,6,3006,free,flow,1,sigma,0.2027789984926755,0.2,1.389499246337758,-181.9225181984361,3793.48505801975,9500,True,37.92156505584717,37.684586000000024
dense,6,3006,free,flow,8,CL,2.9302185901199604,3.0,-2.3260469960013186,-182.9567315328173,1542.888535903384,7000,True,8.083289861679077,8.034484999999961
dense,6,3006,free,flow,8,V,29.849010782573075,30.0,-0.5032973914230846,-182.9567315328173,1542.888535903384,7000,True,8.083289861679077,8.034484999999961
dense,6,3006,free,flow,8,ka,1.1476592345523822,1.2,-4.361730453968149,-182.9567315328173,1542.888535903384,7000,True,8.083289861679077,8.034484999999961
dense,6,3006,free,flow,8,om_CL,0.2904892462284087,0.3,-3.170251257197073,-182.9567315328173,1542.888535903384,7000,True,8.083289861679077,8.034484999999961
dense,6,3006,free,flow,8,om_V,0.2153905797405121,0.2,7.69528987025607,-182.9567315328173,1542.888535903384,7000,True,8.083289861679077,8.034484999999961
dense,6,3006,free,flow,8,om_ka,0.3491513354928279,0.4,-12.71216612679302,-182.9567315328173,1542.888535903384,7000,True,8.083289861679077,8.034484999999961
dense,6,3006,free,flow,8,sigma,0.2098598891466985,0.2,4.929944573349262,-182.9567315328173,1542.888535903384,7000,True,8.083289861679077,8.034484999999961
dense,6,3006,free,flow,64,CL,2.9022088204662144,3.0,-3.259705984459519,-182.25884249564305,2171.6740979639394,17250,True,76.10015487670898,75.64914199999998
dense,6,3006,free,flow,64,V,30.035531473433434,30.0,0.1184382447781118,-182.25884249564305,2171.6740979639394,17250,True,76.10015487670898,75.64914199999998
dense,6,3006,free,flow,64,ka,1.1506358502256042,1.2,-4.1136791478663115,-182.25884249564305,2171.6740979639394,17250,True,76.10015487670898,75.64914199999998
dense,6,3006,free,flow,64,om_CL,0.2948396001385046,0.3,-1.7201332871651376,-182.25884249564305,2171.6740979639394,17250,True,76.10015487670898,75.64914199999998
dense,6,3006,free,flow,64,om_V,0.2308280864049031,0.2,15.41404320245157,-182.25884249564305,2171.6740979639394,17250,True,76.10015487670898,75.64914199999998
dense,6,3006,free,flow,64,om_ka,0.3391617342212905,0.4,-15.209566444677389,-182.25884249564305,2171.6740979639394,17250,True,76.10015487670898,75.64914199999998
dense,6,3006,free,flow,64,sigma,0.2013968570309249,0.2,0.6984285154624792,-182.25884249564305,2171.6740979639394,17250,True,76.10015487670898,75.64914199999998
dense,7,3007,free,flow,1,CL,3.0929456527325434,3.0,3.0981884244181135,-151.59969514416105,2996.597716298218,2250,True,9.124255895614624,9.067123999999978
dense,7,3007,free,flow,1,V,30.490425368890303,30.0,1.6347512296343445,-151.59969514416105,2996.597716298218,2250,True,9.124255895614624,9.067123999999978
dense,7,3007,free,flow,1,ka,1.1656290877180355,1.2,-2.8642426901637026,-151.59969514416105,2996.597716298218,2250,True,9.124255895614624,9.067123999999978
dense,7,3007,free,flow,1,om_CL,0.2718453325990469,0.3,-9.384889133651024,-151.59969514416105,2996.597716298218,2250,True,9.124255895614624,9.067123999999978
dense,7,3007,free,flow,1,om_V,0.2004131666493104,0.2,0.2065833246552295,-151.59969514416105,2996.597716298218,2250,True,9.124255895614624,9.067123999999978
dense,7,3007,free,flow,1,om_ka,0.3373455067956035,0.4,-15.663623301099134,-151.59969514416105,2996.597716298218,2250,True,9.124255895614624,9.067123999999978
dense,7,3007,free,flow,1,sigma,0.2027441922999331,0.2,1.3720961499665425,-151.59969514416105,2996.597716298218,2250,True,9.124255895614624,9.067123999999978
dense,7,3007,free,flow,8,CL,3.0807210898762754,3.0,2.6907029958758453,-151.01392889769227,1605.6397752451114,4250,True,4.993403911590576,4.954322000000047
dense,7,3007,free,flow,8,V,30.42629816516319,30.0,1.4209938838772966,-151.01392889769227,1605.6397752451114,4250,True,4.993403911590576,4.954322000000047
dense,7,3007,free,flow,8,ka,1.1598171324848383,1.2,-3.3485722929301187,-151.01392889769227,1605.6397752451114,4250,True,4.993403911590576,4.954322000000047
dense,7,3007,free,flow,8,om_CL,0.270941181641845,0.3,-9.686272786051664,-151.01392889769227,1605.6397752451114,4250,True,4.993403911590576,4.954322000000047
dense,7,3007,free,flow,8,om_V,0.2004236996320127,0.2,0.2118498160063597,-151.01392889769227,1605.6397752451114,4250,True,4.993403911590576,4.954322000000047
dense,7,3007,free,flow,8,om_ka,0.3203942176195626,0.4,-19.901445595109337,-151.01392889769227,1605.6397752451114,4250,True,4.993403911590576,4.954322000000047
dense,7,3007,free,flow,8,sigma,0.1962593672160204,0.2,-1.8703163919897847,-151.01392889769227,1605.6397752451114,4250,True,4.993403911590576,4.954322000000047
dense,7,3007,free,flow,64,CL,3.0632552652274536,3.0,2.1085088409151207,-150.81484539355904,1480.968052038532,8500,True,37.57805895805359,37.354151
dense,7,3007,free,flow,64,V,30.261135402071623,30.0,0.8704513402387448,-150.81484539355904,1480.968052038532,8500,True,37.57805895805359,37.354151
dense,7,3007,free,flow,64,ka,1.1699031358510252,1.2,-2.5080720124145603,-150.81484539355904,1480.968052038532,8500,True,37.57805895805359,37.354151
dense,7,3007,free,flow,64,om_CL,0.2706914399734095,0.3,-9.769520008863498,-150.81484539355904,1480.968052038532,8500,True,37.57805895805359,37.354151
dense,7,3007,free,flow,64,om_V,0.2044281137761645,0.2,2.21405688808228,-150.81484539355904,1480.968052038532,8500,True,37.57805895805359,37.354151
dense,7,3007,free,flow,64,om_ka,0.350508233950052,0.4,-12.37294151248701,-150.81484539355904,1480.968052038532,8500,True,37.57805895805359,37.354151
dense,7,3007,free,flow,64,sigma,0.1951381554195373,0.2,-2.430922290231341,-150.81484539355904,1480.968052038532,8500,True,37.57805895805359,37.354151
dense,8,3008,free,flow,1,CL,3.054389423325221,3.0,1.8129807775073707,-177.4837841557603,3093.5315156602437,5250,True,21.461161136627197,21.183543999999983
dense,8,3008,free,flow,1,V,29.63141433847053,30.0,-1.2286188717648965,-177.4837841557603,3093.5315156602437,5250,True,21.461161136627197,21.183543999999983
dense,8,3008,free,flow,1,ka,1.1211539931482413,1.2,-6.570500570979891,-177.4837841557603,3093.5315156602437,5250,True,21.461161136627197,21.183543999999983
dense,8,3008,free,flow,1,om_CL,0.3053393259855041,0.3,1.7797753285013762,-177.4837841557603,3093.5315156602437,5250,True,21.461161136627197,21.183543999999983
dense,8,3008,free,flow,1,om_V,0.1903538887506877,0.2,-4.8230556246561385,-177.4837841557603,3093.5315156602437,5250,True,21.461161136627197,21.183543999999983
dense,8,3008,free,flow,1,om_ka,0.3679769667524168,0.4,-8.005758311895788,-177.4837841557603,3093.5315156602437,5250,True,21.461161136627197,21.183543999999983
dense,8,3008,free,flow,1,sigma,0.2005460843833763,0.2,0.2730421916881664,-177.4837841557603,3093.5315156602437,5250,True,21.461161136627197,21.183543999999983
dense,8,3008,free,flow,8,CL,3.063125649023182,3.0,2.1041883007727544,-177.35625648884238,2853.7701740393863,8250,True,9.653037786483765,9.573296000000028
dense,8,3008,free,flow,8,V,29.648068548952224,30.0,-1.1731048368259185,-177.35625648884238,2853.7701740393863,8250,True,9.653037786483765,9.573296000000028
dense,8,3008,free,flow,8,ka,1.122439009719409,1.2,-6.463415856715912,-177.35625648884238,2853.7701740393863,8250,True,9.653037786483765,9.573296000000028
dense,8,3008,free,flow,8,om_CL,0.3070784066548677,0.3,2.3594688849558993,-177.35625648884238,2853.7701740393863,8250,True,9.653037786483765,9.573296000000028
dense,8,3008,free,flow,8,om_V,0.1937685439427935,0.2,-3.115728028603215,-177.35625648884238,2853.7701740393863,8250,True,9.653037786483765,9.573296000000028
dense,8,3008,free,flow,8,om_ka,0.3858011394674548,0.4,-3.5497151331363024,-177.35625648884238,2853.7701740393863,8250,True,9.653037786483765,9.573296000000028
dense,8,3008,free,flow,8,sigma,0.1982021301267075,0.2,-0.8989349366462368,-177.35625648884238,2853.7701740393863,8250,True,9.653037786483765,9.573296000000028
dense,8,3008,free,flow,64,CL,3.018761706930263,3.0,0.62539023100876,-177.42560688503994,1583.7333939007954,9500,True,44.67266893386841,44.02009499999997
dense,8,3008,free,flow,64,V,29.833033869021538,30.0,-0.5565537699282075,-177.42560688503994,1583.7333939007954,9500,True,44.67266893386841,44.02009499999997
dense,8,3008,free,flow,64,ka,1.1294868570219083,1.2,-5.876095248174304,-177.42560688503994,1583.7333939007954,9500,True,44.67266893386841,44.02009499999997
dense,8,3008,free,flow,64,om_CL,0.3095461339255346,0.3,3.1820446418448873,-177.42560688503994,1583.7333939007954,9500,True,44.67266893386841,44.02009499999997
dense,8,3008,free,flow,64,om_V,0.1909105733901615,0.2,-4.544713304919248,-177.42560688503994,1583.7333939007954,9500,True,44.67266893386841,44.02009499999997
dense,8,3008,free,flow,64,om_ka,0.389618556145777,0.4,-2.5953609635557537,-177.42560688503994,1583.7333939007954,9500,True,44.67266893386841,44.02009499999997
dense,8,3008,free,flow,64,sigma,0.1982947170462031,0.2,-0.8526414768984386,-177.42560688503994,1583.7333939007954,9500,True,44.67266893386841,44.02009499999997
dense,9,3009,free,flow,1,CL,3.08602240365891,3.0,2.867413455297004,-161.16860206004918,3200.6810643627123,2500,True,10.562631845474243,10.448427000000038
dense,9,3009,free,flow,1,V,30.810459668808427,30.0,2.701532229361424,-161.16860206004918,3200.6810643627123,2500,True,10.562631845474243,10.448427000000038
dense,9,3009,free,flow,1,ka,1.2333207487155646,1.2,2.7767290596303895,-161.16860206004918,3200.6810643627123,2500,True,10.562631845474243,10.448427000000038
dense,9,3009,free,flow,1,om_CL,0.2904500295013969,0.3,-3.183323499534356,-161.16860206004918,3200.6810643627123,2500,True,10.562631845474243,10.448427000000038
dense,9,3009,free,flow,1,om_V,0.19981885859586,0.2,-0.0905707020699836,-161.16860206004918,3200.6810643627123,2500,True,10.562631845474243,10.448427000000038
dense,9,3009,free,flow,1,om_ka,0.3417571831988563,0.4,-14.560704200285931,-161.16860206004918,3200.6810643627123,2500,True,10.562631845474243,10.448427000000038
dense,9,3009,free,flow,1,sigma,0.1984139354231217,0.2,-0.7930322884391605,-161.16860206004918,3200.6810643627123,2500,True,10.562631845474243,10.448427000000038
dense,9,3009,free,flow,8,CL,3.104164282405575,3.0,3.472142746852495,-160.90648137926314,2224.414025848104,6250,True,7.422368049621582,7.347936000000004
dense,9,3009,free,flow,8,V,30.662605067368524,30.0,2.2086835578950805,-160.90648137926314,2224.414025848104,6250,True,7.422368049621582,7.347936000000004
dense,9,3009,free,flow,8,ka,1.2308209864034307,1.2,2.568415533619232,-160.90648137926314,2224.414025848104,6250,True,7.422368049621582,7.347936000000004
dense,9,3009,free,flow,8,om_CL,0.2877552632547985,0.3,-4.081578915067145,-160.90648137926314,2224.414025848104,6250,True,7.422368049621582,7.347936000000004
dense,9,3009,free,flow,8,om_V,0.203445821067303,0.2,1.7229105336515338,-160.90648137926314,2224.414025848104,6250,True,7.422368049621582,7.347936000000004
dense,9,3009,free,flow,8,om_ka,0.3525578569014065,0.4,-11.860535774648364,-160.90648137926314,2224.414025848104,6250,True,7.422368049621582,7.347936000000004
dense,9,3009,free,flow,8,sigma,0.1952822592927785,0.2,-2.3588703536107367,-160.90648137926314,2224.414025848104,6250,True,7.422368049621582,7.347936000000004
dense,9,3009,free,flow,64,CL,3.025379310535757,3.0,0.8459770178585716,-161.68747676400426,1621.875792369308,6000,True,26.61419415473938,26.43707500000005
dense,9,3009,free,flow,64,V,30.48206668013376,30.0,1.6068889337792076,-161.68747676400426,1621.875792369308,6000,True,26.61419415473938,26.43707500000005
dense,9,3009,free,flow,64,ka,1.264686605773506,1.2,5.390550481125504,-161.68747676400426,1621.875792369308,6000,True,26.61419415473938,26.43707500000005
dense,9,3009,free,flow,64,om_CL,0.300970885754978,0.3,0.3236285849926856,-161.68747676400426,1621.875792369308,6000,True,26.61419415473938,26.43707500000005
dense,9,3009,free,flow,64,om_V,0.1995669672780543,0.2,-0.216516360972821,-161.68747676400426,1621.875792369308,6000,True,26.61419415473938,26.43707500000005
dense,9,3009,free,flow,64,om_ka,0.3573526143803555,0.4,-10.661846404911136,-161.68747676400426,1621.875792369308,6000,True,26.61419415473938,26.43707500000005
dense,9,3009,free,flow,64,sigma,0.1966640707978159,0.2,-1.6679646010920173,-161.68747676400426,1621.875792369308,6000,True,26.61419415473938,26.43707500000005
dense,10,3010,free,flow,1,CL,3.069068220554181,3.0,2.302274018472694,-197.9613736669782,3703.573651026863,7000,True,28.28602385520935,28.073464999999945
dense,10,3010,free,flow,1,V,31.81044089941211,30.0,6.034802998040381,-197.9613736669782,3703.573651026863,7000,True,28.28602385520935,28.073464999999945
dense,10,3010,free,flow,1,ka,1.2355529153373643,1.2,2.962742944780365,-197.9613736669782,3703.573651026863,7000,True,28.28602385520935,28.073464999999945
dense,10,3010,free,flow,1,om_CL,0.3174120640916897,0.3,5.804021363896572,-197.9613736669782,3703.573651026863,7000,True,28.28602385520935,28.073464999999945
dense,10,3010,free,flow,1,om_V,0.1755236764861854,0.2,-12.238161756907273,-197.9613736669782,3703.573651026863,7000,True,28.28602385520935,28.073464999999945
dense,10,3010,free,flow,1,om_ka,0.4360079435888102,0.4,9.001985897202552,-197.9613736669782,3703.573651026863,7000,True,28.28602385520935,28.073464999999945
dense,10,3010,free,flow,1,sigma,0.2092403428049215,0.2,4.620171402460779,-197.9613736669782,3703.573651026863,7000,True,28.28602385520935,28.073464999999945
dense,10,3010,free,flow,8,CL,3.034597909067448,3.0,1.1532636355815915,-198.3378526465253,2019.700057116777,2750,True,3.347938060760498,3.320875000000001
dense,10,3010,free,flow,8,V,31.484400783609548,30.0,4.948002612031826,-198.3378526465253,2019.700057116777,2750,True,3.347938060760498,3.320875000000001
dense,10,3010,free,flow,8,ka,1.2375047789033868,1.2,3.125398241948907,-198.3378526465253,2019.700057116777,2750,True,3.347938060760498,3.320875000000001
dense,10,3010,free,flow,8,om_CL,0.3130873077678766,0.3,4.362435922625548,-198.3378526465253,2019.700057116777,2750,True,3.347938060760498,3.320875000000001
dense,10,3010,free,flow,8,om_V,0.1782315791376798,0.2,-10.8842104311601,-198.3378526465253,2019.700057116777,2750,True,3.347938060760498,3.320875000000001
dense,10,3010,free,flow,8,om_ka,0.4353695060908155,0.4,8.842376522703864,-198.3378526465253,2019.700057116777,2750,True,3.347938060760498,3.320875000000001
dense,10,3010,free,flow,8,sigma,0.2129063436062886,0.2,6.453171803144309,-198.3378526465253,2019.700057116777,2750,True,3.347938060760498,3.320875000000001
dense,10,3010,free,flow,64,CL,3.0606545803424923,3.0,2.0218193447497423,-198.58984895584388,1969.650366010264,3000,True,14.032315254211426,13.849779000000012
dense,10,3010,free,flow,64,V,32.26260569876153,30.0,7.542018995871776,-198.58984895584388,1969.650366010264,3000,True,14.032315254211426,13.849779000000012
dense,10,3010,free,flow,64,ka,1.2363920535496542,1.2,3.032671129137854,-198.58984895584388,1969.650366010264,3000,True,14.032315254211426,13.849779000000012
dense,10,3010,free,flow,64,om_CL,0.3169157693203159,0.3,5.638589773438637,-198.58984895584388,1969.650366010264,3000,True,14.032315254211426,13.849779000000012
dense,10,3010,free,flow,64,om_V,0.1730890238126948,0.2,-13.455488093652589,-198.58984895584388,1969.650366010264,3000,True,14.032315254211426,13.849779000000012
dense,10,3010,free,flow,64,om_ka,0.4336422963787109,0.4,8.410574094677727,-198.58984895584388,1969.650366010264,3000,True,14.032315254211426,13.849779000000012
dense,10,3010,free,flow,64,sigma,0.2122157197628147,0.2,6.107859881407356,-198.58984895584388,1969.650366010264,3000,True,14.032315254211426,13.849779000000012
dense,11,3011,free,flow,1,CL,3.001893449700992,3.0,0.063114990033064,-190.0873304398908,3651.560617547522,7000,True,28.20527291297913,27.96898500000009
dense,11,3011,free,flow,1,V,29.801349528797985,30.0,-0.6621682373400498,-190.0873304398908,3651.560617547522,7000,True,28.20527291297913,27.96898500000009
dense,11,3011,free,flow,1,ka,1.200424855929201,1.2,0.0354046607667542,-190.0873304398908,3651.560617547522,7000,True,28.20527291297913,27.96898500000009
dense,11,3011,free,flow,1,om_CL,0.2860078256793696,0.3,-4.664058106876775,-190.0873304398908,3651.560617547522,7000,True,28.20527291297913,27.96898500000009
dense,11,3011,free,flow,1,om_V,0.1882249645606642,0.2,-5.887517719667876,-190.0873304398908,3651.560617547522,7000,True,28.20527291297913,27.96898500000009
dense,11,3011,free,flow,1,om_ka,0.4126149675748876,0.4,3.1537418937218895,-190.0873304398908,3651.560617547522,7000,True,28.20527291297913,27.96898500000009
dense,11,3011,free,flow,1,sigma,0.2073970839885557,0.2,3.698541994277882,-190.0873304398908,3651.560617547522,7000,True,28.20527291297913,27.96898500000009
dense,11,3011,free,flow,8,CL,3.0066884472686537,3.0,0.2229482422884565,-189.410692449702,2540.0521750032276,11500,True,13.364186763763428,13.251872999999932
dense,11,3011,free,flow,8,V,29.79567236427055,30.0,-0.6810921190981626,-189.410692449702,2540.0521750032276,11500,True,13.364186763763428,13.251872999999932
dense,11,3011,free,flow,8,ka,1.1751639445403783,1.2,-2.069671288301785,-189.410692449702,2540.0521750032276,11500,True,13.364186763763428,13.251872999999932
dense,11,3011,free,flow,8,om_CL,0.2922058025530626,0.3,-2.598065815645793,-189.410692449702,2540.0521750032276,11500,True,13.364186763763428,13.251872999999932
dense,11,3011,free,flow,8,om_V,0.191295405172108,0.2,-4.35229741394598,-189.410692449702,2540.0521750032276,11500,True,13.364186763763428,13.251872999999932
dense,11,3011,free,flow,8,om_ka,0.4132718501857574,0.4,3.3179625464393596,-189.410692449702,2540.0521750032276,11500,True,13.364186763763428,13.251872999999932
dense,11,3011,free,flow,8,sigma,0.2058533576743046,0.2,2.926678837152308,-189.410692449702,2540.0521750032276,11500,True,13.364186763763428,13.251872999999932
dense,11,3011,free,flow,64,CL,2.9746433487243578,3.0,-0.8452217091880746,-190.7438317620228,1439.37116227217,8000,True,35.57241129875183,35.31862100000001
dense,11,3011,free,flow,64,V,29.71741437175151,30.0,-0.9419520941616356,-190.7438317620228,1439.37116227217,8000,True,35.57241129875183,35.31862100000001
dense,11,3011,free,flow,64,ka,1.188495442051475,1.2,-0.9587131623770748,-190.7438317620228,1439.37116227217,8000,True,35.57241129875183,35.31862100000001
dense,11,3011,free,flow,64,om_CL,0.294032144418635,0.3,-1.9892851937883076,-190.7438317620228,1439.37116227217,8000,True,35.57241129875183,35.31862100000001
dense,11,3011,free,flow,64,om_V,0.1900247762823513,0.2,-4.987611858824334,-190.7438317620228,1439.37116227217,8000,True,35.57241129875183,35.31862100000001
dense,11,3011,free,flow,64,om_ka,0.4170381968459199,0.4,4.259549211479974,-190.7438317620228,1439.37116227217,8000,True,35.57241129875183,35.31862100000001
dense,11,3011,free,flow,64,sigma,0.2073736682757077,0.2,3.686834137853839,-190.7438317620228,1439.37116227217,8000,True,35.57241129875183,35.31862100000001
dense,12,3012,free,flow,1,CL,2.984206208785737,3.0,-0.5264597071420981,-146.75217845036462,3450.3319698564387,6000,True,24.080816984176636,23.91056100000003
dense,12,3012,free,flow,1,V,29.618566453338076,30.0,-1.271445155539747,-146.75217845036462,3450.3319698564387,6000,True,24.080816984176636,23.91056100000003
dense,12,3012,free,flow,1,ka,1.2053094697679616,1.2,0.4424558139968041,-146.75217845036462,3450.3319698564387,6000,True,24.080816984176636,23.91056100000003
dense,12,3012,free,flow,1,om_CL,0.3011036638187996,0.3,0.3678879395998721,-146.75217845036462,3450.3319698564387,6000,True,24.080816984176636,23.91056100000003
dense,12,3012,free,flow,1,om_V,0.1899026339253329,0.2,-5.048683037333537,-146.75217845036462,3450.3319698564387,6000,True,24.080816984176636,23.91056100000003
dense,12,3012,free,flow,1,om_ka,0.3669321963105506,0.4,-8.266950922362348,-146.75217845036462,3450.3319698564387,6000,True,24.080816984176636,23.91056100000003
dense,12,3012,free,flow,1,sigma,0.1927831210802864,0.2,-3.6084394598567826,-146.75217845036462,3450.3319698564387,6000,True,24.080816984176636,23.91056100000003
dense,12,3012,free,flow,8,CL,3.019059308712432,3.0,0.6353102904144,-146.96060798040708,1631.766707385395,5000,True,5.830608129501343,5.795890999999983
dense,12,3012,free,flow,8,V,29.60107043321786,30.0,-1.329765222607134,-146.96060798040708,1631.766707385395,5000,True,5.830608129501343,5.795890999999983
dense,12,3012,free,flow,8,ka,1.2105342267634769,1.2,0.877852230289744,-146.96060798040708,1631.766707385395,5000,True,5.830608129501343,5.795890999999983
dense,12,3012,free,flow,8,om_CL,0.2974706888834751,0.3,-0.8431037055082932,-146.96060798040708,1631.766707385395,5000,True,5.830608129501343,5.795890999999983
dense,12,3012,free,flow,8,om_V,0.1839098708984458,0.2,-8.04506455077711,-146.96060798040708,1631.766707385395,5000,True,5.830608129501343,5.795890999999983
dense,12,3012,free,flow,8,om_ka,0.3949562316905592,0.4,-1.2609420773601887,-146.96060798040708,1631.766707385395,5000,True,5.830608129501343,5.795890999999983
dense,12,3012,free,flow,8,sigma,0.1910310559322002,0.2,-4.484472033899872,-146.96060798040708,1631.766707385395,5000,True,5.830608129501343,5.795890999999983
dense,12,3012,free,flow,64,CL,2.9600183976041574,3.0,-1.3327200798614196,-147.45217711958438,1779.2321066478553,9250,True,42.24447274208069,41.66119200000003
dense,12,3012,free,flow,64,V,29.418806758431593,30.0,-1.937310805228023,-147.45217711958438,1779.2321066478553,9250,True,42.24447274208069,41.66119200000003
dense,12,3012,free,flow,64,ka,1.2387417198993471,1.2,3.22847665827893,-147.45217711958438,1779.2321066478553,9250,True,42.24447274208069,41.66119200000003
dense,12,3012,free,flow,64,om_CL,0.2948630265245836,0.3,-1.712324491805454,-147.45217711958438,1779.2321066478553,9250,True,42.24447274208069,41.66119200000003
dense,12,3012,free,flow,64,om_V,0.1899252360529781,0.2,-5.037381973510959,-147.45217711958438,1779.2321066478553,9250,True,42.24447274208069,41.66119200000003
dense,12,3012,free,flow,64,om_ka,0.380655196788372,0.4,-4.836200802907003,-147.45217711958438,1779.2321066478553,9250,True,42.24447274208069,41.66119200000003
dense,12,3012,free,flow,64,sigma,0.1899440368957077,0.2,-5.027981552146149,-147.45217711958438,1779.2321066478553,9250,True,42.24447274208069,41.66119200000003
dense,13,3013,free,flow,1,CL,2.8761692703602844,3.0,-4.127690987990522,-159.71680444176917,3151.086918643644,4500,True,18.27515697479248,18.117016000000035
dense,13,3013,free,flow,1,V,30.23377520351106,30.0,0.7792506783701943,-159.71680444176917,3151.086918643644,4500,True,18.27515697479248,18.117016000000035
dense,13,3013,free,flow,1,ka,1.2342581476159291,1.2,2.854845634660782,-159.71680444176917,3151.086918643644,4500,True,18.27515697479248,18.117016000000035
dense,13,3013,free,flow,1,om_CL,0.2885277311857923,0.3,-3.824089604735903,-159.71680444176917,3151.086918643644,4500,True,18.27515697479248,18.117016000000035
dense,13,3013,free,flow,1,om_V,0.1780731689366606,0.2,-10.963415531669671,-159.71680444176917,3151.086918643644,4500,True,18.27515697479248,18.117016000000035
dense,13,3013,free,flow,1,om_ka,0.4212531402254018,0.4,5.313285056350453,-159.71680444176917,3151.086918643644,4500,True,18.27515697479248,18.117016000000035
dense,13,3013,free,flow,1,sigma,0.1961942828064617,0.2,-1.9028585967691551,-159.71680444176917,3151.086918643644,4500,True,18.27515697479248,18.117016000000035
dense,13,3013,free,flow,8,CL,2.888388216464574,3.0,-3.7203927845141926,-159.84779158703634,1822.1123322645592,3250,True,4.377104997634888,4.240460999999982
dense,13,3013,free,flow,8,V,29.757080505985815,30.0,-0.8097316467139493,-159.84779158703634,1822.1123322645592,3250,True,4.377104997634888,4.240460999999982
dense,13,3013,free,flow,8,ka,1.250464977613086,1.2,4.205414801090509,-159.84779158703634,1822.1123322645592,3250,True,4.377104997634888,4.240460999999982
dense,13,3013,free,flow,8,om_CL,0.2984199216076437,0.3,-0.5266927974520812,-159.84779158703634,1822.1123322645592,3250,True,4.377104997634888,4.240460999999982
dense,13,3013,free,flow,8,om_V,0.1850113430902795,0.2,-7.494328454860255,-159.84779158703634,1822.1123322645592,3250,True,4.377104997634888,4.240460999999982
dense,13,3013,free,flow,8,om_ka,0.4103942220866831,0.4,2.5985555216707645,-159.84779158703634,1822.1123322645592,3250,True,4.377104997634888,4.240460999999982
dense,13,3013,free,flow,8,sigma,0.1943743329211512,0.2,-2.812833539424367,-159.84779158703634,1822.1123322645592,3250,True,4.377104997634888,4.240460999999982
dense,13,3013,free,flow,64,CL,2.8840266527580782,3.0,-3.865778241397392,-159.41752685553217,1610.8038436059142,9500,True,44.093448877334595,43.38629300000002
dense,13,3013,free,flow,64,V,29.71310195021792,30.0,-0.9563268326069264,-159.41752685553217,1610.8038436059142,9500,True,44.093448877334595,43.38629300000002
dense,13,3013,free,flow,64,ka,1.237473276525198,1.2,3.1227730437664953,-159.41752685553217,1610.8038436059142,9500,True,44.093448877334595,43.38629300000002
dense,13,3013,free,flow,64,om_CL,0.296724733092815,0.3,-1.0917556357283125,-159.41752685553217,1610.8038436059142,9500,True,44.093448877334595,43.38629300000002
dense,13,3013,free,flow,64,om_V,0.1846231783127161,0.2,-7.688410843641926,-159.41752685553217,1610.8038436059142,9500,True,44.093448877334595,43.38629300000002
dense,13,3013,free,flow,64,om_ka,0.4176153548189357,0.4,4.403838704733917,-159.41752685553217,1610.8038436059142,9500,True,44.093448877334595,43.38629300000002
dense,13,3013,free,flow,64,sigma,0.1938859251367301,0.2,-3.0570374316349347,-159.41752685553217,1610.8038436059142,9500,True,44.093448877334595,43.38629300000002
dense,14,3014,free,flow,1,CL,2.936890764623876,3.0,-2.1036411792041263,-165.89674701213852,3408.779410445444,2750,True,10.999422311782835,10.935806999999954
dense,14,3014,free,flow,1,V,30.424613811561795,30.0,1.4153793718726486,-165.89674701213852,3408.779410445444,2750,True,10.999422311782835,10.935806999999954
dense,14,3014,free,flow,1,ka,1.1442959127871568,1.2,-4.642007267736929,-165.89674701213852,3408.779410445444,2750,True,10.999422311782835,10.935806999999954
dense,14,3014,free,flow,1,om_CL,0.3084503464725077,0.3,2.816782157502566,-165.89674701213852,3408.779410445444,2750,True,10.999422311782835,10.935806999999954
dense,14,3014,free,flow,1,om_V,0.1761295184621618,0.2,-11.935240768919066,-165.89674701213852,3408.779410445444,2750,True,10.999422311782835,10.935806999999954
dense,14,3014,free,flow,1,om_ka,0.4061500901638676,0.4,1.5375225409668958,-165.89674701213852,3408.779410445444,2750,True,10.999422311782835,10.935806999999954
dense,14,3014,free,flow,1,sigma,0.1985707613713636,0.2,-0.7146193143181961,-165.89674701213852,3408.779410445444,2750,True,10.999422311782835,10.935806999999954
dense,14,3014,free,flow,8,CL,2.98780776979412,3.0,-0.4064076735293298,-165.4944808651313,3210.214534525198,12250,True,13.88684105873108,13.807521000000063
dense,14,3014,free,flow,8,V,30.215589620207847,30.0,0.7186320673594911,-165.4944808651313,3210.214534525198,12250,True,13.88684105873108,13.807521000000063
dense,14,3014,free,flow,8,ka,1.1586303031314578,1.2,-3.447474739045183,-165.4944808651313,3210.214534525198,12250,True,13.88684105873108,13.807521000000063
dense,14,3014,free,flow,8,om_CL,0.3049515875142564,0.3,1.6505291714187984,-165.4944808651313,3210.214534525198,12250,True,13.88684105873108,13.807521000000063
dense,14,3014,free,flow,8,om_V,0.1806282085186381,0.2,-9.685895740680932,-165.4944808651313,3210.214534525198,12250,True,13.88684105873108,13.807521000000063
dense,14,3014,free,flow,8,om_ka,0.4236430589074966,0.4,5.910764726874143,-165.4944808651313,3210.214534525198,12250,True,13.88684105873108,13.807521000000063
dense,14,3014,free,flow,8,sigma,0.1930476585010299,0.2,-3.476170749485044,-165.4944808651313,3210.214534525198,12250,True,13.88684105873108,13.807521000000063
dense,14,3014,free,flow,64,CL,2.9125536294365677,3.0,-2.9148790187810767,-1936.3731593521347,1.842659733850244,4250,True,18.61961579322815,18.525045999999975
dense,14,3014,free,flow,64,V,29.909747862154116,30.0,-0.3008404594862786,-1936.3731593521347,1.842659733850244,4250,True,18.61961579322815,18.525045999999975
dense,14,3014,free,flow,64,ka,1.1516486691185346,1.2,-4.029277573455448,-1936.3731593521347,1.842659733850244,4250,True,18.61961579322815,18.525045999999975
dense,14,3014,free,flow,64,om_CL,0.3091930023296446,0.3,3.06433410988155,-1936.3731593521347,1.842659733850244,4250,True,18.61961579322815,18.525045999999975
dense,14,3014,free,flow,64,om_V,0.1786325856204311,0.2,-10.683707189784451,-1936.3731593521347,1.842659733850244,4250,True,18.61961579322815,18.525045999999975
dense,14,3014,free,flow,64,om_ka,0.4184130691340717,0.4,4.603267283517925,-1936.3731593521347,1.842659733850244,4250,True,18.61961579322815,18.525045999999975
dense,14,3014,free,flow,64,sigma,0.1939768058687429,0.2,-3.011597065628521,-1936.3731593521347,1.842659733850244,4250,True,18.61961579322815,18.525045999999975
dense,15,3015,free,flow,1,CL,3.0837437791011912,3.0,2.7914593033730415,-200.26270974113984,3440.450330021544,4500,True,17.746235847473145,17.664424000000054
dense,15,3015,free,flow,1,V,30.218507829409265,30.0,0.7283594313642064,-200.26270974113984,3440.450330021544,4500,True,17.746235847473145,17.664424000000054
dense,15,3015,free,flow,1,ka,1.175697979139042,1.2,-2.0251684050798247,-200.26270974113984,3440.450330021544,4500,True,17.746235847473145,17.664424000000054
dense,15,3015,free,flow,1,om_CL,0.3357031750774469,0.3,11.901058359148973,-200.26270974113984,3440.450330021544,4500,True,17.746235847473145,17.664424000000054
dense,15,3015,free,flow,1,om_V,0.1809351111855858,0.2,-9.532444407207102,-200.26270974113984,3440.450330021544,4500,True,17.746235847473145,17.664424000000054
dense,15,3015,free,flow,1,om_ka,0.4480748967978971,0.4,12.018724199474264,-200.26270974113984,3440.450330021544,4500,True,17.746235847473145,17.664424000000054
dense,15,3015,free,flow,1,sigma,0.2028269545831296,0.2,1.4134772915648102,-200.26270974113984,3440.450330021544,4500,True,17.746235847473145,17.664424000000054
dense,15,3015,free,flow,8,CL,2.977836312955825,3.0,-0.7387895681391606,-199.69862866175356,3382.818780817776,12000,True,14.066948175430298,13.929748000000018
dense,15,3015,free,flow,8,V,30.27661133583569,30.0,0.9220377861189633,-199.69862866175356,3382.818780817776,12000,True,14.066948175430298,13.929748000000018
dense,15,3015,free,flow,8,ka,1.1798801360365283,1.2,-1.676655330289286,-199.69862866175356,3382.818780817776,12000,True,14.066948175430298,13.929748000000018
dense,15,3015,free,flow,8,om_CL,0.3400636544444241,0.3,13.354551481474706,-199.69862866175356,3382.818780817776,12000,True,14.066948175430298,13.929748000000018
dense,15,3015,free,flow,8,om_V,0.1875953704918942,0.2,-6.202314754052876,-199.69862866175356,3382.818780817776,12000,True,14.066948175430298,13.929748000000018
dense,15,3015,free,flow,8,om_ka,0.4437599186938284,0.4,10.939979673457112,-199.69862866175356,3382.818780817776,12000,True,14.066948175430298,13.929748000000018
dense,15,3015,free,flow,8,sigma,0.2006482099934689,0.2,0.3241049967344506,-199.69862866175356,3382.818780817776,12000,True,14.066948175430298,13.929748000000018
dense,15,3015,free,flow,64,CL,2.988822993493889,3.0,-0.3725668835370399,-200.3419523132182,1559.178164456556,9500,True,42.64470410346985,42.23872600000004
dense,15,3015,free,flow,64,V,30.58728002385219,30.0,1.957600079507304,-200.3419523132182,1559.178164456556,9500,True,42.64470410346985,42.23872600000004
dense,15,3015,free,flow,64,ka,1.1726781403708837,1.2,-2.276821635759707,-200.3419523132182,1559.178164456556,9500,True,42.64470410346985,42.23872600000004
dense,15,3015,free,flow,64,om_CL,0.3353160983373591,0.3,11.7720327791197,-200.3419523132182,1559.178164456556,9500,True,42.64470410346985,42.23872600000004
dense,15,3015,free,flow,64,om_V,0.177883511157231,0.2,-11.058244421384478,-200.3419523132182,1559.178164456556,9500,True,42.64470410346985,42.23872600000004
dense,15,3015,free,flow,64,om_ka,0.4537322412399549,0.4,13.433060309988724,-200.3419523132182,1559.178164456556,9500,True,42.64470410346985,42.23872600000004
dense,15,3015,free,flow,64,sigma,0.2010208134513267,0.2,0.5104067256633676,-200.3419523132182,1559.178164456556,9500,True,42.64470410346985,42.23872600000004
dense,16,3016,free,flow,1,CL,2.776378542323162,3.0,-7.454048589227928,-186.9509484459811,3423.073045536467,8750,True,34.76817774772644,34.55079999999998
dense,16,3016,free,flow,1,V,29.58290931427304,30.0,-1.390302285756526,-186.9509484459811,3423.073045536467,8750,True,34.76817774772644,34.55079999999998
dense,16,3016,free,flow,1,ka,1.2483743256779205,1.2,4.03119380649338,-186.9509484459811,3423.073045536467,8750,True,34.76817774772644,34.55079999999998
dense,16,3016,free,flow,1,om_CL,0.3215890329029311,0.3,7.19634430097706,-186.9509484459811,3423.073045536467,8750,True,34.76817774772644,34.55079999999998
dense,16,3016,free,flow,1,om_V,0.204852392101576,0.2,2.426196050788032,-186.9509484459811,3423.073045536467,8750,True,34.76817774772644,34.55079999999998
dense,16,3016,free,flow,1,om_ka,0.4063188180147257,0.4,1.5797045036814172,-186.9509484459811,3423.073045536467,8750,True,34.76817774772644,34.55079999999998
dense,16,3016,free,flow,1,sigma,0.2021127575220515,0.2,1.0563787610257391,-186.9509484459811,3423.073045536467,8750,True,34.76817774772644,34.55079999999998
dense,16,3016,free,flow,8,CL,2.9412822145206037,3.0,-1.9572595159798776,-187.70488288635383,2168.933720466493,6500,True,7.508577585220337,7.463756999999987
dense,16,3016,free,flow,8,V,29.132964052228896,30.0,-2.8901198259036796,-187.70488288635383,2168.933720466493,6500,True,7.508577585220337,7.463756999999987
dense,16,3016,free,flow,8,ka,1.248402587156727,1.2,4.033548929727257,-187.70488288635383,2168.933720466493,6500,True,7.508577585220337,7.463756999999987
dense,16,3016,free,flow,8,om_CL,0.3117976941480658,0.3,3.9325647160219543,-187.70488288635383,2168.933720466493,6500,True,7.508577585220337,7.463756999999987
dense,16,3016,free,flow,8,om_V,0.2065170230662355,0.2,3.2585115331177636,-187.70488288635383,2168.933720466493,6500,True,7.508577585220337,7.463756999999987
dense,16,3016,free,flow,8,om_ka,0.3896404362253509,0.4,-2.5898909436622843,-187.70488288635383,2168.933720466493,6500,True,7.508577585220337,7.463756999999987
dense,16,3016,free,flow,8,sigma,0.2069258879823286,0.2,3.4629439911643134,-187.70488288635383,2168.933720466493,6500,True,7.508577585220337,7.463756999999987
dense,16,3016,free,flow,64,CL,2.842953039895654,3.0,-5.234898670144868,-186.80649316368888,1263.6845235522546,16750,True,74.61882019042969,73.96164500000009
dense,16,3016,free,flow,64,V,29.372813772829396,30.0,-2.0906207572353472,-186.80649316368888,1263.6845235522546,16750,True,74.61882019042969,73.96164500000009
dense,16,3016,free,flow,64,ka,1.245324761721578,1.2,3.7770634767981814,-186.80649316368888,1263.6845235522546,16750,True,74.61882019042969,73.96164500000009
dense,16,3016,free,flow,64,om_CL,0.3127170122209035,0.3,4.239004073634515,-186.80649316368888,1263.6845235522546,16750,True,74.61882019042969,73.96164500000009
dense,16,3016,free,flow,64,om_V,0.2145201653424379,0.2,7.260082671218983,-186.80649316368888,1263.6845235522546,16750,True,74.61882019042969,73.96164500000009
dense,16,3016,free,flow,64,om_ka,0.399416583076495,0.4,-0.1458542308762495,-186.80649316368888,1263.6845235522546,16750,True,74.61882019042969,73.96164500000009
dense,16,3016,free,flow,64,sigma,0.2027732296703314,0.2,1.3866148351656948,-186.80649316368888,1263.6845235522546,16750,True,74.61882019042969,73.96164500000009
dense,17,3017,free,flow,1,CL,3.1206013705145716,3.0,4.020045683819055,-209.30459589256793,3501.984817422614,5500,True,22.465455055236816,22.257425999999896
dense,17,3017,free,flow,1,V,29.426153261094235,30.0,-1.9128224630192152,-209.30459589256793,3501.984817422614,5500,True,22.465455055236816,22.257425999999896
dense,17,3017,free,flow,1,ka,1.187485971252434,1.2,-1.042835728963835,-209.30459589256793,3501.984817422614,5500,True,22.465455055236816,22.257425999999896
dense,17,3017,free,flow,1,om_CL,0.3007722419960781,0.3,0.2574139986927237,-209.30459589256793,3501.984817422614,5500,True,22.465455055236816,22.257425999999896
dense,17,3017,free,flow,1,om_V,0.2229253422640531,0.2,11.462671132026564,-209.30459589256793,3501.984817422614,5500,True,22.465455055236816,22.257425999999896
dense,17,3017,free,flow,1,om_ka,0.3386703331595735,0.4,-15.332416710106628,-209.30459589256793,3501.984817422614,5500,True,22.465455055236816,22.257425999999896
dense,17,3017,free,flow,1,sigma,0.2117679857292056,0.2,5.88399286460281,-209.30459589256793,3501.984817422614,5500,True,22.465455055236816,22.257425999999896
dense,17,3017,free,flow,8,CL,3.121838619715283,3.0,4.061287323842766,-208.89296930768677,1967.863793453375,6000,True,7.036456108093262,6.984772999999905
dense,17,3017,free,flow,8,V,29.263640593901467,30.0,-2.454531353661776,-208.89296930768677,1967.863793453375,6000,True,7.036456108093262,6.984772999999905
dense,17,3017,free,flow,8,ka,1.1949801062952523,1.2,-0.4183244753956372,-208.89296930768677,1967.863793453375,6000,True,7.036456108093262,6.984772999999905
dense,17,3017,free,flow,8,om_CL,0.3053637687873743,0.3,1.7879229291247931,-208.89296930768677,1967.863793453375,6000,True,7.036456108093262,6.984772999999905
dense,17,3017,free,flow,8,om_V,0.2253211108397637,0.2,12.660555419881868,-208.89296930768677,1967.863793453375,6000,True,7.036456108093262,6.984772999999905
dense,17,3017,free,flow,8,om_ka,0.3575670477833137,0.4,-10.608238054171574,-208.89296930768677,1967.863793453375,6000,True,7.036456108093262,6.984772999999905
dense,17,3017,free,flow,8,sigma,0.2071648167988516,0.2,3.5824083994258347,-208.89296930768677,1967.863793453375,6000,True,7.036456108093262,6.984772999999905
dense,17,3017,free,flow,64,CL,3.1000872759609592,3.0,3.3362425320319744,-208.7976431978193,1897.6610001222668,11000,True,50.11957597732544,49.50404000000003
dense,17,3017,free,flow,64,V,29.28113184708736,30.0,-2.3962271763754592,-208.7976431978193,1897.6610001222668,11000,True,50.11957597732544,49.50404000000003
dense,17,3017,free,flow,64,ka,1.204843745060285,1.2,0.4036454216903943,-208.7976431978193,1897.6610001222668,11000,True,50.11957597732544,49.50404000000003
dense,17,3017,free,flow,64,om_CL,0.3036848171116231,0.3,1.228272370541054,-208.7976431978193,1897.6610001222668,11000,True,50.11957597732544,49.50404000000003
dense,17,3017,free,flow,64,om_V,0.2229837731836147,0.2,11.491886591807344,-208.7976431978193,1897.6610001222668,11000,True,50.11957597732544,49.50404000000003
dense,17,3017,free,flow,64,om_ka,0.3651853262458719,0.4,-8.703668438532013,-208.7976431978193,1897.6610001222668,11000,True,50.11957597732544,49.50404000000003
dense,17,3017,free,flow,64,sigma,0.2074942177930402,0.2,3.7471088965201207,-208.7976431978193,1897.6610001222668,11000,True,50.11957597732544,49.50404000000003
dense,18,3018,free,flow,1,CL,2.883300127018128,3.0,-3.889995766062393,-141.74528446042382,3210.9269674946468,2500,True,10.608605861663818,10.439671999999971
dense,18,3018,free,flow,1,V,30.23847322805313,30.0,0.7949107601771033,-141.74528446042382,3210.9269674946468,2500,True,10.608605861663818,10.439671999999971
dense,18,3018,free,flow,1,ka,1.1511788132111056,1.2,-4.068432232407863,-141.74528446042382,3210.9269674946468,2500,True,10.608605861663818,10.439671999999971
dense,18,3018,free,flow,1,om_CL,0.274400189963185,0.3,-8.533270012271666,-141.74528446042382,3210.9269674946468,2500,True,10.608605861663818,10.439671999999971
dense,18,3018,free,flow,1,om_V,0.1919358359634347,0.2,-4.032082018282631,-141.74528446042382,3210.9269674946468,2500,True,10.608605861663818,10.439671999999971
dense,18,3018,free,flow,1,om_ka,0.32676136567242,0.4,-18.30965858189501,-141.74528446042382,3210.9269674946468,2500,True,10.608605861663818,10.439671999999971
dense,18,3018,free,flow,1,sigma,0.1980145586672409,0.2,-0.9927206663795374,-141.74528446042382,3210.9269674946468,2500,True,10.608605861663818,10.439671999999971
dense,18,3018,free,flow,8,CL,2.912616013408255,3.0,-2.9127995530581727,-141.2738308710955,2706.9711280110655,11250,True,13.246569871902466,13.118318000000045
dense,18,3018,free,flow,8,V,29.97254318892578,30.0,-0.0915227035807338,-141.2738308710955,2706.9711280110655,11250,True,13.246569871902466,13.118318000000045
dense,18,3018,free,flow,8,ka,1.1467584829835549,1.2,-4.436793084703775,-141.2738308710955,2706.9711280110655,11250,True,13.246569871902466,13.118318000000045
dense,18,3018,free,flow,8,om_CL,0.2721970436864211,0.3,-9.267652104526274,-141.2738308710955,2706.9711280110655,11250,True,13.246569871902466,13.118318000000045
dense,18,3018,free,flow,8,om_V,0.1912857979996028,0.2,-4.357101000198607,-141.2738308710955,2706.9711280110655,11250,True,13.246569871902466,13.118318000000045
dense,18,3018,free,flow,8,om_ka,0.334432395870046,0.4,-16.391901032488498,-141.2738308710955,2706.9711280110655,11250,True,13.246569871902466,13.118318000000045
dense,18,3018,free,flow,8,sigma,0.1959267145670667,0.2,-2.036642716466655,-141.2738308710955,2706.9711280110655,11250,True,13.246569871902466,13.118318000000045
dense,18,3018,free,flow,64,CL,2.928821024422095,3.0,-2.3726325192634956,-141.56457585828375,1315.870203792709,4000,True,18.110239028930664,17.963265999999976
dense,18,3018,free,flow,64,V,29.95269982560347,30.0,-0.1576672479884185,-141.56457585828375,1315.870203792709,4000,True,18.110239028930664,17.963265999999976
dense,18,3018,free,flow,64,ka,1.1442566110918382,1.2,-4.645282409013482,-141.56457585828375,1315.870203792709,4000,True,18.110239028930664,17.963265999999976
dense,18,3018,free,flow,64,om_CL,0.2699397176972741,0.3,-10.020094100908633,-141.56457585828375,1315.870203792709,4000,True,18.110239028930664,17.963265999999976
dense,18,3018,free,flow,64,om_V,0.1942220555231959,0.2,-2.8889722384020375,-141.56457585828375,1315.870203792709,4000,True,18.110239028930664,17.963265999999976
dense,18,3018,free,flow,64,om_ka,0.3338703584256579,0.4,-16.532410393585536,-141.56457585828375,1315.870203792709,4000,True,18.110239028930664,17.963265999999976
dense,18,3018,free,flow,64,sigma,0.1942380655456347,0.2,-2.8809672271826594,-141.56457585828375,1315.870203792709,4000,True,18.110239028930664,17.963265999999976
dense,19,3019,free,flow,1,CL,3.024251663313985,3.0,0.8083887771328365,-184.0932573939587,3596.1783573236344,7250,True,29.62590909004211,29.342597999999953
dense,19,3019,free,flow,1,V,29.827427448451132,30.0,-0.5752418384962255,-184.0932573939587,3596.1783573236344,7250,True,29.62590909004211,29.342597999999953
dense,19,3019,free,flow,1,ka,1.1700428458072505,1.2,-2.496429516062456,-184.0932573939587,3596.1783573236344,7250,True,29.62590909004211,29.342597999999953
dense,19,3019,free,flow,1,om_CL,0.2894237013620545,0.3,-3.525432879315153,-184.0932573939587,3596.1783573236344,7250,True,29.62590909004211,29.342597999999953
dense,19,3019,free,flow,1,om_V,0.1779616864567572,0.2,-11.019156771621391,-184.0932573939587,3596.1783573236344,7250,True,29.62590909004211,29.342597999999953
dense,19,3019,free,flow,1,om_ka,0.3785891522112531,0.4,-5.3527119471867275,-184.0932573939587,3596.1783573236344,7250,True,29.62590909004211,29.342597999999953
dense,19,3019,free,flow,1,sigma,0.209705402444704,0.2,4.852701222351999,-184.0932573939587,3596.1783573236344,7250,True,29.62590909004211,29.342597999999953
dense,19,3019,free,flow,8,CL,2.97567730361606,3.0,-0.8107565461313341,-183.8001149110009,2998.988878627372,11750,True,13.565858840942385,13.466096000000109
dense,19,3019,free,flow,8,V,29.720969260095647,30.0,-0.9301024663478448,-183.8001149110009,2998.988878627372,11750,True,13.565858840942385,13.466096000000109
dense,19,3019,free,flow,8,ka,1.185834735353499,1.2,-1.1804387205417433,-183.8001149110009,2998.988878627372,11750,True,13.565858840942385,13.466096000000109
dense,19,3019,free,flow,8,om_CL,0.2877484574996901,0.3,-4.083847500103285,-183.8001149110009,2998.988878627372,11750,True,13.565858840942385,13.466096000000109
dense,19,3019,free,flow,8,om_V,0.1772432916269504,0.2,-11.378354186524774,-183.8001149110009,2998.988878627372,11750,True,13.565858840942385,13.466096000000109
dense,19,3019,free,flow,8,om_ka,0.3884428818904539,0.4,-2.8892795273865177,-183.8001149110009,2998.988878627372,11750,True,13.565858840942385,13.466096000000109
dense,19,3019,free,flow,8,sigma,0.2081153932885062,0.2,4.057696644253094,-183.8001149110009,2998.988878627372,11750,True,13.565858840942385,13.466096000000109
dense,19,3019,free,flow,64,CL,2.9604570466488584,3.0,-1.3180984450380515,-183.79134489210136,2132.8905010921644,2250,True,10.216730833053589,10.139621000000034
dense,19,3019,free,flow,64,V,29.39393408942729,30.0,-2.0202197019090327,-183.79134489210136,2132.8905010921644,2250,True,10.216730833053589,10.139621000000034
dense,19,3019,free,flow,64,ka,1.222543376519107,1.2,1.878614709925582,-183.79134489210136,2132.8905010921644,2250,True,10.216730833053589,10.139621000000034
dense,19,3019,free,flow,64,om_CL,0.2892887068452571,0.3,-3.5704310515809654,-183.79134489210136,2132.8905010921644,2250,True,10.216730833053589,10.139621000000034
dense,19,3019,free,flow,64,om_V,0.1805103128107651,0.2,-9.744843594617413,-183.79134489210136,2132.8905010921644,2250,True,10.216730833053589,10.139621000000034
dense,19,3019,free,flow,64,om_ka,0.3921734661720564,0.4,-1.9566334569859067,-183.79134489210136,2132.8905010921644,2250,True,10.216730833053589,10.139621000000034
dense,19,3019,free,flow,64,sigma,0.2057582408513674,0.2,2.8791204256836953,-183.79134489210136,2132.8905010921644,2250,True,10.216730833053589,10.139621000000034
dense,20,3020,free,flow,1,CL,2.928997010046392,3.0,-2.3667663317869327,-141.38749378396676,3228.086990537239,2750,True,11.22266125679016,11.129159999999956
dense,20,3020,free,flow,1,V,31.431778695615044,30.0,4.772595652050147,-141.38749378396676,3228.086990537239,2750,True,11.22266125679016,11.129159999999956
dense,20,3020,free,flow,1,ka,1.321904038525563,1.2,10.158669877130247,-141.38749378396676,3228.086990537239,2750,True,11.22266125679016,11.129159999999956
dense,20,3020,free,flow,1,om_CL,0.2880290594883291,0.3,-3.990313503890286,-141.38749378396676,3228.086990537239,2750,True,11.22266125679016,11.129159999999956
dense,20,3020,free,flow,1,om_V,0.1846814845607575,0.2,-7.659257719621253,-141.38749378396676,3228.086990537239,2750,True,11.22266125679016,11.129159999999956
dense,20,3020,free,flow,1,om_ka,0.4255841873120691,0.4,6.3960468280172815,-141.38749378396676,3228.086990537239,2750,True,11.22266125679016,11.129159999999956
dense,20,3020,free,flow,1,sigma,0.189373367472345,0.2,-5.313316263827472,-141.38749378396676,3228.086990537239,2750,True,11.22266125679016,11.129159999999956
dense,20,3020,free,flow,8,CL,2.9841821235432406,3.0,-0.5272625485586454,-141.50964325653715,2191.273426199642,10250,True,11.93790888786316,11.844491999999946
dense,20,3020,free,flow,8,V,31.33007068730913,30.0,4.433568957697105,-141.50964325653715,2191.273426199642,10250,True,11.93790888786316,11.844491999999946
dense,20,3020,free,flow,8,ka,1.3217559861728048,1.2,10.146332181067068,-141.50964325653715,2191.273426199642,10250,True,11.93790888786316,11.844491999999946
dense,20,3020,free,flow,8,om_CL,0.2913923400445505,0.3,-2.869219985149811,-141.50964325653715,2191.273426199642,10250,True,11.93790888786316,11.844491999999946
dense,20,3020,free,flow,8,om_V,0.1782843837888012,0.2,-10.857808105599386,-141.50964325653715,2191.273426199642,10250,True,11.93790888786316,11.844491999999946
dense,20,3020,free,flow,8,om_ka,0.4362098681155718,0.4,9.052467028892938,-141.50964325653715,2191.273426199642,10250,True,11.93790888786316,11.844491999999946
dense,20,3020,free,flow,8,sigma,0.1898228995988527,0.2,-5.088550200573638,-141.50964325653715,2191.273426199642,10250,True,11.93790888786316,11.844491999999946
dense,20,3020,free,flow,64,CL,2.915483872755082,3.0,-2.8172042414972656,-140.8606276394681,825.4325808770083,9000,True,40.9020938873291,40.491153999999824
dense,20,3020,free,flow,64,V,31.199078990002253,30.0,3.996929966674175,-140.8606276394681,825.4325808770083,9000,True,40.9020938873291,40.491153999999824
dense,20,3020,free,flow,64,ka,1.3502317310638368,1.2,12.5193109219864,-140.8606276394681,825.4325808770083,9000,True,40.9020938873291,40.491153999999824
dense,20,3020,free,flow,64,om_CL,0.2914192793065873,0.3,-2.860240231137549,-140.8606276394681,825.4325808770083,9000,True,40.9020938873291,40.491153999999824
dense,20,3020,free,flow,64,om_V,0.1862773153603829,0.2,-6.861342319808519,-140.8606276394681,825.4325808770083,9000,True,40.9020938873291,40.491153999999824
dense,20,3020,free,flow,64,om_ka,0.4494534824828171,0.4,12.363370620704275,-140.8606276394681,825.4325808770083,9000,True,40.9020938873291,40.491153999999824
dense,20,3020,free,flow,64,sigma,0.18693168817378,0.2,-6.5341559131099896,-140.8606276394681,825.4325808770083,9000,True,40.9020938873291,40.491153999999824
dense,21,3021,free,flow,1,CL,2.9883163512429345,3.0,-0.3894549585688504,-178.91800516870973,3773.9569778125656,9500,True,38.390307664871216,38.07801500000005
dense,21,3021,free,flow,1,V,30.188113913365516,30.0,0.6270463778850536,-178.91800516870973,3773.9569778125656,9500,True,38.390307664871216,38.07801500000005
dense,21,3021,free,flow,1,ka,1.2486869148841322,1.2,4.05724290701102,-178.91800516870973,3773.9569778125656,9500,True,38.390307664871216,38.07801500000005
dense,21,3021,free,flow,1,om_CL,0.2589062685357627,0.3,-13.697910488079094,-178.91800516870973,3773.9569778125656,9500,True,38.390307664871216,38.07801500000005
dense,21,3021,free,flow,1,om_V,0.2113312650993354,0.2,5.66563254966769,-178.91800516870973,3773.9569778125656,9500,True,38.390307664871216,38.07801500000005
dense,21,3021,free,flow,1,om_ka,0.4150501365668432,0.4,3.762534141710794,-178.91800516870973,3773.9569778125656,9500,True,38.390307664871216,38.07801500000005
dense,21,3021,free,flow,1,sigma,0.2019306772052864,0.2,0.9653386026432093,-178.91800516870973,3773.9569778125656,9500,True,38.390307664871216,38.07801500000005
dense,21,3021,free,flow,8,CL,3.1101767468069337,3.0,3.6725582268977894,-180.58497127586932,2713.4196886274435,9750,True,11.35774302482605,11.262293
dense,21,3021,free,flow,8,V,29.660914536134676,30.0,-1.1302848795510794,-180.58497127586932,2713.4196886274435,9750,True,11.35774302482605,11.262293
dense,21,3021,free,flow,8,ka,1.2409623221805386,1.2,3.4135268483782197,-180.58497127586932,2713.4196886274435,9750,True,11.35774302482605,11.262293
dense,21,3021,free,flow,8,om_CL,0.2513822923131014,0.3,-16.205902562299535,-180.58497127586932,2713.4196886274435,9750,True,11.35774302482605,11.262293
dense,21,3021,free,flow,8,om_V,0.2063715749581066,0.2,3.1857874790532925,-180.58497127586932,2713.4196886274435,9750,True,11.35774302482605,11.262293
dense,21,3021,free,flow,8,om_ka,0.420048651697219,0.4,5.012162924304744,-180.58497127586932,2713.4196886274435,9750,True,11.35774302482605,11.262293
dense,21,3021,free,flow,8,sigma,0.205227854732874,0.2,2.6139273664370353,-180.58497127586932,2713.4196886274435,9750,True,11.35774302482605,11.262293
dense,21,3021,free,flow,64,CL,3.0669984709211344,3.0,2.233282364037814,-179.04045123553138,753.1036419815513,4750,True,21.273110151290897,21.112334000000143
dense,21,3021,free,flow,64,V,30.199794957169228,30.0,0.6659831905640937,-179.04045123553138,753.1036419815513,4750,True,21.273110151290897,21.112334000000143
dense,21,3021,free,flow,64,ka,1.2608055130484166,1.2,5.067126087368053,-179.04045123553138,753.1036419815513,4750,True,21.273110151290897,21.112334000000143
dense,21,3021,free,flow,64,om_CL,0.2598293476796958,0.3,-13.390217440101402,-179.04045123553138,753.1036419815513,4750,True,21.273110151290897,21.112334000000143
dense,21,3021,free,flow,64,om_V,0.2086739839141068,0.2,4.336991957053421,-179.04045123553138,753.1036419815513,4750,True,21.273110151290897,21.112334000000143
dense,21,3021,free,flow,64,om_ka,0.4086822594506338,0.4,2.170564862658458,-179.04045123553138,753.1036419815513,4750,True,21.273110151290897,21.112334000000143
dense,21,3021,free,flow,64,sigma,0.2034692668540089,0.2,1.7346334270044588,-179.04045123553138,753.1036419815513,4750,True,21.273110151290897,21.112334000000143
dense,22,3022,free,flow,1,CL,3.1264653608438437,3.0,4.215512028128125,-201.55419130269308,3372.1298189928116,5750,True,23.19352698326111,23.013592000000017
dense,22,3022,free,flow,1,V,29.12466100970284,30.0,-2.9177966343238637,-201.55419130269308,3372.1298189928116,5750,True,23.19352698326111,23.013592000000017
dense,22,3022,free,flow,1,ka,1.1467363680936673,1.2,-4.438635992194388,-201.55419130269308,3372.1298189928116,5750,True,23.19352698326111,23.013592000000017
dense,22,3022,free,flow,1,om_CL,0.2808746427187852,0.3,-6.375119093738243,-201.55419130269308,3372.1298189928116,5750,True,23.19352698326111,23.013592000000017
dense,22,3022,free,flow,1,om_V,0.1972310954800898,0.2,-1.3844522599550937,-201.55419130269308,3372.1298189928116,5750,True,23.19352698326111,23.013592000000017
dense,22,3022,free,flow,1,om_ka,0.3785363652247154,0.4,-5.365908693821142,-201.55419130269308,3372.1298189928116,5750,True,23.19352698326111,23.013592000000017
dense,22,3022,free,flow,1,sigma,0.2104129659351624,0.2,5.206482967581236,-201.55419130269308,3372.1298189928116,5750,True,23.19352698326111,23.013592000000017
dense,22,3022,free,flow,8,CL,3.047543635328739,3.0,1.5847878442913022,-202.2144847576755,2200.2838797071,12000,True,13.966222763061523,13.850684999999883
dense,22,3022,free,flow,8,V,29.0181590643485,30.0,-3.2728031188383375,-202.2144847576755,2200.2838797071,12000,True,13.966222763061523,13.850684999999883
dense,22,3022,free,flow,8,ka,1.1662833249420137,1.2,-2.809722921498855,-202.2144847576755,2200.2838797071,12000,True,13.966222763061523,13.850684999999883
dense,22,3022,free,flow,8,om_CL,0.2867332418306662,0.3,-4.422252723111253,-202.2144847576755,2200.2838797071,12000,True,13.966222763061523,13.850684999999883
dense,22,3022,free,flow,8,om_V,0.1922658079790624,0.2,-3.8670960104687926,-202.2144847576755,2200.2838797071,12000,True,13.966222763061523,13.850684999999883
dense,22,3022,free,flow,8,om_ka,0.3916829630576656,0.4,-2.079259235583608,-202.2144847576755,2200.2838797071,12000,True,13.966222763061523,13.850684999999883
dense,22,3022,free,flow,8,sigma,0.2124066499531914,0.2,6.203324976595717,-202.2144847576755,2200.2838797071,12000,True,13.966222763061523,13.850684999999883
dense,22,3022,free,flow,64,CL,3.1242702088014283,3.0,4.142340293380942,-202.1711444813349,1146.8759519510902,6750,True,30.734397888183594,30.428351999999904
dense,22,3022,free,flow,64,V,29.1674131176652,30.0,-2.7752896077826605,-202.1711444813349,1146.8759519510902,6750,True,30.734397888183594,30.428351999999904
dense,22,3022,free,flow,64,ka,1.140391487421635,1.2,-4.967376048197081,-202.1711444813349,1146.8759519510902,6750,True,30.734397888183594,30.428351999999904
dense,22,3022,free,flow,64,om_CL,0.2778979308342259,0.3,-7.367356388591355,-202.1711444813349,1146.8759519510902,6750,True,30.734397888183594,30.428351999999904
dense,22,3022,free,flow,64,om_V,0.1994081045957715,0.2,-0.2959477021142326,-202.1711444813349,1146.8759519510902,6750,True,30.734397888183594,30.428351999999904
dense,22,3022,free,flow,64,om_ka,0.3795891618630158,0.4,-5.1027095342460465,-202.1711444813349,1146.8759519510902,6750,True,30.734397888183594,30.428351999999904
dense,22,3022,free,flow,64,sigma,0.2070107645706582,0.2,3.5053822853291225,-202.1711444813349,1146.8759519510902,6750,True,30.734397888183594,30.428351999999904
dense,23,3023,free,flow,1,CL,3.0499172193487367,3.0,1.6639073116245573,-210.40787997025905,3635.7076481344425,6500,True,26.981635093688965,26.681089000000156
dense,23,3023,free,flow,1,V,30.402996499273744,30.0,1.3433216642458137,-210.40787997025905,3635.7076481344425,6500,True,26.981635093688965,26.681089000000156
dense,23,3023,free,flow,1,ka,1.21426412133662,1.2,1.1886767780516598,-210.40787997025905,3635.7076481344425,6500,True,26.981635093688965,26.681089000000156
dense,23,3023,free,flow,1,om_CL,0.3187950610282407,0.3,6.2650203427468965,-210.40787997025905,3635.7076481344425,6500,True,26.981635093688965,26.681089000000156
dense,23,3023,free,flow,1,om_V,0.2313432718166173,0.2,15.67163590830864,-210.40787997025905,3635.7076481344425,6500,True,26.981635093688965,26.681089000000156
dense,23,3023,free,flow,1,om_ka,0.3867267909301372,0.4,-3.3183022674656972,-210.40787997025905,3635.7076481344425,6500,True,26.981635093688965,26.681089000000156
dense,23,3023,free,flow,1,sigma,0.2055563238680976,0.2,2.7781619340488253,-210.40787997025905,3635.7076481344425,6500,True,26.981635093688965,26.681089000000156
dense,23,3023,free,flow,8,CL,3.0291885920189885,3.0,0.9729530672996164,-210.7821158405976,2534.255410950622,6250,True,7.422015905380249,7.352998999999954
dense,23,3023,free,flow,8,V,30.475618072008643,30.0,1.5853935733621445,-210.7821158405976,2534.255410950622,6250,True,7.422015905380249,7.352998999999954
dense,23,3023,free,flow,8,ka,1.2082236251293594,1.2,0.68530209411329,-210.7821158405976,2534.255410950622,6250,True,7.422015905380249,7.352998999999954
dense,23,3023,free,flow,8,om_CL,0.3182007570550581,0.3,6.066919018352713,-210.7821158405976,2534.255410950622,6250,True,7.422015905380249,7.352998999999954
dense,23,3023,free,flow,8,om_V,0.22973680030824,0.2,14.868400154119998,-210.7821158405976,2534.255410950622,6250,True,7.422015905380249,7.352998999999954
dense,23,3023,free,flow,8,om_ka,0.377176976494649,0.4,-5.705755876337759,-210.7821158405976,2534.255410950622,6250,True,7.422015905380249,7.352998999999954
dense,23,3023,free,flow,8,sigma,0.2080580832538076,0.2,4.029041626903831,-210.7821158405976,2534.255410950622,6250,True,7.422015905380249,7.352998999999954
dense,23,3023,free,flow,64,CL,3.021838634312606,3.0,0.7279544770868451,-210.76862616394655,1804.2697442344645,7000,True,32.831992864608765,32.34118900000021
dense,23,3023,free,flow,64,V,30.50021797857983,30.0,1.6673932619327658,-210.76862616394655,1804.2697442344645,7000,True,32.831992864608765,32.34118900000021
dense,23,3023,free,flow,64,ka,1.211350900641213,1.2,0.9459083867677612,-210.76862616394655,1804.2697442344645,7000,True,32.831992864608765,32.34118900000021
dense,23,3023,free,flow,64,om_CL,0.3178708955759071,0.3,5.956965191969033,-210.76862616394655,1804.2697442344645,7000,True,32.831992864608765,32.34118900000021
dense,23,3023,free,flow,64,om_V,0.228870295060166,0.2,14.435147530083016,-210.76862616394655,1804.2697442344645,7000,True,32.831992864608765,32.34118900000021
dense,23,3023,free,flow,64,om_ka,0.3920705859732535,0.4,-1.9823535066866296,-210.76862616394655,1804.2697442344645,7000,True,32.831992864608765,32.34118900000021
dense,23,3023,free,flow,64,sigma,0.2064727600829518,0.2,3.236380041475889,-210.76862616394655,1804.2697442344645,7000,True,32.831992864608765,32.34118900000021
dense,24,3024,free,flow,1,CL,2.9141959368503967,3.0,-2.8601354383201105,-142.41216387607906,3719.3700977892577,6500,True,26.664550065994263,26.260852999999997
dense,24,3024,free,flow,1,V,31.13850405740709,30.0,3.795013524690299,-142.41216387607906,3719.3700977892577,6500,True,26.664550065994263,26.260852999999997
dense,24,3024,free,flow,1,ka,1.1176084214940307,1.2,-6.865964875497436,-142.41216387607906,3719.3700977892577,6500,True,26.664550065994263,26.260852999999997
dense,24,3024,free,flow,1,om_CL,0.3139770936989464,0.3,4.659031232982133,-142.41216387607906,3719.3700977892577,6500,True,26.664550065994263,26.260852999999997
dense,24,3024,free,flow,1,om_V,0.1759763107389874,0.2,-12.01184463050628,-142.41216387607906,3719.3700977892577,6500,True,26.664550065994263,26.260852999999997
dense,24,3024,free,flow,1,om_ka,0.4079149712859667,0.4,1.9787428214916856,-142.41216387607906,3719.3700977892577,6500,True,26.664550065994263,26.260852999999997
dense,24,3024,free,flow,1,sigma,0.1852026388606918,0.2,-7.398680569654064,-142.41216387607906,3719.3700977892577,6500,True,26.664550065994263,26.260852999999997
dense,24,3024,free,flow,8,CL,2.991659895185391,3.0,-0.2780034938202854,-142.13855852115813,2438.3192980361573,8250,True,9.460139036178589,9.391459999999825
dense,24,3024,free,flow,8,V,30.895780691754396,30.0,2.9859356391813208,-142.13855852115813,2438.3192980361573,8250,True,9.460139036178589,9.391459999999825
dense,24,3024,free,flow,8,ka,1.1280168815827565,1.2,-5.9985932014369565,-142.13855852115813,2438.3192980361573,8250,True,9.460139036178589,9.391459999999825
dense,24,3024,free,flow,8,om_CL,0.3122521232893496,0.3,4.084041096449886,-142.13855852115813,2438.3192980361573,8250,True,9.460139036178589,9.391459999999825
dense,24,3024,free,flow,8,om_V,0.1749331484857597,0.2,-12.533425757120131,-142.13855852115813,2438.3192980361573,8250,True,9.460139036178589,9.391459999999825
dense,24,3024,free,flow,8,om_ka,0.4246227200662006,0.4,6.155680016550146,-142.13855852115813,2438.3192980361573,8250,True,9.460139036178589,9.391459999999825
dense,24,3024,free,flow,8,sigma,0.1851573518250671,0.2,-7.421324087466417,-142.13855852115813,2438.3192980361573,8250,True,9.460139036178589,9.391459999999825
dense,24,3024,free,flow,64,CL,3.0329415733277196,3.0,1.098052444257321,-141.71216549875555,2044.4923228499972,7000,True,30.87676692008972,30.634809000000132
dense,24,3024,free,flow,64,V,30.962996943117098,30.0,3.2099898103903257,-141.71216549875555,2044.4923228499972,7000,True,30.87676692008972,30.634809000000132
dense,24,3024,free,flow,64,ka,1.1270362225485229,1.2,-6.080314787623091,-141.71216549875555,2044.4923228499972,7000,True,30.87676692008972,30.634809000000132
dense,24,3024,free,flow,64,om_CL,0.3202707673530519,0.3,6.756922451017297,-141.71216549875555,2044.4923228499972,7000,True,30.87676692008972,30.634809000000132
dense,24,3024,free,flow,64,om_V,0.1766710527068691,0.2,-11.664473646565447,-141.71216549875555,2044.4923228499972,7000,True,30.87676692008972,30.634809000000132
dense,24,3024,free,flow,64,om_ka,0.4160661857943161,0.4,4.0165464485790165,-141.71216549875555,2044.4923228499972,7000,True,30.87676692008972,30.634809000000132
dense,24,3024,free,flow,64,sigma,0.1842886210915299,0.2,-7.85568945423505,-141.71216549875555,2044.4923228499972,7000,True,30.87676692008972,30.634809000000132
dense,25,3025,free,flow,1,CL,2.9841942153584884,3.0,-0.5268594880503871,-206.26529148281713,3717.503588441533,11000,True,43.28866410255432,43.0258409999999
dense,25,3025,free,flow,1,V,29.8771513634051,30.0,-0.4094954553163295,-206.26529148281713,3717.503588441533,11000,True,43.28866410255432,43.0258409999999
dense,25,3025,free,flow,1,ka,1.2350931393267532,1.2,2.9244282772294405,-206.26529148281713,3717.503588441533,11000,True,43.28866410255432,43.0258409999999
dense,25,3025,free,flow,1,om_CL,0.2714009366899312,0.3,-9.533021103356244,-206.26529148281713,3717.503588441533,11000,True,43.28866410255432,43.0258409999999
dense,25,3025,free,flow,1,om_V,0.214771068718523,0.2,7.385534359261494,-206.26529148281713,3717.503588441533,11000,True,43.28866410255432,43.0258409999999
dense,25,3025,free,flow,1,om_ka,0.421840506387089,0.4,5.4601265967722385,-206.26529148281713,3717.503588441533,11000,True,43.28866410255432,43.0258409999999
dense,25,3025,free,flow,1,sigma,0.2141683580565646,0.2,7.084179028282289,-206.26529148281713,3717.503588441533,11000,True,43.28866410255432,43.0258409999999
dense,25,3025,free,flow,8,CL,2.9582990284491304,3.0,-1.3900323850289868,-205.99652172296555,3221.840443679762,11500,True,13.062034845352173,12.984388999999965
dense,25,3025,free,flow,8,V,30.35346655367394,30.0,1.1782218455797988,-205.99652172296555,3221.840443679762,11500,True,13.062034845352173,12.984388999999965
dense,25,3025,free,flow,8,ka,1.2375076191104986,1.2,3.1256349258748837,-205.99652172296555,3221.840443679762,11500,True,13.062034845352173,12.984388999999965
dense,25,3025,free,flow,8,om_CL,0.2704115019554841,0.3,-9.862832681505283,-205.99652172296555,3221.840443679762,11500,True,13.062034845352173,12.984388999999965
dense,25,3025,free,flow,8,om_V,0.2185492121309711,0.2,9.274606065485566,-205.99652172296555,3221.840443679762,11500,True,13.062034845352173,12.984388999999965
dense,25,3025,free,flow,8,om_ka,0.4341304596039995,0.4,8.532614900999866,-205.99652172296555,3221.840443679762,11500,True,13.062034845352173,12.984388999999965
dense,25,3025,free,flow,8,sigma,0.212119349991438,0.2,6.0596749957190355,-205.99652172296555,3221.840443679762,11500,True,13.062034845352173,12.984388999999965
dense,25,3025,free,flow,64,CL,2.9243519509785387,3.0,-2.521601634048709,-206.28351170821088,1553.2811218272943,4000,True,17.67402720451355,17.50265000000013
dense,25,3025,free,flow,64,V,30.08047121969193,30.0,0.268237398973099,-206.28351170821088,1553.2811218272943,4000,True,17.67402720451355,17.50265000000013
dense,25,3025,free,flow,64,ka,1.2650471800294851,1.2,5.420598335790431,-206.28351170821088,1553.2811218272943,4000,True,17.67402720451355,17.50265000000013
dense,25,3025,free,flow,64,om_CL,0.2702684061661785,0.3,-9.910531277940503,-206.28351170821088,1553.2811218272943,4000,True,17.67402720451355,17.50265000000013
dense,25,3025,free,flow,64,om_V,0.216116005171773,0.2,8.058002585886527,-206.28351170821088,1553.2811218272943,4000,True,17.67402720451355,17.50265000000013
dense,25,3025,free,flow,64,om_ka,0.4387933326437273,0.4,9.698333160931814,-206.28351170821088,1553.2811218272943,4000,True,17.67402720451355,17.50265000000013
dense,25,3025,free,flow,64,sigma,0.2128127967394577,0.2,6.406398369728838,-206.28351170821088,1553.2811218272943,4000,True,17.67402720451355,17.50265000000013
dense,26,3026,free,flow,1,CL,2.888904326421341,3.0,-3.7031891192886266,-172.91405779786515,2294.431526837974,2000,True,8.062299728393555,8.013445000000047
dense,26,3026,free,flow,1,V,29.29934463207019,30.0,-2.3355178930993623,-172.91405779786515,2294.431526837974,2000,True,8.062299728393555,8.013445000000047
dense,26,3026,free,flow,1,ka,1.2687885857277754,1.2,5.7323821439812885,-172.91405779786515,2294.431526837974,2000,True,8.062299728393555,8.013445000000047
dense,26,3026,free,flow,1,om_CL,0.3039596172349488,0.3,1.3198724116496217,-172.91405779786515,2294.431526837974,2000,True,8.062299728393555,8.013445000000047
dense,26,3026,free,flow,1,om_V,0.214463811292257,0.2,7.231905646128494,-172.91405779786515,2294.431526837974,2000,True,8.062299728393555,8.013445000000047
dense,26,3026,free,flow,1,om_ka,0.3669689377543148,0.4,-8.257765561421312,-172.91405779786515,2294.431526837974,2000,True,8.062299728393555,8.013445000000047
dense,26,3026,free,flow,1,sigma,0.2003511251250322,0.2,0.175562562516135,-172.91405779786515,2294.431526837974,2000,True,8.062299728393555,8.013445000000047
dense,26,3026,free,flow,8,CL,2.880917606601114,3.0,-3.9694131132962016,-172.26398529779868,2021.408557714836,5750,True,6.634270906448364,6.599025999999867
dense,26,3026,free,flow,8,V,29.39826326277617,30.0,-2.005789124079437,-172.26398529779868,2021.408557714836,5750,True,6.634270906448364,6.599025999999867
dense,26,3026,free,flow,8,ka,1.2690789924666686,1.2,5.756582705555717,-172.26398529779868,2021.408557714836,5750,True,6.634270906448364,6.599025999999867
dense,26,3026,free,flow,8,om_CL,0.3093620398910964,0.3,3.120679963698821,-172.26398529779868,2021.408557714836,5750,True,6.634270906448364,6.599025999999867
dense,26,3026,free,flow,8,om_V,0.2237088838801534,0.2,11.85444194007673,-172.26398529779868,2021.408557714836,5750,True,6.634270906448364,6.599025999999867
dense,26,3026,free,flow,8,om_ka,0.3971189690931913,0.4,-0.7202577267021726,-172.26398529779868,2021.408557714836,5750,True,6.634270906448364,6.599025999999867
dense,26,3026,free,flow,8,sigma,0.1870741720378075,0.2,-6.462913981096261,-172.26398529779868,2021.408557714836,5750,True,6.634270906448364,6.599025999999867
dense,26,3026,free,flow,64,CL,2.9729336386270875,3.0,-0.9022120457637506,-171.80162665341487,1890.4285758467415,8000,True,34.895097732543945,34.696607000000085
dense,26,3026,free,flow,64,V,28.837563210369247,30.0,-3.8747892987691777,-171.80162665341487,1890.4285758467415,8000,True,34.895097732543945,34.696607000000085
dense,26,3026,free,flow,64,ka,1.265286769184926,1.2,5.4405640987438275,-171.80162665341487,1890.4285758467415,8000,True,34.895097732543945,34.696607000000085
dense,26,3026,free,flow,64,om_CL,0.2982709045490606,0.3,-0.576365150313137,-171.80162665341487,1890.4285758467415,8000,True,34.895097732543945,34.696607000000085
dense,26,3026,free,flow,64,om_V,0.2201100245247537,0.2,10.055012262376843,-171.80162665341487,1890.4285758467415,8000,True,34.895097732543945,34.696607000000085
dense,26,3026,free,flow,64,om_ka,0.3919943996574495,0.4,-2.001400085637622,-171.80162665341487,1890.4285758467415,8000,True,34.895097732543945,34.696607000000085
dense,26,3026,free,flow,64,sigma,0.1933150869201205,0.2,-3.3424565399397532,-171.80162665341487,1890.4285758467415,8000,True,34.895097732543945,34.696607000000085
dense,27,3027,free,flow,1,CL,3.136789576986037,3.0,4.559652566201218,-193.15354850461816,3685.7547834415823,7750,True,30.471497058868408,30.31478300000003
dense,27,3027,free,flow,1,V,29.03243272358676,30.0,-3.225224254710793,-193.15354850461816,3685.7547834415823,7750,True,30.471497058868408,30.31478300000003
dense,27,3027,free,flow,1,ka,1.227364859945204,1.2,2.2804049954336754,-193.15354850461816,3685.7547834415823,7750,True,30.471497058868408,30.31478300000003
dense,27,3027,free,flow,1,om_CL,0.2791355120255677,0.3,-6.954829324810767,-193.15354850461816,3685.7547834415823,7750,True,30.471497058868408,30.31478300000003
dense,27,3027,free,flow,1,om_V,0.1948056475503885,0.2,-2.5971762248057497,-193.15354850461816,3685.7547834415823,7750,True,30.471497058868408,30.31478300000003
dense,27,3027,free,flow,1,om_ka,0.4359942800315582,0.4,8.998570007889548,-193.15354850461816,3685.7547834415823,7750,True,30.471497058868408,30.31478300000003
dense,27,3027,free,flow,1,sigma,0.2046785029082322,0.2,2.33925145411612,-193.15354850461816,3685.7547834415823,7750,True,30.471497058868408,30.31478300000003
dense,27,3027,free,flow,8,CL,3.1302977132794787,3.0,4.343257109315957,-193.1978839161721,3611.7054475677696,12750,True,14.421971082687378,14.351838999999927
dense,27,3027,free,flow,8,V,29.097230622126272,30.0,-3.0092312595790935,-193.1978839161721,3611.7054475677696,12750,True,14.421971082687378,14.351838999999927
dense,27,3027,free,flow,8,ka,1.2411392348334354,1.2,3.4282695694529504,-193.1978839161721,3611.7054475677696,12750,True,14.421971082687378,14.351838999999927
dense,27,3027,free,flow,8,om_CL,0.2775730632281082,0.3,-7.475645590630575,-193.1978839161721,3611.7054475677696,12750,True,14.421971082687378,14.351838999999927
dense,27,3027,free,flow,8,om_V,0.1950926293956669,0.2,-2.453685302166525,-193.1978839161721,3611.7054475677696,12750,True,14.421971082687378,14.351838999999927
dense,27,3027,free,flow,8,om_ka,0.4405312742174418,0.4,10.13281855436046,-193.1978839161721,3611.7054475677696,12750,True,14.421971082687378,14.351838999999927
dense,27,3027,free,flow,8,sigma,0.203022410921351,0.2,1.5112054606754992,-193.1978839161721,3611.7054475677696,12750,True,14.421971082687378,14.351838999999927
dense,27,3027,free,flow,64,CL,3.09823083245473,3.0,3.274361081824336,-193.7109841988032,1184.1237500619163,5250,True,22.94110417366028,22.838749000000007
dense,27,3027,free,flow,64,V,29.065683358587417,30.0,-3.114388804708609,-193.7109841988032,1184.1237500619163,5250,True,22.94110417366028,22.838749000000007
dense,27,3027,free,flow,64,ka,1.2480375829697556,1.2,4.003131914146308,-193.7109841988032,1184.1237500619163,5250,True,22.94110417366028,22.838749000000007
dense,27,3027,free,flow,64,om_CL,0.2769515477853815,0.3,-7.68281740487281,-193.7109841988032,1184.1237500619163,5250,True,22.94110417366028,22.838749000000007
dense,27,3027,free,flow,64,om_V,0.1937378120899172,0.2,-3.1310939550413805,-193.7109841988032,1184.1237500619163,5250,True,22.94110417366028,22.838749000000007
dense,27,3027,free,flow,64,om_ka,0.428620652594788,0.4,7.155163148697006,-193.7109841988032,1184.1237500619163,5250,True,22.94110417366028,22.838749000000007
dense,27,3027,free,flow,64,sigma,0.2068055764860883,0.2,3.402788243044158,-193.7109841988032,1184.1237500619163,5250,True,22.94110417366028,22.838749000000007
dense,28,3028,free,flow,1,CL,3.0429737291171213,3.0,1.4324576372373758,-184.90008478772427,3617.0189307947935,5250,True,20.757322788238525,20.64603299999999
dense,28,3028,free,flow,1,V,29.63620769205572,30.0,-1.2126410264809333,-184.90008478772427,3617.0189307947935,5250,True,20.757322788238525,20.64603299999999
dense,28,3028,free,flow,1,ka,1.1594837141725431,1.2,-3.3763571522880675,-184.90008478772427,3617.0189307947935,5250,True,20.757322788238525,20.64603299999999
dense,28,3028,free,flow,1,om_CL,0.3072034306155229,0.3,2.4011435385076405,-184.90008478772427,3617.0189307947935,5250,True,20.757322788238525,20.64603299999999
dense,28,3028,free,flow,1,om_V,0.1822650207981471,0.2,-8.867489600926453,-184.90008478772427,3617.0189307947935,5250,True,20.757322788238525,20.64603299999999
dense,28,3028,free,flow,1,om_ka,0.3913350759478906,0.4,-2.166231013027347,-184.90008478772427,3617.0189307947935,5250,True,20.757322788238525,20.64603299999999
dense,28,3028,free,flow,1,sigma,0.2042625539424304,0.2,2.1312769712152067,-184.90008478772427,3617.0189307947935,5250,True,20.757322788238525,20.64603299999999
dense,28,3028,free,flow,8,CL,3.0209433303260176,3.0,0.6981110108672528,-184.76268753835913,3305.5788126277516,15500,True,17.490630865097046,17.40502300000003
dense,28,3028,free,flow,8,V,29.451250746667338,30.0,-1.829164177775553,-184.76268753835913,3305.5788126277516,15500,True,17.490630865097046,17.40502300000003
dense,28,3028,free,flow,8,ka,1.1780693418675443,1.2,-1.8275548443712857,-184.76268753835913,3305.5788126277516,15500,True,17.490630865097046,17.40502300000003
dense,28,3028,free,flow,8,om_CL,0.3062806885500959,0.3,2.0935628500319825,-184.76268753835913,3305.5788126277516,15500,True,17.490630865097046,17.40502300000003
dense,28,3028,free,flow,8,om_V,0.1825307492034129,0.2,-8.734625398293533,-184.76268753835913,3305.5788126277516,15500,True,17.490630865097046,17.40502300000003
dense,28,3028,free,flow,8,om_ka,0.3994681785041876,0.4,-0.1329553739531086,-184.76268753835913,3305.5788126277516,15500,True,17.490630865097046,17.40502300000003
dense,28,3028,free,flow,8,sigma,0.2010657585685301,0.2,0.5328792842650559,-184.76268753835913,3305.5788126277516,15500,True,17.490630865097046,17.40502300000003
dense,28,3028,free,flow,64,CL,3.0134981558402836,3.0,0.4499385280094525,-184.7596012539561,1465.3869691396146,11500,True,50.159889221191406,49.89137299999993
dense,28,3028,free,flow,64,V,29.680621397981184,30.0,-1.0645953400627188,-184.7596012539561,1465.3869691396146,11500,True,50.159889221191406,49.89137299999993
dense,28,3028,free,flow,64,ka,1.168884272295771,1.2,-2.59297730868574,-184.7596012539561,1465.3869691396146,11500,True,50.159889221191406,49.89137299999993
dense,28,3028,free,flow,64,om_CL,0.3106134779406132,0.3,3.537825980204412,-184.7596012539561,1465.3869691396146,11500,True,50.159889221191406,49.89137299999993
dense,28,3028,free,flow,64,om_V,0.1793922974561344,0.2,-10.303851271932798,-184.7596012539561,1465.3869691396146,11500,True,50.159889221191406,49.89137299999993
dense,28,3028,free,flow,64,om_ka,0.4100966219916805,0.4,2.5241554979201357,-184.7596012539561,1465.3869691396146,11500,True,50.159889221191406,49.89137299999993
dense,28,3028,free,flow,64,sigma,0.2016466961759866,0.2,0.8233480879933225,-184.7596012539561,1465.3869691396146,11500,True,50.159889221191406,49.89137299999993
dense,29,3029,free,flow,1,CL,3.0520673246313637,3.0,1.7355774877121215,-178.25463517906664,3704.977804695328,9000,True,35.27068090438843,35.08729799999992
dense,29,3029,free,flow,1,V,29.59011260289327,30.0,-1.3662913236890857,-178.25463517906664,3704.977804695328,9000,True,35.27068090438843,35.08729799999992
dense,29,3029,free,flow,1,ka,1.191059456821468,1.2,-0.7450452648776567,-178.25463517906664,3704.977804695328,9000,True,35.27068090438843,35.08729799999992
dense,29,3029,free,flow,1,om_CL,0.2774326777604813,0.3,-7.522440746506227,-178.25463517906664,3704.977804695328,9000,True,35.27068090438843,35.08729799999992
dense,29,3029,free,flow,1,om_V,0.192068011332581,0.2,-3.965994333709463,-178.25463517906664,3704.977804695328,9000,True,35.27068090438843,35.08729799999992
dense,29,3029,free,flow,1,om_ka,0.3984101769168694,0.4,-0.3974557707826509,-178.25463517906664,3704.977804695328,9000,True,35.27068090438843,35.08729799999992
dense,29,3029,free,flow,1,sigma,0.2004784738035246,0.2,0.2392369017623075,-178.25463517906664,3704.977804695328,9000,True,35.27068090438843,35.08729799999992
dense,29,3029,free,flow,8,CL,3.0280754801834706,3.0,0.9358493394490204,-178.06151675137045,2835.345501681623,10500,True,11.944640874862673,11.882794000000104
dense,29,3029,free,flow,8,V,29.531015299945,30.0,-1.5632823335166652,-178.06151675137045,2835.345501681623,10500,True,11.944640874862673,11.882794000000104
dense,29,3029,free,flow,8,ka,1.180583555699962,1.2,-1.6180370250031644,-178.06151675137045,2835.345501681623,10500,True,11.944640874862673,11.882794000000104
dense,29,3029,free,flow,8,om_CL,0.2774017137345396,0.3,-7.532762088486781,-178.06151675137045,2835.345501681623,10500,True,11.944640874862673,11.882794000000104
dense,29,3029,free,flow,8,om_V,0.1977047844962033,0.2,-1.1476077518983578,-178.06151675137045,2835.345501681623,10500,True,11.944640874862673,11.882794000000104
dense,29,3029,free,flow,8,om_ka,0.3952377887395333,0.4,-1.19055281511668,-178.06151675137045,2835.345501681623,10500,True,11.944640874862673,11.882794000000104
dense,29,3029,free,flow,8,sigma,0.1998292089783734,0.2,-0.0853955108132825,-178.06151675137045,2835.345501681623,10500,True,11.944640874862673,11.882794000000104
dense,29,3029,free,flow,64,CL,3.076332347851475,3.0,2.5444115950491675,-178.52497584816086,1519.6166420686504,3750,True,16.443986892700195,16.356505999999854
dense,29,3029,free,flow,64,V,29.405031422832863,30.0,-1.983228590557123,-178.52497584816086,1519.6166420686504,3750,True,16.443986892700195,16.356505999999854
dense,29,3029,free,flow,64,ka,1.209347936038485,1.2,0.7789946698737265,-178.52497584816086,1519.6166420686504,3750,True,16.443986892700195,16.356505999999854
dense,29,3029,free,flow,64,om_CL,0.2799970478853156,0.3,-6.667650704894778,-178.52497584816086,1519.6166420686504,3750,True,16.443986892700195,16.356505999999854
dense,29,3029,free,flow,64,om_V,0.1893252634176681,0.2,-5.33736829116592,-178.52497584816086,1519.6166420686504,3750,True,16.443986892700195,16.356505999999854
dense,29,3029,free,flow,64,om_ka,0.4005031122846764,0.4,0.1257780711691053,-178.52497584816086,1519.6166420686504,3750,True,16.443986892700195,16.356505999999854
dense,29,3029,free,flow,64,sigma,0.201718564473972,0.2,0.859282236986017,-178.52497584816086,1519.6166420686504,3750,True,16.443986892700195,16.356505999999854
sparse,0,3000,free,flow,1,CL,2.933178711513666,3.0,-2.2273762828777985,-169.03654083898408,3831.179587321128,10000,True,38.71561288833618,38.49774000000002
sparse,0,3000,free,flow,1,V,28.999247500522447,30.0,-3.3358416649251765,-169.03654083898408,3831.179587321128,10000,True,38.71561288833618,38.49774000000002
sparse,0,3000,free,flow,1,ka,1.1092839455682897,1.2,-7.559671202642523,-169.03654083898408,3831.179587321128,10000,True,38.71561288833618,38.49774000000002
sparse,0,3000,free,flow,1,om_CL,0.3200879711606786,0.3,6.695990386892893,-169.03654083898408,3831.179587321128,10000,True,38.71561288833618,38.49774000000002
sparse,0,3000,free,flow,1,om_V,0.1963681914132891,0.2,-1.8159042933554164,-169.03654083898408,3831.179587321128,10000,True,38.71561288833618,38.49774000000002
sparse,0,3000,free,flow,1,om_ka,0.2614258072393156,0.4,-34.643548190171096,-169.03654083898408,3831.179587321128,10000,True,38.71561288833618,38.49774000000002
sparse,0,3000,free,flow,1,sigma,0.1947713996359981,0.2,-2.6143001820009557,-169.03654083898408,3831.179587321128,10000,True,38.71561288833618,38.49774000000002
sparse,0,3000,free,flow,8,CL,2.9353045069861876,3.0,-2.156516433793746,-169.35651609172004,2770.1763380461257,15000,True,16.30442190170288,16.179924000000028
sparse,0,3000,free,flow,8,V,29.22802979205739,30.0,-2.5732340264753617,-169.35651609172004,2770.1763380461257,15000,True,16.30442190170288,16.179924000000028
sparse,0,3000,free,flow,8,ka,1.1014216507363923,1.2,-8.21486243863397,-169.35651609172004,2770.1763380461257,15000,True,16.30442190170288,16.179924000000028
sparse,0,3000,free,flow,8,om_CL,0.3194050430326429,0.3,6.468347677547651,-169.35651609172004,2770.1763380461257,15000,True,16.30442190170288,16.179924000000028
sparse,0,3000,free,flow,8,om_V,0.188274976862682,0.2,-5.86251156865901,-169.35651609172004,2770.1763380461257,15000,True,16.30442190170288,16.179924000000028
sparse,0,3000,free,flow,8,om_ka,0.2283815047434328,0.4,-42.9046238141418,-169.35651609172004,2770.1763380461257,15000,True,16.30442190170288,16.179924000000028
sparse,0,3000,free,flow,8,sigma,0.2007479956836479,0.2,0.3739978418239448,-169.35651609172004,2770.1763380461257,15000,True,16.30442190170288,16.179924000000028
sparse,0,3000,free,flow,64,CL,2.9311313682873985,3.0,-2.2956210570867164,-168.9430614388403,2775.944834051589,17500,True,70.09653782844543,69.70495299999993
sparse,0,3000,free,flow,64,V,29.31133001544484,30.0,-2.2955666151838727,-168.9430614388403,2775.944834051589,17500,True,70.09653782844543,69.70495299999993
sparse,0,3000,free,flow,64,ka,1.105334721660601,1.2,-7.888773194949887,-168.9430614388403,2775.944834051589,17500,True,70.09653782844543,69.70495299999993
sparse,0,3000,free,flow,64,om_CL,0.3235537797391337,0.3,7.851259913044584,-168.9430614388403,2775.944834051589,17500,True,70.09653782844543,69.70495299999993
sparse,0,3000,free,flow,64,om_V,0.199364495322435,0.2,-0.3177523387825065,-168.9430614388403,2775.944834051589,17500,True,70.09653782844543,69.70495299999993
sparse,0,3000,free,flow,64,om_ka,0.2692864768389949,0.4,-32.678380790251275,-168.9430614388403,2775.944834051589,17500,True,70.09653782844543,69.70495299999993
sparse,0,3000,free,flow,64,sigma,0.1913536992185585,0.2,-4.323150390720759,-168.9430614388403,2775.944834051589,17500,True,70.09653782844543,69.70495299999993
sparse,1,3001,free,flow,1,CL,2.9572887963410848,3.0,-1.4237067886305077,-177.18329340058528,3755.1403009546634,8250,True,31.921539783477783,31.752253999999994
sparse,1,3001,free,flow,1,V,28.65545779589115,30.0,-4.481807347029504,-177.18329340058528,3755.1403009546634,8250,True,31.921539783477783,31.752253999999994
sparse,1,3001,free,flow,1,ka,1.1772766024552008,1.2,-1.893616462066594,-177.18329340058528,3755.1403009546634,8250,True,31.921539783477783,31.752253999999994
sparse,1,3001,free,flow,1,om_CL,0.289757820965301,0.3,-3.4140596782329764,-177.18329340058528,3755.1403009546634,8250,True,31.921539783477783,31.752253999999994
sparse,1,3001,free,flow,1,om_V,0.1432510986247879,0.2,-28.37445068760605,-177.18329340058528,3755.1403009546634,8250,True,31.921539783477783,31.752253999999994
sparse,1,3001,free,flow,1,om_ka,0.5017244500812341,0.4,25.43111252030852,-177.18329340058528,3755.1403009546634,8250,True,31.921539783477783,31.752253999999994
sparse,1,3001,free,flow,1,sigma,0.2051320336765661,0.2,2.566016838283044,-177.18329340058528,3755.1403009546634,8250,True,31.921539783477783,31.752253999999994
sparse,1,3001,free,flow,8,CL,2.92632962525138,3.0,-2.4556791582873347,-177.01158976270753,2568.1848156642227,11000,True,11.940932989120483,11.878336000000218
sparse,1,3001,free,flow,8,V,28.75553592948801,30.0,-4.148213568373305,-177.01158976270753,2568.1848156642227,11000,True,11.940932989120483,11.878336000000218
sparse,1,3001,free,flow,8,ka,1.169371489916405,1.2,-2.552375840299585,-177.01158976270753,2568.1848156642227,11000,True,11.940932989120483,11.878336000000218
sparse,1,3001,free,flow,8,om_CL,0.2895512576728426,0.3,-3.482914109052456,-177.01158976270753,2568.1848156642227,11000,True,11.940932989120483,11.878336000000218
sparse,1,3001,free,flow,8,om_V,0.1325849663849429,0.2,-33.70751680752852,-177.01158976270753,2568.1848156642227,11000,True,11.940932989120483,11.878336000000218
sparse,1,3001,free,flow,8,om_ka,0.5115120771792273,0.4,27.87801929480682,-177.01158976270753,2568.1848156642227,11000,True,11.940932989120483,11.878336000000218
sparse,1,3001,free,flow,8,sigma,0.2048541911664705,0.2,2.427095583235242,-177.01158976270753,2568.1848156642227,11000,True,11.940932989120483,11.878336000000218
sparse,1,3001,free,flow,64,CL,3.007434920852136,3.0,0.2478306950711939,-178.1716106937356,741.5205953301031,7250,True,29.07493305206299,28.87149199999976
sparse,1,3001,free,flow,64,V,28.617955523506076,30.0,-4.606814921646413,-178.1716106937356,741.5205953301031,7250,True,29.07493305206299,28.87149199999976
sparse,1,3001,free,flow,64,ka,1.1651180747421297,1.2,-2.9068271048225403,-178.1716106937356,741.5205953301031,7250,True,29.07493305206299,28.87149199999976
sparse,1,3001,free,flow,64,om_CL,0.2895993475794052,0.3,-3.4668841401982453,-178.1716106937356,741.5205953301031,7250,True,29.07493305206299,28.87149199999976
sparse,1,3001,free,flow,64,om_V,0.1398991012127967,0.2,-30.05044939360165,-178.1716106937356,741.5205953301031,7250,True,29.07493305206299,28.87149199999976
sparse,1,3001,free,flow,64,om_ka,0.5351894209416265,0.4,33.79735523540661,-178.1716106937356,741.5205953301031,7250,True,29.07493305206299,28.87149199999976
sparse,1,3001,free,flow,64,sigma,0.202163050878023,0.2,1.0815254390115074,-178.1716106937356,741.5205953301031,7250,True,29.07493305206299,28.87149199999976
sparse,2,3002,free,flow,1,CL,2.937782264325792,3.0,-2.073924522473606,-201.50017851080705,3769.3356148138746,6000,True,22.022849082946777,22.016917999999805
sparse,2,3002,free,flow,1,V,29.662153205336896,30.0,-1.1261559822103469,-201.50017851080705,3769.3356148138746,6000,True,22.022849082946777,22.016917999999805
sparse,2,3002,free,flow,1,ka,1.1954695264332458,1.2,-0.3775394638961815,-201.50017851080705,3769.3356148138746,6000,True,22.022849082946777,22.016917999999805
sparse,2,3002,free,flow,1,om_CL,0.2938835670602461,0.3,-2.038810979917964,-201.50017851080705,3769.3356148138746,6000,True,22.022849082946777,22.016917999999805
sparse,2,3002,free,flow,1,om_V,0.2322473109329672,0.2,16.123655466483616,-201.50017851080705,3769.3356148138746,6000,True,22.022849082946777,22.016917999999805
sparse,2,3002,free,flow,1,om_ka,0.329818214179306,0.4,-17.545446455173487,-201.50017851080705,3769.3356148138746,6000,True,22.022849082946777,22.016917999999805
sparse,2,3002,free,flow,1,sigma,0.2370625636016495,0.2,18.531281800824775,-201.50017851080705,3769.3356148138746,6000,True,22.022849082946777,22.016917999999805
sparse,2,3002,free,flow,8,CL,2.923846169579927,3.0,-2.538461014002428,-201.97942864202804,2244.226458800438,6500,True,6.738613843917847,6.737717999999859
sparse,2,3002,free,flow,8,V,30.007235175447935,30.0,0.0241172514931165,-201.97942864202804,2244.226458800438,6500,True,6.738613843917847,6.737717999999859
sparse,2,3002,free,flow,8,ka,1.1689560533207934,1.2,-2.586995556600543,-201.97942864202804,2244.226458800438,6500,True,6.738613843917847,6.737717999999859
sparse,2,3002,free,flow,8,om_CL,0.2888373075492979,0.3,-3.720897483567372,-201.97942864202804,2244.226458800438,6500,True,6.738613843917847,6.737717999999859
sparse,2,3002,free,flow,8,om_V,0.222780291966386,0.2,11.390145983193015,-201.97942864202804,2244.226458800438,6500,True,6.738613843917847,6.737717999999859
sparse,2,3002,free,flow,8,om_ka,0.3071127923104416,0.4,-23.22180192238959,-201.97942864202804,2244.226458800438,6500,True,6.738613843917847,6.737717999999859
sparse,2,3002,free,flow,8,sigma,0.2373496937216154,0.2,18.674846860807712,-201.97942864202804,2244.226458800438,6500,True,6.738613843917847,6.737717999999859
sparse,2,3002,free,flow,64,CL,2.9456258650326475,3.0,-1.8124711655784185,-201.07135698270577,2711.854767094295,16000,True,163.89419603347778,59.180139000000054
sparse,2,3002,free,flow,64,V,29.637504109826796,30.0,-1.2083196339106788,-201.07135698270577,2711.854767094295,16000,True,163.89419603347778,59.180139000000054
sparse,2,3002,free,flow,64,ka,1.1975569844929177,1.2,-0.2035846255902066,-201.07135698270577,2711.854767094295,16000,True,163.89419603347778,59.180139000000054
sparse,2,3002,free,flow,64,om_CL,0.288301693511006,0.3,-3.8994354963313342,-201.07135698270577,2711.854767094295,16000,True,163.89419603347778,59.180139000000054
sparse,2,3002,free,flow,64,om_V,0.2264099038151538,0.2,13.204951907576936,-201.07135698270577,2711.854767094295,16000,True,163.89419603347778,59.180139000000054
sparse,2,3002,free,flow,64,om_ka,0.400245734610345,0.4,0.0614336525862624,-201.07135698270577,2711.854767094295,16000,True,163.89419603347778,59.180139000000054
sparse,2,3002,free,flow,64,sigma,0.224487952321111,0.2,12.243976160555489,-201.07135698270577,2711.854767094295,16000,True,163.89419603347778,59.180139000000054
sparse,3,3003,free,flow,1,CL,2.9718011788901904,3.0,-0.9399607036603216,-169.2462686932701,3734.3007325018975,10250,True,37.53321409225464,37.51669700000002
sparse,3,3003,free,flow,1,V,30.348316486220913,30.0,1.1610549540697097,-169.2462686932701,3734.3007325018975,10250,True,37.53321409225464,37.51669700000002
sparse,3,3003,free,flow,1,ka,1.2090298608819772,1.2,0.7524884068314346,-169.2462686932701,3734.3007325018975,10250,True,37.53321409225464,37.51669700000002
sparse,3,3003,free,flow,1,om_CL,0.3341663404912707,0.3,11.38878016375692,-169.2462686932701,3734.3007325018975,10250,True,37.53321409225464,37.51669700000002
sparse,3,3003,free,flow,1,om_V,0.191311834085588,0.2,-4.34408295720598,-169.2462686932701,3734.3007325018975,10250,True,37.53321409225464,37.51669700000002
sparse,3,3003,free,flow,1,om_ka,0.3369391375085314,0.4,-15.765215622867146,-169.2462686932701,3734.3007325018975,10250,True,37.53321409225464,37.51669700000002
sparse,3,3003,free,flow,1,sigma,0.1869187772827861,0.2,-6.540611358606923,-169.2462686932701,3734.3007325018975,10250,True,37.53321409225464,37.51669700000002
sparse,3,3003,free,flow,8,CL,2.954715626233601,3.0,-1.509479125546627,-169.3653622994793,999.4454468416102,11250,True,309.97174096107483,11.531948999999711
sparse,3,3003,free,flow,8,V,30.91870100881775,30.0,3.0623366960591625,-169.3653622994793,999.4454468416102,11250,True,309.97174096107483,11.531948999999711
sparse,3,3003,free,flow,8,ka,1.227012632249214,1.2,2.251052687434511,-169.3653622994793,999.4454468416102,11250,True,309.97174096107483,11.531948999999711
sparse,3,3003,free,flow,8,om_CL,0.3350560618657221,0.3,11.68535395524071,-169.3653622994793,999.4454468416102,11250,True,309.97174096107483,11.531948999999711
sparse,3,3003,free,flow,8,om_V,0.1934994137465813,0.2,-3.250293126709325,-169.3653622994793,999.4454468416102,11250,True,309.97174096107483,11.531948999999711
sparse,3,3003,free,flow,8,om_ka,0.3586395475406548,0.4,-10.34011311483629,-169.3653622994793,999.4454468416102,11250,True,309.97174096107483,11.531948999999711
sparse,3,3003,free,flow,8,sigma,0.1800980056450899,0.2,-9.950997177455054,-169.3653622994793,999.4454468416102,11250,True,309.97174096107483,11.531948999999711
sparse,3,3003,free,flow,64,CL,2.99672015959181,3.0,-0.1093280136063542,-168.24078422392404,1636.9585429030185,15250,True,147.7946491241455,55.67176900000004
sparse,3,3003,free,flow,64,V,30.24657542408019,30.0,0.8219180802673046,-168.24078422392404,1636.9585429030185,15250,True,147.7946491241455,55.67176900000004
sparse,3,3003,free,flow,64,ka,1.199835308038485,1.2,-0.0137243301262524,-168.24078422392404,1636.9585429030185,15250,True,147.7946491241455,55.67176900000004
sparse,3,3003,free,flow,64,om_CL,0.3344305994602403,0.3,11.476866486746768,-168.24078422392404,1636.9585429030185,15250,True,147.7946491241455,55.67176900000004
sparse,3,3003,free,flow,64,om_V,0.1946109182042979,0.2,-2.694540897851025,-168.24078422392404,1636.9585429030185,15250,True,147.7946491241455,55.67176900000004
sparse,3,3003,free,flow,64,om_ka,0.3975563069826966,0.4,-0.6109232543258514,-168.24078422392404,1636.9585429030185,15250,True,147.7946491241455,55.67176900000004
sparse,3,3003,free,flow,64,sigma,0.1718718671654078,0.2,-14.064066417296086,-168.24078422392404,1636.9585429030185,15250,True,147.7946491241455,55.67176900000004
sparse,4,3004,free,flow,1,CL,2.8893353943067197,3.0,-3.68882018977601,-199.70820448799793,3711.8378948789914,3250,True,11.954501152038574,11.950968000000104
sparse,4,3004,free,flow,1,V,31.81484907145614,30.0,6.049496904853803,-199.70820448799793,3711.8378948789914,3250,True,11.954501152038574,11.950968000000104
sparse,4,3004,free,flow,1,ka,1.283424069751258,1.2,6.952005812604837,-199.70820448799793,3711.8378948789914,3250,True,11.954501152038574,11.950968000000104
sparse,4,3004,free,flow,1,om_CL,0.3587413330782135,0.3,19.5804443594045,-199.70820448799793,3711.8378948789914,3250,True,11.954501152038574,11.950968000000104
sparse,4,3004,free,flow,1,om_V,0.1944504730408094,0.2,-2.774763479595307,-199.70820448799793,3711.8378948789914,3250,True,11.954501152038574,11.950968000000104
sparse,4,3004,free,flow,1,om_ka,0.2507369324827529,0.4,-37.31576687931176,-199.70820448799793,3711.8378948789914,3250,True,11.954501152038574,11.950968000000104
sparse,4,3004,free,flow,1,sigma,0.236097168512468,0.2,18.04858425623401,-199.70820448799793,3711.8378948789914,3250,True,11.954501152038574,11.950968000000104
sparse,4,3004,free,flow,8,CL,2.940076482085957,3.0,-1.997450597134772,-199.64453636906103,3240.974525704499,18500,True,367.565523147583,18.794210999999905
sparse,4,3004,free,flow,8,V,31.43851850185685,30.0,4.79506167285617,-199.64453636906103,3240.974525704499,18500,True,367.565523147583,18.794210999999905
sparse,4,3004,free,flow,8,ka,1.2686656214734708,1.2,5.722135122789241,-199.64453636906103,3240.974525704499,18500,True,367.565523147583,18.794210999999905
sparse,4,3004,free,flow,8,om_CL,0.3614128499697862,0.3,20.47094998992873,-199.64453636906103,3240.974525704499,18500,True,367.565523147583,18.794210999999905
sparse,4,3004,free,flow,8,om_V,0.2012171347130597,0.2,0.6085673565298794,-199.64453636906103,3240.974525704499,18500,True,367.565523147583,18.794210999999905
sparse,4,3004,free,flow,8,om_ka,0.2527963945778587,0.4,-36.80090135553533,-199.64453636906103,3240.974525704499,18500,True,367.565523147583,18.794210999999905
sparse,4,3004,free,flow,8,sigma,0.2278339694304071,0.2,13.916984715203554,-199.64453636906103,3240.974525704499,18500,True,367.565523147583,18.794210999999905
sparse,4,3004,free,flow,64,CL,2.9004070766145325,3.0,-3.3197641128489184,-198.8827367139697,1982.236724136486,11000,True,39.874035120010376,39.87025999999969
sparse,4,3004,free,flow,64,V,31.67374484467121,30.0,5.579149482237361,-198.8827367139697,1982.236724136486,11000,True,39.874035120010376,39.87025999999969
sparse,4,3004,free,flow,64,ka,1.2780228832583445,1.2,6.501906938195376,-198.8827367139697,1982.236724136486,11000,True,39.874035120010376,39.87025999999969
sparse,4,3004,free,flow,64,om_CL,0.3616231511746638,0.3,20.541050391554627,-198.8827367139697,1982.236724136486,11000,True,39.874035120010376,39.87025999999969
sparse,4,3004,free,flow,64,om_V,0.2034676601174859,0.2,1.7338300587429745,-198.8827367139697,1982.236724136486,11000,True,39.874035120010376,39.87025999999969
sparse,4,3004,free,flow,64,om_ka,0.3539427560898113,0.4,-11.514310977547169,-198.8827367139697,1982.236724136486,11000,True,39.874035120010376,39.87025999999969
sparse,4,3004,free,flow,64,sigma,0.216130501930914,0.2,8.065250965457002,-198.8827367139697,1982.236724136486,11000,True,39.874035120010376,39.87025999999969
sparse,5,3005,free,flow,1,CL,2.986511292259048,3.0,-0.4496235913650596,-175.06818330438762,3723.223329880821,5000,True,247.67830300331116,18.473034000000094
sparse,5,3005,free,flow,1,V,30.434810830639247,30.0,1.4493694354641562,-175.06818330438762,3723.223329880821,5000,True,247.67830300331116,18.473034000000094
sparse,5,3005,free,flow,1,ka,1.3291324713004682,1.2,10.76103927503902,-175.06818330438762,3723.223329880821,5000,True,247.67830300331116,18.473034000000094
sparse,5,3005,free,flow,1,om_CL,0.2724756656568955,0.3,-9.17477811436814,-175.06818330438762,3723.223329880821,5000,True,247.67830300331116,18.473034000000094
sparse,5,3005,free,flow,1,om_V,0.1997946785454764,0.2,-0.1026607272617829,-175.06818330438762,3723.223329880821,5000,True,247.67830300331116,18.473034000000094
sparse,5,3005,free,flow,1,om_ka,0.3564416512310225,0.4,-10.889587192244376,-175.06818330438762,3723.223329880821,5000,True,247.67830300331116,18.473034000000094
sparse,5,3005,free,flow,1,sigma,0.2190053636224305,0.2,9.502681811215249,-175.06818330438762,3723.223329880821,5000,True,247.67830300331116,18.473034000000094
sparse,5,3005,free,flow,8,CL,2.96892698171878,3.0,-1.035767276040659,-175.13291202947318,2812.517091334436,9000,True,9.042478084564207,9.041371000000254
sparse,5,3005,free,flow,8,V,30.436330132287996,30.0,1.4544337742933184,-175.13291202947318,2812.517091334436,9000,True,9.042478084564207,9.041371000000254
sparse,5,3005,free,flow,8,ka,1.3477278887591209,1.2,12.31065739659341,-175.13291202947318,2812.517091334436,9000,True,9.042478084564207,9.041371000000254
sparse,5,3005,free,flow,8,om_CL,0.2841657044956865,0.3,-5.278098501437808,-175.13291202947318,2812.517091334436,9000,True,9.042478084564207,9.041371000000254
sparse,5,3005,free,flow,8,om_V,0.1964650904731848,0.2,-1.7674547634076023,-175.13291202947318,2812.517091334436,9000,True,9.042478084564207,9.041371000000254
sparse,5,3005,free,flow,8,om_ka,0.3467670731464414,0.4,-13.308231713389642,-175.13291202947318,2812.517091334436,9000,True,9.042478084564207,9.041371000000254
sparse,5,3005,free,flow,8,sigma,0.2170269271196456,0.2,8.513463559822798,-175.13291202947318,2812.517091334436,9000,True,9.042478084564207,9.041371000000254
sparse,5,3005,free,flow,64,CL,2.977894944811833,3.0,-0.7368351729389063,-174.91581595220703,1988.676511818325,7250,True,67.26721596717834,26.54683299999988
sparse,5,3005,free,flow,64,V,31.001841943248618,30.0,3.339473144162047,-174.91581595220703,1988.676511818325,7250,True,67.26721596717834,26.54683299999988
sparse,5,3005,free,flow,64,ka,1.3250608308779452,1.2,10.421735906495442,-174.91581595220703,1988.676511818325,7250,True,67.26721596717834,26.54683299999988
sparse,5,3005,free,flow,64,om_CL,0.2768719626874713,0.3,-7.709345770842905,-174.91581595220703,1988.676511818325,7250,True,67.26721596717834,26.54683299999988
sparse,5,3005,free,flow,64,om_V,0.2021404672760788,0.2,1.0702336380394029,-174.91581595220703,1988.676511818325,7250,True,67.26721596717834,26.54683299999988
sparse,5,3005,free,flow,64,om_ka,0.4340055020973363,0.4,8.501375524334081,-174.91581595220703,1988.676511818325,7250,True,67.26721596717834,26.54683299999988
sparse,5,3005,free,flow,64,sigma,0.2020420341504525,0.2,1.0210170752262686,-174.91581595220703,1988.676511818325,7250,True,67.26721596717834,26.54683299999988
sparse,6,3006,free,flow,1,CL,2.9574588308858947,3.0,-1.4180389704701777,-162.59864143068975,3785.6299047988314,12500,True,95.71048188209534,45.53096600000026
sparse,6,3006,free,flow,1,V,30.64971356697969,30.0,2.1657118899322945,-162.59864143068975,3785.6299047988314,12500,True,95.71048188209534,45.53096600000026
sparse,6,3006,free,flow,1,ka,1.204498121633534,1.2,0.3748434694611687,-162.59864143068975,3785.6299047988314,12500,True,95.71048188209534,45.53096600000026
sparse,6,3006,free,flow,1,om_CL,0.2862498672600927,0.3,-4.583377579969091,-162.59864143068975,3785.6299047988314,12500,True,95.71048188209534,45.53096600000026
sparse,6,3006,free,flow,1,om_V,0.2409622659619684,0.2,20.481132980984235,-162.59864143068975,3785.6299047988314,12500,True,95.71048188209534,45.53096600000026
sparse,6,3006,free,flow,1,om_ka,0.2901784531770682,0.4,-27.455386705732945,-162.59864143068975,3785.6299047988314,12500,True,95.71048188209534,45.53096600000026
sparse,6,3006,free,flow,1,sigma,0.186109235798041,0.2,-6.945382100979474,-162.59864143068975,3785.6299047988314,12500,True,95.71048188209534,45.53096600000026
sparse,6,3006,free,flow,8,CL,3.0043830630407773,3.0,0.146102101359243,-164.05256274127458,1464.8590327227478,5250,True,5.458585977554321,5.427310999999918
sparse,6,3006,free,flow,8,V,30.56562540780093,30.0,1.8854180260030873,-164.05256274127458,1464.8590327227478,5250,True,5.458585977554321,5.427310999999918
sparse,6,3006,free,flow,8,ka,1.176939711996236,1.2,-1.9216906669803355,-164.05256274127458,1464.8590327227478,5250,True,5.458585977554321,5.427310999999918
sparse,6,3006,free,flow,8,om_CL,0.2905552860280479,0.3,-3.1482379906506894,-164.05256274127458,1464.8590327227478,5250,True,5.458585977554321,5.427310999999918
sparse,6,3006,free,flow,8,om_V,0.2459806897132907,0.2,22.99034485664536,-164.05256274127458,1464.8590327227478,5250,True,5.458585977554321,5.427310999999918
sparse,6,3006,free,flow,8,om_ka,0.1866726446284706,0.4,-53.331838842882355,-164.05256274127458,1464.8590327227478,5250,True,5.458585977554321,5.427310999999918
sparse,6,3006,free,flow,8,sigma,0.1962980711658918,0.2,-1.8509644170540824,-164.05256274127458,1464.8590327227478,5250,True,5.458585977554321,5.427310999999918
sparse,6,3006,free,flow,64,CL,2.963109056394723,3.0,-1.229698120175904,-162.19898848307878,2074.6103932164597,14750,True,63.678531885147095,56.641595999999936
sparse,6,3006,free,flow,64,V,30.261066741636537,30.0,0.8702224721217888,-162.19898848307878,2074.6103932164597,14750,True,63.678531885147095,56.641595999999936
sparse,6,3006,free,flow,64,ka,1.215436348950853,1.2,1.2863624125710924,-162.19898848307878,2074.6103932164597,14750,True,63.678531885147095,56.641595999999936
sparse,6,3006,free,flow,64,om_CL,0.2856667035485332,0.3,-4.777765483822249,-162.19898848307878,2074.6103932164597,14750,True,63.678531885147095,56.641595999999936
sparse,6,3006,free,flow,64,om_V,0.2374139932496077,0.2,18.70699662480388,-162.19898848307878,2074.6103932164597,14750,True,63.678531885147095,56.641595999999936
sparse,6,3006,free,flow,64,om_ka,0.3686899133922597,0.4,-7.827521651935065,-162.19898848307878,2074.6103932164597,14750,True,63.678531885147095,56.641595999999936
sparse,6,3006,free,flow,64,sigma,0.1728929370388581,0.2,-13.553531480570935,-162.19898848307878,2074.6103932164597,14750,True,63.678531885147095,56.641595999999936
sparse,7,3007,free,flow,1,CL,3.134194934649005,3.0,4.473164488300159,-163.66432895940198,3706.5635438806617,8250,True,32.022847175598145,31.86011099999996
sparse,7,3007,free,flow,1,V,30.854071970816737,30.0,2.846906569389122,-163.66432895940198,3706.5635438806617,8250,True,32.022847175598145,31.86011099999996
sparse,7,3007,free,flow,1,ka,1.233701541127028,1.2,2.8084617605856717,-163.66432895940198,3706.5635438806617,8250,True,32.022847175598145,31.86011099999996
sparse,7,3007,free,flow,1,om_CL,0.2866035300620036,0.3,-4.465489979332124,-163.66432895940198,3706.5635438806617,8250,True,32.022847175598145,31.86011099999996
sparse,7,3007,free,flow,1,om_V,0.177790787665026,0.2,-11.104606167486985,-163.66432895940198,3706.5635438806617,8250,True,32.022847175598145,31.86011099999996
sparse,7,3007,free,flow,1,om_ka,0.3768437943823642,0.4,-5.789051404408953,-163.66432895940198,3706.5635438806617,8250,True,32.022847175598145,31.86011099999996
sparse,7,3007,free,flow,1,sigma,0.2051196196468036,0.2,2.559809823401815,-163.66432895940198,3706.5635438806617,8250,True,32.022847175598145,31.86011099999996
sparse,7,3007,free,flow,8,CL,3.0976187474062673,3.0,3.2539582468755768,-163.5416447085397,2713.3156076971454,14250,True,15.364331007003784,15.28295900000012
sparse,7,3007,free,flow,8,V,31.017118773879684,30.0,3.3903959129322794,-163.5416447085397,2713.3156076971454,14250,True,15.364331007003784,15.28295900000012
sparse,7,3007,free,flow,8,ka,1.2299139513538748,1.2,2.4928292794895723,-163.5416447085397,2713.3156076971454,14250,True,15.364331007003784,15.28295900000012
sparse,7,3007,free,flow,8,om_CL,0.2830241740431734,0.3,-5.658608652275521,-163.5416447085397,2713.3156076971454,14250,True,15.364331007003784,15.28295900000012
sparse,7,3007,free,flow,8,om_V,0.1738040700086754,0.2,-13.09796499566228,-163.5416447085397,2713.3156076971454,14250,True,15.364331007003784,15.28295900000012
sparse,7,3007,free,flow,8,om_ka,0.3688650920258214,0.4,-7.783726993544639,-163.5416447085397,2713.3156076971454,14250,True,15.364331007003784,15.28295900000012
sparse,7,3007,free,flow,8,sigma,0.1990663050329484,0.2,-0.4668474835257813,-163.5416447085397,2713.3156076971454,14250,True,15.364331007003784,15.28295900000012
sparse,7,3007,free,flow,64,CL,3.1036935691745544,3.0,3.4564523058184804,-163.55959740186245,2401.7087577118023,16750,True,67.14210271835327,66.70116800000005
sparse,7,3007,free,flow,64,V,30.85162236217031,30.0,2.8387412072343685,-163.55959740186245,2401.7087577118023,16750,True,67.14210271835327,66.70116800000005
sparse,7,3007,free,flow,64,ka,1.2539116083744826,1.2,4.492634031206885,-163.55959740186245,2401.7087577118023,16750,True,67.14210271835327,66.70116800000005
sparse,7,3007,free,flow,64,om_CL,0.2813729574329136,0.3,-6.209014189028787,-163.55959740186245,2401.7087577118023,16750,True,67.14210271835327,66.70116800000005
sparse,7,3007,free,flow,64,om_V,0.1693941718580801,0.2,-15.30291407095996,-163.55959740186245,2401.7087577118023,16750,True,67.14210271835327,66.70116800000005
sparse,7,3007,free,flow,64,om_ka,0.4238086816542443,0.4,5.95217041356108,-163.55959740186245,2401.7087577118023,16750,True,67.14210271835327,66.70116800000005
sparse,7,3007,free,flow,64,sigma,0.203552874262203,0.2,1.776437131101524,-163.55959740186245,2401.7087577118023,16750,True,67.14210271835327,66.70116800000005
sparse,8,3008,free,flow,1,CL,3.0036286298773724,3.0,0.1209543292457482,-188.80643087900643,3840.5028586958456,12250,True,47.40500617027283,47.18664600000011
sparse,8,3008,free,flow,1,V,30.46254713487514,30.0,1.541823782917137,-188.80643087900643,3840.5028586958456,12250,True,47.40500617027283,47.18664600000011
sparse,8,3008,free,flow,1,ka,1.1356077596085723,1.2,-5.366020032618971,-188.80643087900643,3840.5028586958456,12250,True,47.40500617027283,47.18664600000011
sparse,8,3008,free,flow,1,om_CL,0.3245391970661985,0.3,8.179732355399521,-188.80643087900643,3840.5028586958456,12250,True,47.40500617027283,47.18664600000011
sparse,8,3008,free,flow,1,om_V,0.1973876318769309,0.2,-1.306184061534557,-188.80643087900643,3840.5028586958456,12250,True,47.40500617027283,47.18664600000011
sparse,8,3008,free,flow,1,om_ka,0.2551611210566205,0.4,-36.20971973584487,-188.80643087900643,3840.5028586958456,12250,True,47.40500617027283,47.18664600000011
sparse,8,3008,free,flow,1,sigma,0.2204231956204053,0.2,10.211597810202685,-188.80643087900643,3840.5028586958456,12250,True,47.40500617027283,47.18664600000011
sparse,8,3008,free,flow,8,CL,2.992738236620352,3.0,-0.2420587793216041,-188.76607051148508,3025.2960061878525,10000,True,10.85535478591919,10.801214999999956
sparse,8,3008,free,flow,8,V,29.9898943394444,30.0,-0.0336855351853297,-188.76607051148508,3025.2960061878525,10000,True,10.85535478591919,10.801214999999956
sparse,8,3008,free,flow,8,ka,1.15624731003772,1.2,-3.646057496856666,-188.76607051148508,3025.2960061878525,10000,True,10.85535478591919,10.801214999999956
sparse,8,3008,free,flow,8,om_CL,0.3212731877885859,0.3,7.091062596195297,-188.76607051148508,3025.2960061878525,10000,True,10.85535478591919,10.801214999999956
sparse,8,3008,free,flow,8,om_V,0.2015906525526233,0.2,0.795326276311667,-188.76607051148508,3025.2960061878525,10000,True,10.85535478591919,10.801214999999956
sparse,8,3008,free,flow,8,om_ka,0.288225839971634,0.4,-27.94354000709151,-188.76607051148508,3025.2960061878525,10000,True,10.85535478591919,10.801214999999956
sparse,8,3008,free,flow,8,sigma,0.2148459992723469,0.2,7.4229996361734605,-188.76607051148508,3025.2960061878525,10000,True,10.85535478591919,10.801214999999956
sparse,8,3008,free,flow,64,CL,3.0092753148398126,3.0,0.3091771613270862,-188.62472641084165,1664.697794095287,6250,True,25.156337022781372,25.028630999999677
sparse,8,3008,free,flow,64,V,29.776846172530387,30.0,-0.7438460915653758,-188.62472641084165,1664.697794095287,6250,True,25.156337022781372,25.028630999999677
sparse,8,3008,free,flow,64,ka,1.1460343960580808,1.2,-4.497133661826599,-188.62472641084165,1664.697794095287,6250,True,25.156337022781372,25.028630999999677
sparse,8,3008,free,flow,64,om_CL,0.3244368761499946,0.3,8.145625383331543,-188.62472641084165,1664.697794095287,6250,True,25.156337022781372,25.028630999999677
sparse,8,3008,free,flow,64,om_V,0.1973023775374429,0.2,-1.3488112312785154,-188.62472641084165,1664.697794095287,6250,True,25.156337022781372,25.028630999999677
sparse,8,3008,free,flow,64,om_ka,0.3026852617249628,0.4,-24.32868456875929,-188.62472641084165,1664.697794095287,6250,True,25.156337022781372,25.028630999999677
sparse,8,3008,free,flow,64,sigma,0.2159567536027925,0.2,7.978376801396264,-188.62472641084165,1664.697794095287,6250,True,25.156337022781372,25.028630999999677
sparse,9,3009,free,flow,1,CL,3.132600571222588,3.0,4.420019040752932,-160.44681069974916,3860.995664560391,15000,True,58.045156717300415,57.77821799999992
sparse,9,3009,free,flow,1,V,29.697838939701803,30.0,-1.0072035343273218,-160.44681069974916,3860.995664560391,15000,True,58.045156717300415,57.77821799999992
sparse,9,3009,free,flow,1,ka,1.177361619918592,1.2,-1.8865316734506532,-160.44681069974916,3860.995664560391,15000,True,58.045156717300415,57.77821799999992
sparse,9,3009,free,flow,1,om_CL,0.2609381443704182,0.3,-13.02061854319392,-160.44681069974916,3860.995664560391,15000,True,58.045156717300415,57.77821799999992
sparse,9,3009,free,flow,1,om_V,0.2060321759798451,0.2,3.0160879899225472,-160.44681069974916,3860.995664560391,15000,True,58.045156717300415,57.77821799999992
sparse,9,3009,free,flow,1,om_ka,0.2620923136372567,0.4,-34.47692159068581,-160.44681069974916,3860.995664560391,15000,True,58.045156717300415,57.77821799999992
sparse,9,3009,free,flow,1,sigma,0.2033803190906994,0.2,1.6901595453497065,-160.44681069974916,3860.995664560391,15000,True,58.045156717300415,57.77821799999992
sparse,9,3009,free,flow,8,CL,3.1331957867303215,3.0,4.439859557677384,-161.0284826450892,3482.1327451278457,16000,True,17.24802803993225,17.163442999999916
sparse,9,3009,free,flow,8,V,29.82894395177928,30.0,-0.5701868274023999,-161.0284826450892,3482.1327451278457,16000,True,17.24802803993225,17.163442999999916
sparse,9,3009,free,flow,8,ka,1.1702250391684126,1.2,-2.4812467359656143,-161.0284826450892,3482.1327451278457,16000,True,17.24802803993225,17.163442999999916
sparse,9,3009,free,flow,8,om_CL,0.2593389019285667,0.3,-13.55369935714442,-161.0284826450892,3482.1327451278457,16000,True,17.24802803993225,17.163442999999916
sparse,9,3009,free,flow,8,om_V,0.2004668071835938,0.2,0.2334035917969101,-161.0284826450892,3482.1327451278457,16000,True,17.24802803993225,17.163442999999916
sparse,9,3009,free,flow,8,om_ka,0.2124700720688104,0.4,-46.882481982797394,-161.0284826450892,3482.1327451278457,16000,True,17.24802803993225,17.163442999999916
sparse,9,3009,free,flow,8,sigma,0.212651996854693,0.2,6.325998427346504,-161.0284826450892,3482.1327451278457,16000,True,17.24802803993225,17.163442999999916
sparse,9,3009,free,flow,64,CL,3.0977009579301544,3.0,3.2566985976718144,-160.49204473856855,2026.3314248712752,12500,True,50.80660390853882,50.430996999999934
sparse,9,3009,free,flow,64,V,29.89010857524122,30.0,-0.3663047491959285,-160.49204473856855,2026.3314248712752,12500,True,50.80660390853882,50.430996999999934
sparse,9,3009,free,flow,64,ka,1.175404902755676,1.2,-2.049591437026987,-160.49204473856855,2026.3314248712752,12500,True,50.80660390853882,50.430996999999934
sparse,9,3009,free,flow,64,om_CL,0.2607263900422225,0.3,-13.091203319259153,-160.49204473856855,2026.3314248712752,12500,True,50.80660390853882,50.430996999999934
sparse,9,3009,free,flow,64,om_V,0.2016751822398044,0.2,0.8375911199022118,-160.49204473856855,2026.3314248712752,12500,True,50.80660390853882,50.430996999999934
sparse,9,3009,free,flow,64,om_ka,0.30563996755696,0.4,-23.590008110759992,-160.49204473856855,2026.3314248712752,12500,True,50.80660390853882,50.430996999999934
sparse,9,3009,free,flow,64,sigma,0.2015191746409627,0.2,0.7595873204813697,-160.49204473856855,2026.3314248712752,12500,True,50.80660390853882,50.430996999999934
sparse,10,3010,free,flow,1,CL,3.0507173489769355,3.0,1.6905782992311824,-191.42143855575495,3608.5120173701503,8500,True,32.9886908531189,32.82537500000035
sparse,10,3010,free,flow,1,V,31.088212375645956,30.0,3.627374585486519,-191.42143855575495,3608.5120173701503,8500,True,32.9886908531189,32.82537500000035
sparse,10,3010,free,flow,1,ka,1.1338003088800817,1.2,-5.516640926659859,-191.42143855575495,3608.5120173701503,8500,True,32.9886908531189,32.82537500000035
sparse,10,3010,free,flow,1,om_CL,0.2980676737005533,0.3,-0.6441087664822062,-191.42143855575495,3608.5120173701503,8500,True,32.9886908531189,32.82537500000035
sparse,10,3010,free,flow,1,om_V,0.1509102968328132,0.2,-24.54485158359339,-191.42143855575495,3608.5120173701503,8500,True,32.9886908531189,32.82537500000035
sparse,10,3010,free,flow,1,om_ka,0.3466241106111208,0.4,-13.343972347219802,-191.42143855575495,3608.5120173701503,8500,True,32.9886908531189,32.82537500000035
sparse,10,3010,free,flow,1,sigma,0.2499136816898483,0.2,24.95684084492416,-191.42143855575495,3608.5120173701503,8500,True,32.9886908531189,32.82537500000035
sparse,10,3010,free,flow,8,CL,3.0793788963488726,3.0,2.6459632116290877,-191.2224547904867,2906.8433911183965,15750,True,17.31676411628723,17.19410999999991
sparse,10,3010,free,flow,8,V,30.788091413285137,30.0,2.6269713776171124,-191.2224547904867,2906.8433911183965,15750,True,17.31676411628723,17.19410999999991
sparse,10,3010,free,flow,8,ka,1.1176761440217555,1.2,-6.860321331520369,-191.2224547904867,2906.8433911183965,15750,True,17.31676411628723,17.19410999999991
sparse,10,3010,free,flow,8,om_CL,0.2989820491039871,0.3,-0.3393169653376215,-191.2224547904867,2906.8433911183965,15750,True,17.31676411628723,17.19410999999991
sparse,10,3010,free,flow,8,om_V,0.1451023440674582,0.2,-27.44882796627089,-191.2224547904867,2906.8433911183965,15750,True,17.31676411628723,17.19410999999991
sparse,10,3010,free,flow,8,om_ka,0.3839561163824964,0.4,-4.010970904375896,-191.2224547904867,2906.8433911183965,15750,True,17.31676411628723,17.19410999999991
sparse,10,3010,free,flow,8,sigma,0.2446143972280933,0.2,22.307198614046644,-191.2224547904867,2906.8433911183965,15750,True,17.31676411628723,17.19410999999991
sparse,10,3010,free,flow,64,CL,3.0656208556982634,3.0,2.187361856608779,-191.7164190885801,1764.2511110581593,10000,True,40.08085203170776,39.87846799999989
sparse,10,3010,free,flow,64,V,30.327291045539937,30.0,1.0909701517997898,-191.7164190885801,1764.2511110581593,10000,True,40.08085203170776,39.87846799999989
sparse,10,3010,free,flow,64,ka,1.1443834666594956,1.2,-4.634711111708693,-191.7164190885801,1764.2511110581593,10000,True,40.08085203170776,39.87846799999989
sparse,10,3010,free,flow,64,om_CL,0.3046967433027855,0.3,1.5655811009285074,-191.7164190885801,1764.2511110581593,10000,True,40.08085203170776,39.87846799999989
sparse,10,3010,free,flow,64,om_V,0.1643409113155129,0.2,-17.82954434224354,-191.7164190885801,1764.2511110581593,10000,True,40.08085203170776,39.87846799999989
sparse,10,3010,free,flow,64,om_ka,0.4074597903152558,0.4,1.864947578813961,-191.7164190885801,1764.2511110581593,10000,True,40.08085203170776,39.87846799999989
sparse,10,3010,free,flow,64,sigma,0.2304489739183334,0.2,15.2244869591667,-191.7164190885801,1764.2511110581593,10000,True,40.08085203170776,39.87846799999989
sparse,11,3011,free,flow,1,CL,3.0773602936094395,3.0,2.5786764536479843,-185.60906593928135,3641.008545171513,6500,True,25.375967979431152,25.238990000000285
sparse,11,3011,free,flow,1,V,30.437378468680485,30.0,1.457928228934951,-185.60906593928135,3641.008545171513,6500,True,25.375967979431152,25.238990000000285
sparse,11,3011,free,flow,1,ka,1.2546548386312069,1.2,4.554569885933909,-185.60906593928135,3641.008545171513,6500,True,25.375967979431152,25.238990000000285
sparse,11,3011,free,flow,1,om_CL,0.293862365400543,0.3,-2.0458781998189774,-185.60906593928135,3641.008545171513,6500,True,25.375967979431152,25.238990000000285
sparse,11,3011,free,flow,1,om_V,0.210567757938071,0.2,5.28387896903551,-185.60906593928135,3641.008545171513,6500,True,25.375967979431152,25.238990000000285
sparse,11,3011,free,flow,1,om_ka,0.3928775561459512,0.4,-1.7806109635122025,-185.60906593928135,3641.008545171513,6500,True,25.375967979431152,25.238990000000285
sparse,11,3011,free,flow,1,sigma,0.204736092548572,0.2,2.368046274286009,-185.60906593928135,3641.008545171513,6500,True,25.375967979431152,25.238990000000285
sparse,11,3011,free,flow,8,CL,3.043312509342671,3.0,1.4437503114223649,-185.1211279101538,2820.633834393953,14250,True,15.41836404800415,15.339281000000028
sparse,11,3011,free,flow,8,V,30.413757699850173,30.0,1.3791923328339095,-185.1211279101538,2820.633834393953,14250,True,15.41836404800415,15.339281000000028
sparse,11,3011,free,flow,8,ka,1.2896618233540913,1.2,7.471818612840945,-185.1211279101538,2820.633834393953,14250,True,15.41836404800415,15.339281000000028
sparse,11,3011,free,flow,8,om_CL,0.3049103555972452,0.3,1.6367851990817437,-185.1211279101538,2820.633834393953,14250,True,15.41836404800415,15.339281000000028
sparse,11,3011,free,flow,8,om_V,0.2098377857691384,0.2,4.91889288456919,-185.1211279101538,2820.633834393953,14250,True,15.41836404800415,15.339281000000028
sparse,11,3011,free,flow,8,om_ka,0.4485556132348235,0.4,12.138903308705872,-185.1211279101538,2820.633834393953,14250,True,15.41836404800415,15.339281000000028
sparse,11,3011,free,flow,8,sigma,0.1969972021007818,0.2,-1.5013989496091007,-185.1211279101538,2820.633834393953,14250,True,15.41836404800415,15.339281000000028
sparse,11,3011,free,flow,64,CL,2.996136233975382,3.0,-0.1287922008205969,-185.79963392309267,1500.1824183995798,12250,True,49.206242084503174,48.95207900000014
sparse,11,3011,free,flow,64,V,30.863635376792917,30.0,2.878784589309724,-185.79963392309267,1500.1824183995798,12250,True,49.206242084503174,48.95207900000014
sparse,11,3011,free,flow,64,ka,1.3271474713866755,1.2,10.5956226155563,-185.79963392309267,1500.1824183995798,12250,True,49.206242084503174,48.95207900000014
sparse,11,3011,free,flow,64,om_CL,0.3076420673237324,0.3,2.5473557745774684,-185.79963392309267,1500.1824183995798,12250,True,49.206242084503174,48.95207900000014
sparse,11,3011,free,flow,64,om_V,0.2083544364810866,0.2,4.17721824054329,-185.79963392309267,1500.1824183995798,12250,True,49.206242084503174,48.95207900000014
sparse,11,3011,free,flow,64,om_ka,0.4384629680876675,0.4,9.615742021916867,-185.79963392309267,1500.1824183995798,12250,True,49.206242084503174,48.95207900000014
sparse,11,3011,free,flow,64,sigma,0.1971746300535396,0.2,-1.412684973230202,-185.79963392309267,1500.1824183995798,12250,True,49.206242084503174,48.95207900000014
sparse,12,3012,free,flow,1,CL,2.978120250959095,3.0,-0.7293249680301687,-161.88755885182644,3768.221352885343,8750,True,34.057701110839844,33.870642000000316
sparse,12,3012,free,flow,1,V,29.297625816865008,30.0,-2.3412472771166413,-161.88755885182644,3768.221352885343,8750,True,34.057701110839844,33.870642000000316
sparse,12,3012,free,flow,1,ka,1.145915906809471,1.2,-4.507007765877406,-161.88755885182644,3768.221352885343,8750,True,34.057701110839844,33.870642000000316
sparse,12,3012,free,flow,1,om_CL,0.2855271979442534,0.3,-4.824267351915509,-161.88755885182644,3768.221352885343,8750,True,34.057701110839844,33.870642000000316
sparse,12,3012,free,flow,1,om_V,0.1769793663236797,0.2,-11.51031683816016,-161.88755885182644,3768.221352885343,8750,True,34.057701110839844,33.870642000000316
sparse,12,3012,free,flow,1,om_ka,0.318935833131779,0.4,-20.26604171705526,-161.88755885182644,3768.221352885343,8750,True,34.057701110839844,33.870642000000316
sparse,12,3012,free,flow,1,sigma,0.2035946427526442,0.2,1.797321376322103,-161.88755885182644,3768.221352885343,8750,True,34.057701110839844,33.870642000000316
sparse,12,3012,free,flow,8,CL,2.935438507596466,3.0,-2.1520497467844457,-162.1029044605566,2527.5904128464617,18250,True,19.767986297607425,19.659290000000055
sparse,12,3012,free,flow,8,V,29.37227051491572,30.0,-2.0924316169476023,-162.1029044605566,2527.5904128464617,18250,True,19.767986297607425,19.659290000000055
sparse,12,3012,free,flow,8,ka,1.1822320631478485,1.2,-1.4806614043459585,-162.1029044605566,2527.5904128464617,18250,True,19.767986297607425,19.659290000000055
sparse,12,3012,free,flow,8,om_CL,0.2880961411361886,0.3,-3.9679529546038,-162.1029044605566,2527.5904128464617,18250,True,19.767986297607425,19.659290000000055
sparse,12,3012,free,flow,8,om_V,0.1719018176703427,0.2,-14.049091164828637,-162.1029044605566,2527.5904128464617,18250,True,19.767986297607425,19.659290000000055
sparse,12,3012,free,flow,8,om_ka,0.3281012237892092,0.4,-17.974694052697703,-162.1029044605566,2527.5904128464617,18250,True,19.767986297607425,19.659290000000055
sparse,12,3012,free,flow,8,sigma,0.2039424272066503,0.2,1.9712136033251393,-162.1029044605566,2527.5904128464617,18250,True,19.767986297607425,19.659290000000055
sparse,12,3012,free,flow,64,CL,2.982874893181944,3.0,-0.5708368939352079,-161.5850465098428,2645.1303949380167,8250,True,33.16551971435547,32.979131999999936
sparse,12,3012,free,flow,64,V,29.249776936721844,30.0,-2.5007435442605206,-161.5850465098428,2645.1303949380167,8250,True,33.16551971435547,32.979131999999936
sparse,12,3012,free,flow,64,ka,1.1759089853916616,1.2,-2.007584550694867,-161.5850465098428,2645.1303949380167,8250,True,33.16551971435547,32.979131999999936
sparse,12,3012,free,flow,64,om_CL,0.2860172695119086,0.3,-4.660910162697115,-161.5850465098428,2645.1303949380167,8250,True,33.16551971435547,32.979131999999936
sparse,12,3012,free,flow,64,om_V,0.1810468657304754,0.2,-9.476567134762304,-161.5850465098428,2645.1303949380167,8250,True,33.16551971435547,32.979131999999936
sparse,12,3012,free,flow,64,om_ka,0.3574233445818658,0.4,-10.644163854533552,-161.5850465098428,2645.1303949380167,8250,True,33.16551971435547,32.979131999999936
sparse,12,3012,free,flow,64,sigma,0.1883404448926285,0.2,-5.829777553685744,-161.5850465098428,2645.1303949380167,8250,True,33.16551971435547,32.979131999999936
sparse,13,3013,free,flow,1,CL,2.9159497250903375,3.0,-2.801675830322085,-169.1089979175054,3872.089330518272,8500,True,33.09705090522766,32.91258299999981
sparse,13,3013,free,flow,1,V,30.717658874410738,30.0,2.392196248035793,-169.1089979175054,3872.089330518272,8500,True,33.09705090522766,32.91258299999981
sparse,13,3013,free,flow,1,ka,1.179330686337961,1.2,-1.72244280516994,-169.1089979175054,3872.089330518272,8500,True,33.09705090522766,32.91258299999981
sparse,13,3013,free,flow,1,om_CL,0.2994014693412047,0.3,-0.1995102195984273,-169.1089979175054,3872.089330518272,8500,True,33.09705090522766,32.91258299999981
sparse,13,3013,free,flow,1,om_V,0.2088687915091568,0.2,4.434395754578435,-169.1089979175054,3872.089330518272,8500,True,33.09705090522766,32.91258299999981
sparse,13,3013,free,flow,1,om_ka,0.2814467170235041,0.4,-29.63832074412397,-169.1089979175054,3872.089330518272,8500,True,33.09705090522766,32.91258299999981
sparse,13,3013,free,flow,1,sigma,0.2072667596301828,0.2,3.633379815091403,-169.1089979175054,3872.089330518272,8500,True,33.09705090522766,32.91258299999981
sparse,13,3013,free,flow,8,CL,2.93187968041217,3.0,-2.270677319594331,-169.42154017315434,2744.2656319005123,19250,True,20.841097116470337,20.71368500000017
sparse,13,3013,free,flow,8,V,30.61887468346423,30.0,2.0629156115474365,-169.42154017315434,2744.2656319005123,19250,True,20.841097116470337,20.71368500000017
sparse,13,3013,free,flow,8,ka,1.1994008791606858,1.2,-0.0499267366095105,-169.42154017315434,2744.2656319005123,19250,True,20.841097116470337,20.71368500000017
sparse,13,3013,free,flow,8,om_CL,0.2946315570605065,0.3,-1.7894809798311522,-169.42154017315434,2744.2656319005123,19250,True,20.841097116470337,20.71368500000017
sparse,13,3013,free,flow,8,om_V,0.2128457188096635,0.2,6.422859404831754,-169.42154017315434,2744.2656319005123,19250,True,20.841097116470337,20.71368500000017
sparse,13,3013,free,flow,8,om_ka,0.2565181705914244,0.4,-35.87045735214389,-169.42154017315434,2744.2656319005123,19250,True,20.841097116470337,20.71368500000017
sparse,13,3013,free,flow,8,sigma,0.2100512648161819,0.2,5.025632408090965,-169.42154017315434,2744.2656319005123,19250,True,20.841097116470337,20.71368500000017
sparse,13,3013,free,flow,64,CL,2.916816721296676,3.0,-2.772775956777466,-169.06278284791273,2831.2717323276215,7750,True,31.26329493522644,31.057536000000255
sparse,13,3013,free,flow,64,V,30.480662193742244,30.0,1.6022073124741472,-169.06278284791273,2831.2717323276215,7750,True,31.26329493522644,31.057536000000255
sparse,13,3013,free,flow,64,ka,1.1953090233705357,1.2,-0.3909147191220227,-169.06278284791273,2831.2717323276215,7750,True,31.26329493522644,31.057536000000255
sparse,13,3013,free,flow,64,om_CL,0.3034237744300373,0.3,1.141258143345777,-169.06278284791273,2831.2717323276215,7750,True,31.26329493522644,31.057536000000255
sparse,13,3013,free,flow,64,om_V,0.210235764086818,0.2,5.117882043408988,-169.06278284791273,2831.2717323276215,7750,True,31.26329493522644,31.057536000000255
sparse,13,3013,free,flow,64,om_ka,0.3334947687899019,0.4,-16.626307802524522,-169.06278284791273,2831.2717323276215,7750,True,31.26329493522644,31.057536000000255
sparse,13,3013,free,flow,64,sigma,0.1945668891934269,0.2,-2.7165554032865384,-169.06278284791273,2831.2717323276215,7750,True,31.26329493522644,31.057536000000255
sparse,14,3014,free,flow,1,CL,3.0323431058019223,3.0,1.0781035267307448,-171.3220177068305,3826.406755014005,5250,True,20.64557957649231,20.416665000000194
sparse,14,3014,free,flow,1,V,30.82604126229401,30.0,2.7534708743133627,-171.3220177068305,3826.406755014005,5250,True,20.64557957649231,20.416665000000194
sparse,14,3014,free,flow,1,ka,1.245180414114399,1.2,3.76503450953325,-171.3220177068305,3826.406755014005,5250,True,20.64557957649231,20.416665000000194
sparse,14,3014,free,flow,1,om_CL,0.3014106046931144,0.3,0.4702015643714789,-171.3220177068305,3826.406755014005,5250,True,20.64557957649231,20.416665000000194
sparse,14,3014,free,flow,1,om_V,0.1973198812745511,0.2,-1.340059362724452,-171.3220177068305,3826.406755014005,5250,True,20.64557957649231,20.416665000000194
sparse,14,3014,free,flow,1,om_ka,0.3225409158383666,0.4,-19.364771040408357,-171.3220177068305,3826.406755014005,5250,True,20.64557957649231,20.416665000000194
sparse,14,3014,free,flow,1,sigma,0.2079765205587305,0.2,3.98826027936526,-171.3220177068305,3826.406755014005,5250,True,20.64557957649231,20.416665000000194
sparse,14,3014,free,flow,8,CL,3.01112994901011,3.0,0.3709983003369999,-170.87547346426345,2617.452586451413,16750,True,18.109222888946533,18.021637000000283
sparse,14,3014,free,flow,8,V,30.89226611873542,30.0,2.974220395784736,-170.87547346426345,2617.452586451413,16750,True,18.109222888946533,18.021637000000283
sparse,14,3014,free,flow,8,ka,1.2502507334824544,1.2,4.187561123537872,-170.87547346426345,2617.452586451413,16750,True,18.109222888946533,18.021637000000283
sparse,14,3014,free,flow,8,om_CL,0.3043231297446953,0.3,1.4410432482317808,-170.87547346426345,2617.452586451413,16750,True,18.109222888946533,18.021637000000283
sparse,14,3014,free,flow,8,om_V,0.190874163965844,0.2,-4.562918017078005,-170.87547346426345,2617.452586451413,16750,True,18.109222888946533,18.021637000000283
sparse,14,3014,free,flow,8,om_ka,0.3502373694184374,0.4,-12.440657645390637,-170.87547346426345,2617.452586451413,16750,True,18.109222888946533,18.021637000000283
sparse,14,3014,free,flow,8,sigma,0.1990344025201172,0.2,-0.4827987399414063,-170.87547346426345,2617.452586451413,16750,True,18.109222888946533,18.021637000000283
sparse,14,3014,free,flow,64,CL,3.0400986982682645,3.0,1.336623275608817,-170.59841529812695,1304.585227254992,4000,True,16.31461763381958,16.22294899999997
sparse,14,3014,free,flow,64,V,30.684747573694658,30.0,2.282491912315514,-170.59841529812695,1304.585227254992,4000,True,16.31461763381958,16.22294899999997
sparse,14,3014,free,flow,64,ka,1.2406258749835266,1.2,3.3854895819605546,-170.59841529812695,1304.585227254992,4000,True,16.31461763381958,16.22294899999997
sparse,14,3014,free,flow,64,om_CL,0.2972712494855178,0.3,-0.9095835048273936,-170.59841529812695,1304.585227254992,4000,True,16.31461763381958,16.22294899999997
sparse,14,3014,free,flow,64,om_V,0.2012222589527208,0.2,0.6111294763603975,-170.59841529812695,1304.585227254992,4000,True,16.31461763381958,16.22294899999997
sparse,14,3014,free,flow,64,om_ka,0.3985084750473081,0.4,-0.3728812381729868,-170.59841529812695,1304.585227254992,4000,True,16.31461763381958,16.22294899999997
sparse,14,3014,free,flow,64,sigma,0.1944795923201046,0.2,-2.7602038399476836,-170.59841529812695,1304.585227254992,4000,True,16.31461763381958,16.22294899999997
sparse,15,3015,free,flow,1,CL,3.0121849004187173,3.0,0.4061633472905779,-187.0582288435564,3552.5668667037485,11000,True,43.10690402984619,42.84658400000035
sparse,15,3015,free,flow,1,V,30.97230730868469,30.0,3.241024362282303,-187.0582288435564,3552.5668667037485,11000,True,43.10690402984619,42.84658400000035
sparse,15,3015,free,flow,1,ka,1.2989143871126831,1.2,8.242865592723598,-187.0582288435564,3552.5668667037485,11000,True,43.10690402984619,42.84658400000035
sparse,15,3015,free,flow,1,om_CL,0.3369668430747201,0.3,12.322281024906715,-187.0582288435564,3552.5668667037485,11000,True,43.10690402984619,42.84658400000035
sparse,15,3015,free,flow,1,om_V,0.2002976271274693,0.2,0.1488135637346538,-187.0582288435564,3552.5668667037485,11000,True,43.10690402984619,42.84658400000035
sparse,15,3015,free,flow,1,om_ka,0.5138574030317303,0.4,28.464350757932575,-187.0582288435564,3552.5668667037485,11000,True,43.10690402984619,42.84658400000035
sparse,15,3015,free,flow,1,sigma,0.1823335356583544,0.2,-8.833232170822782,-187.0582288435564,3552.5668667037485,11000,True,43.10690402984619,42.84658400000035
sparse,15,3015,free,flow,8,CL,3.018694949128753,3.0,0.6231649709584305,-187.33051743357493,2354.6915236860204,7250,True,7.950132131576538,7.909038999999666
sparse,15,3015,free,flow,8,V,31.350119452221527,30.0,4.500398174071758,-187.33051743357493,2354.6915236860204,7250,True,7.950132131576538,7.909038999999666
sparse,15,3015,free,flow,8,ka,1.2913066825626065,1.2,7.608890213550547,-187.33051743357493,2354.6915236860204,7250,True,7.950132131576538,7.909038999999666
sparse,15,3015,free,flow,8,om_CL,0.3374735944452236,0.3,12.49119814840788,-187.33051743357493,2354.6915236860204,7250,True,7.950132131576538,7.909038999999666
sparse,15,3015,free,flow,8,om_V,0.187229291604755,0.2,-6.38535419762247,-187.33051743357493,2354.6915236860204,7250,True,7.950132131576538,7.909038999999666
sparse,15,3015,free,flow,8,om_ka,0.5330369766724847,0.4,33.25924416812118,-187.33051743357493,2354.6915236860204,7250,True,7.950132131576538,7.909038999999666
sparse,15,3015,free,flow,8,sigma,0.1767569476517766,0.2,-11.62152617411166,-187.33051743357493,2354.6915236860204,7250,True,7.950132131576538,7.909038999999666
sparse,15,3015,free,flow,64,CL,2.964697664436691,3.0,-1.176744518776962,-187.23004930498135,1688.3657544433413,11750,True,47.22894597053528,46.99918600000001
sparse,15,3015,free,flow,64,V,31.59507661173923,30.0,5.316922039130779,-187.23004930498135,1688.3657544433413,11750,True,47.22894597053528,46.99918600000001
sparse,15,3015,free,flow,64,ka,1.3349216689947951,1.2,11.243472416232931,-187.23004930498135,1688.3657544433413,11750,True,47.22894597053528,46.99918600000001
sparse,15,3015,free,flow,64,om_CL,0.3366443965331583,0.3,12.214798844386126,-187.23004930498135,1688.3657544433413,11750,True,47.22894597053528,46.99918600000001
sparse,15,3015,free,flow,64,om_V,0.2013120712229649,0.2,0.6560356114824611,-187.23004930498135,1688.3657544433413,11750,True,47.22894597053528,46.99918600000001
sparse,15,3015,free,flow,64,om_ka,0.5730618302245241,0.4,43.26545755613101,-187.23004930498135,1688.3657544433413,11750,True,47.22894597053528,46.99918600000001
sparse,15,3015,free,flow,64,sigma,0.1750475162386849,0.2,-12.476241880657543,-187.23004930498135,1688.3657544433413,11750,True,47.22894597053528,46.99918600000001
sparse,16,3016,free,flow,1,CL,2.8461881237023694,3.0,-5.127062543254353,-177.60473220648322,3746.8147858322327,9000,True,35.058281898498535,34.88162599999987
sparse,16,3016,free,flow,1,V,30.29388135428468,30.0,0.9796045142822744,-177.60473220648322,3746.8147858322327,9000,True,35.058281898498535,34.88162599999987
sparse,16,3016,free,flow,1,ka,1.332814638746552,1.2,11.067886562212674,-177.60473220648322,3746.8147858322327,9000,True,35.058281898498535,34.88162599999987
sparse,16,3016,free,flow,1,om_CL,0.2913573821445331,0.3,-2.880872618488943,-177.60473220648322,3746.8147858322327,9000,True,35.058281898498535,34.88162599999987
sparse,16,3016,free,flow,1,om_V,0.2205975978950521,0.2,10.29879894752604,-177.60473220648322,3746.8147858322327,9000,True,35.058281898498535,34.88162599999987
sparse,16,3016,free,flow,1,om_ka,0.3428762510970859,0.4,-14.280937225728511,-177.60473220648322,3746.8147858322327,9000,True,35.058281898498535,34.88162599999987
sparse,16,3016,free,flow,1,sigma,0.2108111480758816,0.2,5.405574037940828,-177.60473220648322,3746.8147858322327,9000,True,35.058281898498535,34.88162599999987
sparse,16,3016,free,flow,8,CL,2.8600788415395946,3.0,-4.664038615346848,-176.77881463437197,3612.03509065556,18750,True,20.278032064437863,20.180127000000084
sparse,16,3016,free,flow,8,V,30.179630720337812,30.0,0.5987690677927068,-176.77881463437197,3612.03509065556,18750,True,20.278032064437863,20.180127000000084
sparse,16,3016,free,flow,8,ka,1.3551403836529032,1.2,12.928365304408608,-176.77881463437197,3612.03509065556,18750,True,20.278032064437863,20.180127000000084
sparse,16,3016,free,flow,8,om_CL,0.294361394692673,0.3,-1.8795351024423388,-176.77881463437197,3612.03509065556,18750,True,20.278032064437863,20.180127000000084
sparse,16,3016,free,flow,8,om_V,0.2194127248696486,0.2,9.706362434824324,-176.77881463437197,3612.03509065556,18750,True,20.278032064437863,20.180127000000084
sparse,16,3016,free,flow,8,om_ka,0.4252730164603765,0.4,6.318254115094124,-176.77881463437197,3612.03509065556,18750,True,20.278032064437863,20.180127000000084
sparse,16,3016,free,flow,8,sigma,0.1967304095250746,0.2,-1.6347952374627106,-176.77881463437197,3612.03509065556,18750,True,20.278032064437863,20.180127000000084
sparse,16,3016,free,flow,64,CL,2.8426417643322273,3.0,-5.245274522259091,-177.36874393388317,1477.8893286865898,24000,True,96.2528281211853,95.7598210000001
sparse,16,3016,free,flow,64,V,30.2474888282236,30.0,0.824962760745341,-177.36874393388317,1477.8893286865898,24000,True,96.2528281211853,95.7598210000001
sparse,16,3016,free,flow,64,ka,1.367685110281057,1.2,13.973759190088089,-177.36874393388317,1477.8893286865898,24000,True,96.2528281211853,95.7598210000001
sparse,16,3016,free,flow,64,om_CL,0.2914519836139709,0.3,-2.84933879534303,-177.36874393388317,1477.8893286865898,24000,True,96.2528281211853,95.7598210000001
sparse,16,3016,free,flow,64,om_V,0.2169466731071311,0.2,8.473336553565552,-177.36874393388317,1477.8893286865898,24000,True,96.2528281211853,95.7598210000001
sparse,16,3016,free,flow,64,om_ka,0.3758608113152706,0.4,-6.03479717118234,-177.36874393388317,1477.8893286865898,24000,True,96.2528281211853,95.7598210000001
sparse,16,3016,free,flow,64,sigma,0.207213434049559,0.2,3.6067170247794937,-177.36874393388317,1477.8893286865898,24000,True,96.2528281211853,95.7598210000001
sparse,17,3017,free,flow,1,CL,3.1722322493420574,3.0,5.741074978068579,-188.01438955377688,3868.79013629008,8250,True,32.082679271698,31.91956300000038
sparse,17,3017,free,flow,1,V,28.72129892799474,30.0,-4.262336906684195,-188.01438955377688,3868.79013629008,8250,True,32.082679271698,31.91956300000038
sparse,17,3017,free,flow,1,ka,1.118215457004367,1.2,-6.815378582969416,-188.01438955377688,3868.79013629008,8250,True,32.082679271698,31.91956300000038
sparse,17,3017,free,flow,1,om_CL,0.2989863703430672,0.3,-0.3378765523109154,-188.01438955377688,3868.79013629008,8250,True,32.082679271698,31.91956300000038
sparse,17,3017,free,flow,1,om_V,0.2045115096033727,0.2,2.255754801686382,-188.01438955377688,3868.79013629008,8250,True,32.082679271698,31.91956300000038
sparse,17,3017,free,flow,1,om_ka,0.1658618384329041,0.4,-58.534540391773966,-188.01438955377688,3868.79013629008,8250,True,32.082679271698,31.91956300000038
sparse,17,3017,free,flow,1,sigma,0.2282880124864962,0.2,14.144006243248116,-188.01438955377688,3868.79013629008,8250,True,32.082679271698,31.91956300000038
sparse,17,3017,free,flow,8,CL,3.150725755427592,3.0,5.024191847586401,-188.47830525119977,2569.7529673523145,20250,True,21.848690032958984,21.737271999999848
sparse,17,3017,free,flow,8,V,29.01379360682089,30.0,-3.287354643930366,-188.47830525119977,2569.7529673523145,20250,True,21.848690032958984,21.737271999999848
sparse,17,3017,free,flow,8,ka,1.1170942951759073,1.2,-6.908808735341054,-188.47830525119977,2569.7529673523145,20250,True,21.848690032958984,21.737271999999848
sparse,17,3017,free,flow,8,om_CL,0.2901631343419926,0.3,-3.2789552193357814,-188.47830525119977,2569.7529673523145,20250,True,21.848690032958984,21.737271999999848
sparse,17,3017,free,flow,8,om_V,0.2092112070164252,0.2,4.605603508212597,-188.47830525119977,2569.7529673523145,20250,True,21.848690032958984,21.737271999999848
sparse,17,3017,free,flow,8,om_ka,0.1151890667748755,0.4,-71.20273330628112,-188.47830525119977,2569.7529673523145,20250,True,21.848690032958984,21.737271999999848
sparse,17,3017,free,flow,8,sigma,0.2257390772968972,0.2,12.869538648448614,-188.47830525119977,2569.7529673523145,20250,True,21.848690032958984,21.737271999999848
sparse,17,3017,free,flow,64,CL,3.135466530000812,3.0,4.515551000027059,-188.06104589519344,1616.5566459356585,6750,True,27.11927390098572,26.98466699999972
sparse,17,3017,free,flow,64,V,28.95029951565128,30.0,-3.49900161449573,-188.06104589519344,1616.5566459356585,6750,True,27.11927390098572,26.98466699999972
sparse,17,3017,free,flow,64,ka,1.136905796644128,1.2,-5.257850279655992,-188.06104589519344,1616.5566459356585,6750,True,27.11927390098572,26.98466699999972
sparse,17,3017,free,flow,64,om_CL,0.296550756866979,0.3,-1.149747711006973,-188.06104589519344,1616.5566459356585,6750,True,27.11927390098572,26.98466699999972
sparse,17,3017,free,flow,64,om_V,0.2068612540199645,0.2,3.4306270099822704,-188.06104589519344,1616.5566459356585,6750,True,27.11927390098572,26.98466699999972
sparse,17,3017,free,flow,64,om_ka,0.1908411010280869,0.4,-52.289724742978265,-188.06104589519344,1616.5566459356585,6750,True,27.11927390098572,26.98466699999972
sparse,17,3017,free,flow,64,sigma,0.219803601275496,0.2,9.901800637748025,-188.06104589519344,1616.5566459356585,6750,True,27.11927390098572,26.98466699999972
sparse,18,3018,free,flow,1,CL,2.9189589969671537,3.0,-2.7013667677615447,-151.80710698057703,3621.642534825327,8750,True,34.00550174713135,33.82693600000039
sparse,18,3018,free,flow,1,V,29.97801443698622,30.0,-0.0732852100459287,-151.80710698057703,3621.642534825327,8750,True,34.00550174713135,33.82693600000039
sparse,18,3018,free,flow,1,ka,1.114622525699824,1.2,-7.114789525014653,-151.80710698057703,3621.642534825327,8750,True,34.00550174713135,33.82693600000039
sparse,18,3018,free,flow,1,om_CL,0.2726982838892065,0.3,-9.100572036931156,-151.80710698057703,3621.642534825327,8750,True,34.00550174713135,33.82693600000039
sparse,18,3018,free,flow,1,om_V,0.1693081227352512,0.2,-15.345938632374407,-151.80710698057703,3621.642534825327,8750,True,34.00550174713135,33.82693600000039
sparse,18,3018,free,flow,1,om_ka,0.3548868693582108,0.4,-11.278282660447308,-151.80710698057703,3621.642534825327,8750,True,34.00550174713135,33.82693600000039
sparse,18,3018,free,flow,1,sigma,0.1989640398397519,0.2,-0.5179800801240614,-151.80710698057703,3621.642534825327,8750,True,34.00550174713135,33.82693600000039
sparse,18,3018,free,flow,8,CL,2.9433842811111495,3.0,-1.887190629628351,-151.78995774865552,3179.2951128966306,14250,True,15.38986110687256,15.316817999999785
sparse,18,3018,free,flow,8,V,29.831829093982535,30.0,-0.560569686724873,-151.78995774865552,3179.2951128966306,14250,True,15.38986110687256,15.316817999999785
sparse,18,3018,free,flow,8,ka,1.1164839305077383,1.2,-6.9596724576884705,-151.78995774865552,3179.2951128966306,14250,True,15.38986110687256,15.316817999999785
sparse,18,3018,free,flow,8,om_CL,0.2752674674764465,0.3,-8.244177507851152,-151.78995774865552,3179.2951128966306,14250,True,15.38986110687256,15.316817999999785
sparse,18,3018,free,flow,8,om_V,0.1707037450051804,0.2,-14.648127497409762,-151.78995774865552,3179.2951128966306,14250,True,15.38986110687256,15.316817999999785
sparse,18,3018,free,flow,8,om_ka,0.3743896046228698,0.4,-6.402598844282542,-151.78995774865552,3179.2951128966306,14250,True,15.38986110687256,15.316817999999785
sparse,18,3018,free,flow,8,sigma,0.1924080354963303,0.2,-3.795982251834862,-151.78995774865552,3179.2951128966306,14250,True,15.38986110687256,15.316817999999785
sparse,18,3018,free,flow,64,CL,2.91659948219718,3.0,-2.7800172600939956,-151.53318216390662,694.0599180365808,6000,True,24.11710214614868,23.983879999999772
sparse,18,3018,free,flow,64,V,30.08421601172633,30.0,0.280720039087754,-151.53318216390662,694.0599180365808,6000,True,24.11710214614868,23.983879999999772
sparse,18,3018,free,flow,64,ka,1.1015469823362491,1.2,-8.2044181386459,-151.53318216390662,694.0599180365808,6000,True,24.11710214614868,23.983879999999772
sparse,18,3018,free,flow,64,om_CL,0.2730622657442972,0.3,-8.979244751900909,-151.53318216390662,694.0599180365808,6000,True,24.11710214614868,23.983879999999772
sparse,18,3018,free,flow,64,om_V,0.1715805438763741,0.2,-14.20972806181292,-151.53318216390662,694.0599180365808,6000,True,24.11710214614868,23.983879999999772
sparse,18,3018,free,flow,64,om_ka,0.3996496825803639,0.4,-0.0875793549090231,-151.53318216390662,694.0599180365808,6000,True,24.11710214614868,23.983879999999772
sparse,18,3018,free,flow,64,sigma,0.1900443022736995,0.2,-4.977848863150238,-151.53318216390662,694.0599180365808,6000,True,24.11710214614868,23.983879999999772
sparse,19,3019,free,flow,1,CL,2.979988575817699,3.0,-0.6670474727433687,-174.77501289152264,3788.350969635216,13000,True,50.41080379486084,50.15738999999985
sparse,19,3019,free,flow,1,V,28.7608397859796,30.0,-4.130534046734671,-174.77501289152264,3788.350969635216,13000,True,50.41080379486084,50.15738999999985
sparse,19,3019,free,flow,1,ka,1.1908572964538977,1.2,-0.7618919621752059,-174.77501289152264,3788.350969635216,13000,True,50.41080379486084,50.15738999999985
sparse,19,3019,free,flow,1,om_CL,0.285114559253431,0.3,-4.961813582189649,-174.77501289152264,3788.350969635216,13000,True,50.41080379486084,50.15738999999985
sparse,19,3019,free,flow,1,om_V,0.1971418322254135,0.2,-1.4290838872932226,-174.77501289152264,3788.350969635216,13000,True,50.41080379486084,50.15738999999985
sparse,19,3019,free,flow,1,om_ka,0.3964855765152191,0.4,-0.8786058711952177,-174.77501289152264,3788.350969635216,13000,True,50.41080379486084,50.15738999999985
sparse,19,3019,free,flow,1,sigma,0.2000877382182513,0.2,0.0438691091256826,-174.77501289152264,3788.350969635216,13000,True,50.41080379486084,50.15738999999985
sparse,19,3019,free,flow,8,CL,3.013114699004695,3.0,0.4371566334898287,-175.7659216748431,1176.79236548847,16500,True,17.73969602584839,17.664534000000003
sparse,19,3019,free,flow,8,V,28.58428290271841,30.0,-4.719056990938632,-175.7659216748431,1176.79236548847,16500,True,17.73969602584839,17.664534000000003
sparse,19,3019,free,flow,8,ka,1.2160665108448412,1.2,1.3388759037367692,-175.7659216748431,1176.79236548847,16500,True,17.73969602584839,17.664534000000003
sparse,19,3019,free,flow,8,om_CL,0.2771554286807409,0.3,-7.614857106419683,-175.7659216748431,1176.79236548847,16500,True,17.73969602584839,17.664534000000003
sparse,19,3019,free,flow,8,om_V,0.1863511672200486,0.2,-6.824416389975704,-175.7659216748431,1176.79236548847,16500,True,17.73969602584839,17.664534000000003
sparse,19,3019,free,flow,8,om_ka,0.4033775900748098,0.4,0.8443975187024527,-175.7659216748431,1176.79236548847,16500,True,17.73969602584839,17.664534000000003
sparse,19,3019,free,flow,8,sigma,0.2087957133567688,0.2,4.397856678384423,-175.7659216748431,1176.79236548847,16500,True,17.73969602584839,17.664534000000003
sparse,19,3019,free,flow,64,CL,2.945869609979514,3.0,-1.8043463340161976,-180.10121268838003,68.24606589001692,7500,True,30.127609968185425,29.956576999999925
sparse,19,3019,free,flow,64,V,28.877519574005348,30.0,-3.7416014199821745,-180.10121268838003,68.24606589001692,7500,True,30.127609968185425,29.956576999999925
sparse,19,3019,free,flow,64,ka,1.224419900738973,1.2,2.0349917282477814,-180.10121268838003,68.24606589001692,7500,True,30.127609968185425,29.956576999999925
sparse,19,3019,free,flow,64,om_CL,0.2846314984154361,0.3,-5.1228338615212925,-180.10121268838003,68.24606589001692,7500,True,30.127609968185425,29.956576999999925
sparse,19,3019,free,flow,64,om_V,0.2028895092559491,0.2,1.4447546279745398,-180.10121268838003,68.24606589001692,7500,True,30.127609968185425,29.956576999999925
sparse,19,3019,free,flow,64,om_ka,0.4437002496377643,0.4,10.925062409441065,-180.10121268838003,68.24606589001692,7500,True,30.127609968185425,29.956576999999925
sparse,19,3019,free,flow,64,sigma,0.1930922239732343,0.2,-3.4538880133828247,-180.10121268838003,68.24606589001692,7500,True,30.127609968185425,29.956576999999925
sparse,20,3020,free,flow,1,CL,3.088815804417186,3.0,2.960526813906202,-158.49344233081706,3763.372086439269,4500,True,17.528413772583008,17.44077100000004
sparse,20,3020,free,flow,1,V,30.862369782610045,30.0,2.8745659420334846,-158.49344233081706,3763.372086439269,4500,True,17.528413772583008,17.44077100000004
sparse,20,3020,free,flow,1,ka,1.2660022480371136,1.2,5.500187336426136,-158.49344233081706,3763.372086439269,4500,True,17.528413772583008,17.44077100000004
sparse,20,3020,free,flow,1,om_CL,0.2657391523305813,0.3,-11.42028255647289,-158.49344233081706,3763.372086439269,4500,True,17.528413772583008,17.44077100000004
sparse,20,3020,free,flow,1,om_V,0.2015061859323204,0.2,0.7530929661602181,-158.49344233081706,3763.372086439269,4500,True,17.528413772583008,17.44077100000004
sparse,20,3020,free,flow,1,om_ka,0.2699211949076524,0.4,-32.519701273086895,-158.49344233081706,3763.372086439269,4500,True,17.528413772583008,17.44077100000004
sparse,20,3020,free,flow,1,sigma,0.2118253394150149,0.2,5.9126697075074786,-158.49344233081706,3763.372086439269,4500,True,17.528413772583008,17.44077100000004
sparse,20,3020,free,flow,8,CL,3.0263816832773105,3.0,0.8793894425770166,-157.61344021843036,3075.1379477818396,13250,True,14.342067956924438,14.269236999999976
sparse,20,3020,free,flow,8,V,31.01561064183964,30.0,3.3853688061321328,-157.61344021843036,3075.1379477818396,13250,True,14.342067956924438,14.269236999999976
sparse,20,3020,free,flow,8,ka,1.3080781208763117,1.2,9.006510073025979,-157.61344021843036,3075.1379477818396,13250,True,14.342067956924438,14.269236999999976
sparse,20,3020,free,flow,8,om_CL,0.2722530541090082,0.3,-9.248981963663937,-157.61344021843036,3075.1379477818396,13250,True,14.342067956924438,14.269236999999976
sparse,20,3020,free,flow,8,om_V,0.2005907487072021,0.2,0.29537435360108,-157.61344021843036,3075.1379477818396,13250,True,14.342067956924438,14.269236999999976
sparse,20,3020,free,flow,8,om_ka,0.3150014804831785,0.4,-21.249629879205365,-157.61344021843036,3075.1379477818396,13250,True,14.342067956924438,14.269236999999976
sparse,20,3020,free,flow,8,sigma,0.2036682003950305,0.2,1.8341001975152451,-157.61344021843036,3075.1379477818396,13250,True,14.342067956924438,14.269236999999976
sparse,20,3020,free,flow,64,CL,3.0094195640624597,3.0,0.3139854687486565,-157.11976221808578,2605.370940805448,14750,True,59.11152100563049,58.78383699999995
sparse,20,3020,free,flow,64,V,31.14278719889569,30.0,3.809290662985619,-157.11976221808578,2605.370940805448,14750,True,59.11152100563049,58.78383699999995
sparse,20,3020,free,flow,64,ka,1.3127446695522362,1.2,9.395389129353022,-157.11976221808578,2605.370940805448,14750,True,59.11152100563049,58.78383699999995
sparse,20,3020,free,flow,64,om_CL,0.2706843056044688,0.3,-9.771898131843722,-157.11976221808578,2605.370940805448,14750,True,59.11152100563049,58.78383699999995
sparse,20,3020,free,flow,64,om_V,0.2036323542410256,0.2,1.81617712051281,-157.11976221808578,2605.370940805448,14750,True,59.11152100563049,58.78383699999995
sparse,20,3020,free,flow,64,om_ka,0.3721109664581694,0.4,-6.972258385457661,-157.11976221808578,2605.370940805448,14750,True,59.11152100563049,58.78383699999995
sparse,20,3020,free,flow,64,sigma,0.1910404217601026,0.2,-4.479789119948701,-157.11976221808578,2605.370940805448,14750,True,59.11152100563049,58.78383699999995
sparse,21,3021,free,flow,1,CL,2.9634476835032126,3.0,-1.218410549892912,-174.1202745037105,3801.0478414885815,10500,True,40.75235080718994,40.5498120000002
sparse,21,3021,free,flow,1,V,29.229147100886067,30.0,-2.5695096637131107,-174.1202745037105,3801.0478414885815,10500,True,40.75235080718994,40.5498120000002
sparse,21,3021,free,flow,1,ka,1.108824086732252,1.2,-7.597992772312323,-174.1202745037105,3801.0478414885815,10500,True,40.75235080718994,40.5498120000002
sparse,21,3021,free,flow,1,om_CL,0.2782028371079466,0.3,-7.265720964017805,-174.1202745037105,3801.0478414885815,10500,True,40.75235080718994,40.5498120000002
sparse,21,3021,free,flow,1,om_V,0.1846446805832821,0.2,-7.67765970835893,-174.1202745037105,3801.0478414885815,10500,True,40.75235080718994,40.5498120000002
sparse,21,3021,free,flow,1,om_ka,0.320989432370822,0.4,-19.75264190729449,-174.1202745037105,3801.0478414885815,10500,True,40.75235080718994,40.5498120000002
sparse,21,3021,free,flow,1,sigma,0.2157508532788613,0.2,7.875426639430652,-174.1202745037105,3801.0478414885815,10500,True,40.75235080718994,40.5498120000002
sparse,21,3021,free,flow,8,CL,2.9864255532586768,3.0,-0.4524815580441081,-174.2952389744405,2742.98323743923,15500,True,16.765233039855957,16.680581000000075
sparse,21,3021,free,flow,8,V,29.17351376419752,30.0,-2.7549541193416025,-174.2952389744405,2742.98323743923,15500,True,16.765233039855957,16.680581000000075
sparse,21,3021,free,flow,8,ka,1.1056271846155483,1.2,-7.864401282037636,-174.2952389744405,2742.98323743923,15500,True,16.765233039855957,16.680581000000075
sparse,21,3021,free,flow,8,om_CL,0.2769239231054572,0.3,-7.692025631514259,-174.2952389744405,2742.98323743923,15500,True,16.765233039855957,16.680581000000075
sparse,21,3021,free,flow,8,om_V,0.1854483798699165,0.2,-7.275810065041743,-174.2952389744405,2742.98323743923,15500,True,16.765233039855957,16.680581000000075
sparse,21,3021,free,flow,8,om_ka,0.3026391274647809,0.4,-24.340218133804782,-174.2952389744405,2742.98323743923,15500,True,16.765233039855957,16.680581000000075
sparse,21,3021,free,flow,8,sigma,0.2203632231592099,0.2,10.181611579604969,-174.2952389744405,2742.98323743923,15500,True,16.765233039855957,16.680581000000075
sparse,21,3021,free,flow,64,CL,2.9393218462271866,3.0,-2.022605125760446,-175.02593172681424,2309.7592342978796,15500,True,61.98274803161621,61.68600699999979
sparse,21,3021,free,flow,64,V,29.38590208748502,30.0,-2.0469930417165947,-175.02593172681424,2309.7592342978796,15500,True,61.98274803161621,61.68600699999979
sparse,21,3021,free,flow,64,ka,1.1434862227766898,1.2,-4.709481435275849,-175.02593172681424,2309.7592342978796,15500,True,61.98274803161621,61.68600699999979
sparse,21,3021,free,flow,64,om_CL,0.2785699026349325,0.3,-7.143365788355819,-175.02593172681424,2309.7592342978796,15500,True,61.98274803161621,61.68600699999979
sparse,21,3021,free,flow,64,om_V,0.1916620167210924,0.2,-4.168991639453792,-175.02593172681424,2309.7592342978796,15500,True,61.98274803161621,61.68600699999979
sparse,21,3021,free,flow,64,om_ka,0.3072170838065157,0.4,-23.195729048371067,-175.02593172681424,2309.7592342978796,15500,True,61.98274803161621,61.68600699999979
sparse,21,3021,free,flow,64,sigma,0.229870368837071,0.2,14.935184418535489,-175.02593172681424,2309.7592342978796,15500,True,61.98274803161621,61.68600699999979
sparse,22,3022,free,flow,1,CL,3.072638505625446,3.0,2.4212835208481978,-194.2262567678284,3877.862022251761,8750,True,33.90852880477905,33.756079999999656
sparse,22,3022,free,flow,1,V,29.721896491683044,30.0,-0.9270116943898544,-194.2262567678284,3877.862022251761,8750,True,33.90852880477905,33.756079999999656
sparse,22,3022,free,flow,1,ka,1.0761405490772886,1.2,-10.321620910225944,-194.2262567678284,3877.862022251761,8750,True,33.90852880477905,33.756079999999656
sparse,22,3022,free,flow,1,om_CL,0.2899889911804056,0.3,-3.3370029398647936,-194.2262567678284,3877.862022251761,8750,True,33.90852880477905,33.756079999999656
sparse,22,3022,free,flow,1,om_V,0.1951734970835025,0.2,-2.413251458248722,-194.2262567678284,3877.862022251761,8750,True,33.90852880477905,33.756079999999656
sparse,22,3022,free,flow,1,om_ka,0.1949113826875,0.4,-51.272154328124984,-194.2262567678284,3877.862022251761,8750,True,33.90852880477905,33.756079999999656
sparse,22,3022,free,flow,1,sigma,0.2448724355772193,0.2,22.43621778860966,-194.2262567678284,3877.862022251761,8750,True,33.90852880477905,33.756079999999656
sparse,22,3022,free,flow,8,CL,3.107976995619463,3.0,3.599233187315439,-194.22909431106535,2795.7583931360496,20500,True,22.23982524871826,22.051784999999654
sparse,22,3022,free,flow,8,V,29.5990986453978,30.0,-1.3363378486740036,-194.22909431106535,2795.7583931360496,20500,True,22.23982524871826,22.051784999999654
sparse,22,3022,free,flow,8,ka,1.0606958334076535,1.2,-11.608680549362203,-194.22909431106535,2795.7583931360496,20500,True,22.23982524871826,22.051784999999654
sparse,22,3022,free,flow,8,om_CL,0.2925996035484932,0.3,-2.466798817168936,-194.22909431106535,2795.7583931360496,20500,True,22.23982524871826,22.051784999999654
sparse,22,3022,free,flow,8,om_V,0.1921851719006678,0.2,-3.907414049666088,-194.22909431106535,2795.7583931360496,20500,True,22.23982524871826,22.051784999999654
sparse,22,3022,free,flow,8,om_ka,0.1953676660263338,0.4,-51.158083493416555,-194.22909431106535,2795.7583931360496,20500,True,22.23982524871826,22.051784999999654
sparse,22,3022,free,flow,8,sigma,0.2455505847684926,0.2,22.775292384246317,-194.22909431106535,2795.7583931360496,20500,True,22.23982524871826,22.051784999999654
sparse,22,3022,free,flow,64,CL,3.0994912853033783,3.0,3.316376176779275,-194.17038338707712,2937.0034938272665,10000,True,40.17558312416077,39.973525000000336
sparse,22,3022,free,flow,64,V,29.40302013736929,30.0,-1.9899328754357033,-194.17038338707712,2937.0034938272665,10000,True,40.17558312416077,39.973525000000336
sparse,22,3022,free,flow,64,ka,1.062000620493545,1.2,-11.499948292204577,-194.17038338707712,2937.0034938272665,10000,True,40.17558312416077,39.973525000000336
sparse,22,3022,free,flow,64,om_CL,0.2889503389809874,0.3,-3.6832203396708527,-194.17038338707712,2937.0034938272665,10000,True,40.17558312416077,39.973525000000336
sparse,22,3022,free,flow,64,om_V,0.1964576193019649,0.2,-1.7711903490175152,-194.17038338707712,2937.0034938272665,10000,True,40.17558312416077,39.973525000000336
sparse,22,3022,free,flow,64,om_ka,0.2452296078838441,0.4,-38.692598029038976,-194.17038338707712,2937.0034938272665,10000,True,40.17558312416077,39.973525000000336
sparse,22,3022,free,flow,64,sigma,0.2375373299808503,0.2,18.768664990425176,-194.17038338707712,2937.0034938272665,10000,True,40.17558312416077,39.973525000000336
sparse,23,3023,free,flow,1,CL,2.908422685953822,3.0,-3.052577134872599,-206.84674661369533,3789.5089356305425,10250,True,39.768842935562134,39.557950999999775
sparse,23,3023,free,flow,1,V,30.00271884029307,30.0,0.0090628009769015,-206.84674661369533,3789.5089356305425,10250,True,39.768842935562134,39.557950999999775
sparse,23,3023,free,flow,1,ka,1.1239034968316188,1.2,-6.34137526403176,-206.84674661369533,3789.5089356305425,10250,True,39.768842935562134,39.557950999999775
sparse,23,3023,free,flow,1,om_CL,0.3078325649083586,0.3,2.6108549694528658,-206.84674661369533,3789.5089356305425,10250,True,39.768842935562134,39.557950999999775
sparse,23,3023,free,flow,1,om_V,0.24094268261029,0.2,20.47134130514501,-206.84674661369533,3789.5089356305425,10250,True,39.768842935562134,39.557950999999775
sparse,23,3023,free,flow,1,om_ka,0.3764119015954169,0.4,-5.897024601145772,-206.84674661369533,3789.5089356305425,10250,True,39.768842935562134,39.557950999999775
sparse,23,3023,free,flow,1,sigma,0.2215142541154121,0.2,10.757127057706052,-206.84674661369533,3789.5089356305425,10250,True,39.768842935562134,39.557950999999775
sparse,23,3023,free,flow,8,CL,2.900969006519034,3.0,-3.301033116032196,-206.395807214149,2054.1296935880955,15750,True,17.03707790374756,16.943538999999873
sparse,23,3023,free,flow,8,V,30.050895980690207,30.0,0.1696532689673565,-206.395807214149,2054.1296935880955,15750,True,17.03707790374756,16.943538999999873
sparse,23,3023,free,flow,8,ka,1.1280886214494457,1.2,-5.992614879212858,-206.395807214149,2054.1296935880955,15750,True,17.03707790374756,16.943538999999873
sparse,23,3023,free,flow,8,om_CL,0.3180377006445459,0.3,6.012566881515321,-206.395807214149,2054.1296935880955,15750,True,17.03707790374756,16.943538999999873
sparse,23,3023,free,flow,8,om_V,0.2409735110327348,0.2,20.486755516367417,-206.395807214149,2054.1296935880955,15750,True,17.03707790374756,16.943538999999873
sparse,23,3023,free,flow,8,om_ka,0.4023141943137878,0.4,0.5785485784469413,-206.395807214149,2054.1296935880955,15750,True,17.03707790374756,16.943538999999873
sparse,23,3023,free,flow,8,sigma,0.2177825512443371,0.2,8.891275622168557,-206.395807214149,2054.1296935880955,15750,True,17.03707790374756,16.943538999999873
sparse,23,3023,free,flow,64,CL,2.8886992244325724,3.0,-3.7100258522475857,-206.1491590064578,2174.4876487521806,14500,True,57.94769096374512,57.656614000000445
sparse,23,3023,free,flow,64,V,29.81885397656383,30.0,-0.6038200781205679,-206.1491590064578,2174.4876487521806,14500,True,57.94769096374512,57.656614000000445
sparse,23,3023,free,flow,64,ka,1.1455812299345909,1.2,-4.5348975054507745,-206.1491590064578,2174.4876487521806,14500,True,57.94769096374512,57.656614000000445
sparse,23,3023,free,flow,64,om_CL,0.3143010973996417,0.3,4.7670324665472315,-206.1491590064578,2174.4876487521806,14500,True,57.94769096374512,57.656614000000445
sparse,23,3023,free,flow,64,om_V,0.2450720156196261,0.2,22.536007809813075,-206.1491590064578,2174.4876487521806,14500,True,57.94769096374512,57.656614000000445
sparse,23,3023,free,flow,64,om_ka,0.4638129971260106,0.4,15.953249281502645,-206.1491590064578,2174.4876487521806,14500,True,57.94769096374512,57.656614000000445
sparse,23,3023,free,flow,64,sigma,0.2070216979554852,0.2,3.5108489777426057,-206.1491590064578,2174.4876487521806,14500,True,57.94769096374512,57.656614000000445
sparse,24,3024,free,flow,1,CL,2.9729319011201163,3.0,-0.9022699626627902,-180.4631918240395,3682.9928536294137,8250,True,32.00987911224365,31.849424
sparse,24,3024,free,flow,1,V,31.98533798122579,30.0,6.617793270752633,-180.4631918240395,3682.9928536294137,8250,True,32.00987911224365,31.849424
sparse,24,3024,free,flow,1,ka,1.1891421936007212,1.2,-0.9048171999399002,-180.4631918240395,3682.9928536294137,8250,True,32.00987911224365,31.849424
sparse,24,3024,free,flow,1,om_CL,0.3203388644140385,0.3,6.7796214713461795,-180.4631918240395,3682.9928536294137,8250,True,32.00987911224365,31.849424
sparse,24,3024,free,flow,1,om_V,0.2182198229416722,0.2,9.109911470836115,-180.4631918240395,3682.9928536294137,8250,True,32.00987911224365,31.849424
sparse,24,3024,free,flow,1,om_ka,0.3589879640295119,0.4,-10.25300899262202,-180.4631918240395,3682.9928536294137,8250,True,32.00987911224365,31.849424
sparse,24,3024,free,flow,1,sigma,0.1982230887572717,0.2,-0.8884556213641231,-180.4631918240395,3682.9928536294137,8250,True,32.00987911224365,31.849424
sparse,24,3024,free,flow,8,CL,2.994076853118508,3.0,-0.197438229383066,-179.830218630404,2944.906257158414,10500,True,11.414262056350708,11.357985000000554
sparse,24,3024,free,flow,8,V,31.51415737543672,30.0,5.047191251455737,-179.830218630404,2944.906257158414,10500,True,11.414262056350708,11.357985000000554
sparse,24,3024,free,flow,8,ka,1.2094877431492927,1.2,0.7906452624410661,-179.830218630404,2944.906257158414,10500,True,11.414262056350708,11.357985000000554
sparse,24,3024,free,flow,8,om_CL,0.3222919751311212,0.3,7.430658377040415,-179.830218630404,2944.906257158414,10500,True,11.414262056350708,11.357985000000554
sparse,24,3024,free,flow,8,om_V,0.2224392458325151,0.2,11.219622916257554,-179.830218630404,2944.906257158414,10500,True,11.414262056350708,11.357985000000554
sparse,24,3024,free,flow,8,om_ka,0.4054810398740912,0.4,1.3702599685227883,-179.830218630404,2944.906257158414,10500,True,11.414262056350708,11.357985000000554
sparse,24,3024,free,flow,8,sigma,0.18540043862158,0.2,-7.299780689209972,-179.830218630404,2944.906257158414,10500,True,11.414262056350708,11.357985000000554
sparse,24,3024,free,flow,64,CL,3.0233727659280145,3.0,0.7790921976004839,-1908.5580732546773,1.927761293318783,11750,True,47.12237000465393,46.865710000000036
sparse,24,3024,free,flow,64,V,31.64610030536234,30.0,5.487001017874462,-1908.5580732546773,1.927761293318783,11750,True,47.12237000465393,46.865710000000036
sparse,24,3024,free,flow,64,ka,1.2035024177213762,1.2,0.2918681434480227,-1908.5580732546773,1.927761293318783,11750,True,47.12237000465393,46.865710000000036
sparse,24,3024,free,flow,64,om_CL,0.3238921750735742,0.3,7.964058357858092,-1908.5580732546773,1.927761293318783,11750,True,47.12237000465393,46.865710000000036
sparse,24,3024,free,flow,64,om_V,0.217299113130555,0.2,8.649556565277521,-1908.5580732546773,1.927761293318783,11750,True,47.12237000465393,46.865710000000036
sparse,24,3024,free,flow,64,om_ka,0.4267128130771672,0.4,6.678203269291791,-1908.5580732546773,1.927761293318783,11750,True,47.12237000465393,46.865710000000036
sparse,24,3024,free,flow,64,sigma,0.1842454994044387,0.2,-7.877250297780649,-1908.5580732546773,1.927761293318783,11750,True,47.12237000465393,46.865710000000036
sparse,25,3025,free,flow,1,CL,2.937718858759162,3.0,-2.076038041361272,-186.70487964383335,3910.0250567682215,6500,True,25.27079486846924,25.144562999999835
sparse,25,3025,free,flow,1,V,29.613410446769343,30.0,-1.288631844102189,-186.70487964383335,3910.0250567682215,6500,True,25.27079486846924,25.144562999999835
sparse,25,3025,free,flow,1,ka,1.1088225416121156,1.2,-7.598121532323698,-186.70487964383335,3910.0250567682215,6500,True,25.27079486846924,25.144562999999835
sparse,25,3025,free,flow,1,om_CL,0.2827172610912732,0.3,-5.760912969575593,-186.70487964383335,3910.0250567682215,6500,True,25.27079486846924,25.144562999999835
sparse,25,3025,free,flow,1,om_V,0.2117993638184118,0.2,5.899681909205895,-186.70487964383335,3910.0250567682215,6500,True,25.27079486846924,25.144562999999835
sparse,25,3025,free,flow,1,om_ka,0.2295081262228526,0.4,-42.62296844428684,-186.70487964383335,3910.0250567682215,6500,True,25.27079486846924,25.144562999999835
sparse,25,3025,free,flow,1,sigma,0.2363931661850994,0.2,18.196583092549737,-186.70487964383335,3910.0250567682215,6500,True,25.27079486846924,25.144562999999835
sparse,25,3025,free,flow,8,CL,2.913441998733616,3.0,-2.8852667088794672,-186.6014928105125,3086.10586877373,13500,True,14.633187055587769,14.55653799999982
sparse,25,3025,free,flow,8,V,29.52302847047701,30.0,-1.5899050984099716,-186.6014928105125,3086.10586877373,13500,True,14.633187055587769,14.55653799999982
sparse,25,3025,free,flow,8,ka,1.128685304827904,1.2,-5.942891264341332,-186.6014928105125,3086.10586877373,13500,True,14.633187055587769,14.55653799999982
sparse,25,3025,free,flow,8,om_CL,0.2810678857499946,0.3,-6.310704750001802,-186.6014928105125,3086.10586877373,13500,True,14.633187055587769,14.55653799999982
sparse,25,3025,free,flow,8,om_V,0.2112119435223383,0.2,5.605971761169142,-186.6014928105125,3086.10586877373,13500,True,14.633187055587769,14.55653799999982
sparse,25,3025,free,flow,8,om_ka,0.2336902690561452,0.4,-41.577432735963704,-186.6014928105125,3086.10586877373,13500,True,14.633187055587769,14.55653799999982
sparse,25,3025,free,flow,8,sigma,0.2306261508234464,0.2,15.313075411723233,-186.6014928105125,3086.10586877373,13500,True,14.633187055587769,14.55653799999982
sparse,25,3025,free,flow,64,CL,2.926110189965143,3.0,-2.4629936678285613,-186.34741296909948,2815.248241650271,10000,True,39.1544771194458,38.01641100000052
sparse,25,3025,free,flow,64,V,29.115351545852985,30.0,-2.9488281804900516,-186.34741296909948,2815.248241650271,10000,True,39.1544771194458,38.01641100000052
sparse,25,3025,free,flow,64,ka,1.130082053301434,1.2,-5.826495558213833,-186.34741296909948,2815.248241650271,10000,True,39.1544771194458,38.01641100000052
sparse,25,3025,free,flow,64,om_CL,0.2885927059036069,0.3,-3.802431365464339,-186.34741296909948,2815.248241650271,10000,True,39.1544771194458,38.01641100000052
sparse,25,3025,free,flow,64,om_V,0.2169530233249298,0.2,8.476511662464894,-186.34741296909948,2815.248241650271,10000,True,39.1544771194458,38.01641100000052
sparse,25,3025,free,flow,64,om_ka,0.3086866184884877,0.4,-22.828345377878072,-186.34741296909948,2815.248241650271,10000,True,39.1544771194458,38.01641100000052
sparse,25,3025,free,flow,64,sigma,0.2198660451237871,0.2,9.93302256189356,-186.34741296909948,2815.248241650271,10000,True,39.1544771194458,38.01641100000052
sparse,26,3026,free,flow,1,CL,3.004395688071489,3.0,0.1465229357162941,-176.17525603298876,3617.977813429413,12500,True,91.41463923454285,45.8752199999999
sparse,26,3026,free,flow,1,V,28.388008581786696,30.0,-5.37330472737768,-176.17525603298876,3617.977813429413,12500,True,91.41463923454285,45.8752199999999
sparse,26,3026,free,flow,1,ka,1.1867572978520962,1.2,-1.1035585123253164,-176.17525603298876,3617.977813429413,12500,True,91.41463923454285,45.8752199999999
sparse,26,3026,free,flow,1,om_CL,0.2759104759423109,0.3,-8.029841352563016,-176.17525603298876,3617.977813429413,12500,True,91.41463923454285,45.8752199999999
sparse,26,3026,free,flow,1,om_V,0.1768495511069467,0.2,-11.57522444652663,-176.17525603298876,3617.977813429413,12500,True,91.41463923454285,45.8752199999999
sparse,26,3026,free,flow,1,om_ka,0.3182900560024624,0.4,-20.427485999384388,-176.17525603298876,3617.977813429413,12500,True,91.41463923454285,45.8752199999999
sparse,26,3026,free,flow,1,sigma,0.2241816075381738,0.2,12.090803769086902,-176.17525603298876,3617.977813429413,12500,True,91.41463923454285,45.8752199999999
sparse,26,3026,free,flow,8,CL,2.9277446756604544,3.0,-2.4085108113181875,-175.41035087150553,3105.303112724361,16250,True,16.62218999862671,16.617236000000048
sparse,26,3026,free,flow,8,V,28.546852264521046,30.0,-4.843825784929845,-175.41035087150553,3105.303112724361,16250,True,16.62218999862671,16.617236000000048
sparse,26,3026,free,flow,8,ka,1.2119900269060295,1.2,0.9991689088357976,-175.41035087150553,3105.303112724361,16250,True,16.62218999862671,16.617236000000048
sparse,26,3026,free,flow,8,om_CL,0.2829659364405785,0.3,-5.678021186473814,-175.41035087150553,3105.303112724361,16250,True,16.62218999862671,16.617236000000048
sparse,26,3026,free,flow,8,om_V,0.1851760408571415,0.2,-7.41197957142925,-175.41035087150553,3105.303112724361,16250,True,16.62218999862671,16.617236000000048
sparse,26,3026,free,flow,8,om_ka,0.3777297349074259,0.4,-5.567566273143518,-175.41035087150553,3105.303112724361,16250,True,16.62218999862671,16.617236000000048
sparse,26,3026,free,flow,8,sigma,0.2081348867028858,0.2,4.06744335144292,-175.41035087150553,3105.303112724361,16250,True,16.62218999862671,16.617236000000048
sparse,26,3026,free,flow,64,CL,2.9603770625904615,3.0,-1.3207645803179495,-175.3524843198631,2524.378620131634,15500,True,116.6018738746643,61.538392999999814
sparse,26,3026,free,flow,64,V,28.263373768609263,30.0,-5.78875410463579,-175.3524843198631,2524.378620131634,15500,True,116.6018738746643,61.538392999999814
sparse,26,3026,free,flow,64,ka,1.2183291953761783,1.2,1.5274329480148656,-175.3524843198631,2524.378620131634,15500,True,116.6018738746643,61.538392999999814
sparse,26,3026,free,flow,64,om_CL,0.2808206468070371,0.3,-6.3931177309876075,-175.3524843198631,2524.378620131634,15500,True,116.6018738746643,61.538392999999814
sparse,26,3026,free,flow,64,om_V,0.1787275418223796,0.2,-10.636229088810207,-175.3524843198631,2524.378620131634,15500,True,116.6018738746643,61.538392999999814
sparse,26,3026,free,flow,64,om_ka,0.4098706039487314,0.4,2.467650987182851,-175.3524843198631,2524.378620131634,15500,True,116.6018738746643,61.538392999999814
sparse,26,3026,free,flow,64,sigma,0.2061335490123824,0.2,3.0667745061912357,-175.3524843198631,2524.378620131634,15500,True,116.6018738746643,61.538392999999814
sparse,27,3027,free,flow,1,CL,3.116465780828456,3.0,3.882192694281864,-200.1541900618065,3709.3799499877855,6500,True,25.25857090950012,25.135284999999385
sparse,27,3027,free,flow,1,V,29.221347857672363,30.0,-2.595507141092123,-200.1541900618065,3709.3799499877855,6500,True,25.25857090950012,25.135284999999385
sparse,27,3027,free,flow,1,ka,1.2581873157453902,1.2,4.848942978782523,-200.1541900618065,3709.3799499877855,6500,True,25.25857090950012,25.135284999999385
sparse,27,3027,free,flow,1,om_CL,0.2812101018544922,0.3,-6.263299381835915,-200.1541900618065,3709.3799499877855,6500,True,25.25857090950012,25.135284999999385
sparse,27,3027,free,flow,1,om_V,0.197218705635186,0.2,-1.3906471824069733,-200.1541900618065,3709.3799499877855,6500,True,25.25857090950012,25.135284999999385
sparse,27,3027,free,flow,1,om_ka,0.4413020572234364,0.4,10.325514305859109,-200.1541900618065,3709.3799499877855,6500,True,25.25857090950012,25.135284999999385
sparse,27,3027,free,flow,1,sigma,0.2287417104595608,0.2,14.370855229780432,-200.1541900618065,3709.3799499877855,6500,True,25.25857090950012,25.135284999999385
sparse,27,3027,free,flow,8,CL,3.090801018020288,3.0,3.026700600676261,-199.74523922426596,3299.6867966536465,9250,True,10.04992413520813,10.001240999999936
sparse,27,3027,free,flow,8,V,29.166545629704583,30.0,-2.778181234318057,-199.74523922426596,3299.6867966536465,9250,True,10.04992413520813,10.001240999999936
sparse,27,3027,free,flow,8,ka,1.2870244523101126,1.2,7.25203769250939,-199.74523922426596,3299.6867966536465,9250,True,10.04992413520813,10.001240999999936
sparse,27,3027,free,flow,8,om_CL,0.2795151998772079,0.3,-6.82826670759736,-199.74523922426596,3299.6867966536465,9250,True,10.04992413520813,10.001240999999936
sparse,27,3027,free,flow,8,om_V,0.2018523620323434,0.2,0.926181016171701,-199.74523922426596,3299.6867966536465,9250,True,10.04992413520813,10.001240999999936
sparse,27,3027,free,flow,8,om_ka,0.5024741710620391,0.4,25.61854276550976,-199.74523922426596,3299.6867966536465,9250,True,10.04992413520813,10.001240999999936
sparse,27,3027,free,flow,8,sigma,0.2099090914419451,0.2,4.954545720972564,-199.74523922426596,3299.6867966536465,9250,True,10.04992413520813,10.001240999999936
sparse,27,3027,free,flow,64,CL,3.1853325972275908,3.0,6.177753240919692,-200.35333137277928,1152.3564275414951,8750,True,35.09023475646973,34.91770799999995
sparse,27,3027,free,flow,64,V,28.59371662682289,30.0,-4.687611243923702,-200.35333137277928,1152.3564275414951,8750,True,35.09023475646973,34.91770799999995
sparse,27,3027,free,flow,64,ka,1.2800001879486769,1.2,6.66668232905641,-200.35333137277928,1152.3564275414951,8750,True,35.09023475646973,34.91770799999995
sparse,27,3027,free,flow,64,om_CL,0.2811331753778362,0.3,-6.2889415407212566,-200.35333137277928,1152.3564275414951,8750,True,35.09023475646973,34.91770799999995
sparse,27,3027,free,flow,64,om_V,0.20462144033221,0.2,2.3107201661050207,-200.35333137277928,1152.3564275414951,8750,True,35.09023475646973,34.91770799999995
sparse,27,3027,free,flow,64,om_ka,0.5071767089280413,0.4,26.79417723201033,-200.35333137277928,1152.3564275414951,8750,True,35.09023475646973,34.91770799999995
sparse,27,3027,free,flow,64,sigma,0.2158044372080074,0.2,7.902218604003696,-200.35333137277928,1152.3564275414951,8750,True,35.09023475646973,34.91770799999995
sparse,28,3028,free,flow,1,CL,3.0727932672651375,3.0,2.4264422421712486,-170.639533402008,3816.2472702858936,6750,True,26.183547735214233,26.06079500000033
sparse,28,3028,free,flow,1,V,29.7328212494242,30.0,-0.8905958352526611,-170.639533402008,3816.2472702858936,6750,True,26.183547735214233,26.06079500000033
sparse,28,3028,free,flow,1,ka,1.1835299188539223,1.2,-1.372506762173135,-170.639533402008,3816.2472702858936,6750,True,26.183547735214233,26.06079500000033
sparse,28,3028,free,flow,1,om_CL,0.3180497137216491,0.3,6.016571240549718,-170.639533402008,3816.2472702858936,6750,True,26.183547735214233,26.06079500000033
sparse,28,3028,free,flow,1,om_V,0.1934575526199111,0.2,-3.271223690044456,-170.639533402008,3816.2472702858936,6750,True,26.183547735214233,26.06079500000033
sparse,28,3028,free,flow,1,om_ka,0.2383682405488959,0.4,-40.40793986277601,-170.639533402008,3816.2472702858936,6750,True,26.183547735214233,26.06079500000033
sparse,28,3028,free,flow,1,sigma,0.2005823711984597,0.2,0.2911855992298595,-170.639533402008,3816.2472702858936,6750,True,26.183547735214233,26.06079500000033
sparse,28,3028,free,flow,8,CL,3.027447225955536,3.0,0.914907531851202,-171.17738961465523,3031.5306758893853,6250,True,6.8290441036224365,6.7974700000004304
sparse,28,3028,free,flow,8,V,29.942394373477775,30.0,-0.1920187550740829,-171.17738961465523,3031.5306758893853,6250,True,6.8290441036224365,6.7974700000004304
sparse,28,3028,free,flow,8,ka,1.213455148258476,1.2,1.1212623548730132,-171.17738961465523,3031.5306758893853,6250,True,6.8290441036224365,6.7974700000004304
sparse,28,3028,free,flow,8,om_CL,0.3144297615836627,0.3,4.8099205278875905,-171.17738961465523,3031.5306758893853,6250,True,6.8290441036224365,6.7974700000004304
sparse,28,3028,free,flow,8,om_V,0.1843309173010528,0.2,-7.834541349473576,-171.17738961465523,3031.5306758893853,6250,True,6.8290441036224365,6.7974700000004304
sparse,28,3028,free,flow,8,om_ka,0.2080395703465578,0.4,-47.99010741336053,-171.17738961465523,3031.5306758893853,6250,True,6.8290441036224365,6.7974700000004304
sparse,28,3028,free,flow,8,sigma,0.2066948315473863,0.2,3.3474157736931436,-171.17738961465523,3031.5306758893853,6250,True,6.8290441036224365,6.7974700000004304
sparse,28,3028,free,flow,64,CL,3.036589066757038,3.0,1.2196355585679293,-170.5218018040154,1961.515970406083,13000,True,52.000442028045654,51.70419799999945
sparse,28,3028,free,flow,64,V,29.81408271784253,30.0,-0.6197242738582295,-170.5218018040154,1961.515970406083,13000,True,52.000442028045654,51.70419799999945
sparse,28,3028,free,flow,64,ka,1.1930660263488602,1.2,-0.5778311375949826,-170.5218018040154,1961.515970406083,13000,True,52.000442028045654,51.70419799999945
sparse,28,3028,free,flow,64,om_CL,0.3187050339147986,0.3,6.235011304932869,-170.5218018040154,1961.515970406083,13000,True,52.000442028045654,51.70419799999945
sparse,28,3028,free,flow,64,om_V,0.2023607902651185,0.2,1.180395132559242,-170.5218018040154,1961.515970406083,13000,True,52.000442028045654,51.70419799999945
sparse,28,3028,free,flow,64,om_ka,0.3048520922447856,0.4,-23.78697693880359,-170.5218018040154,1961.515970406083,13000,True,52.000442028045654,51.70419799999945
sparse,28,3028,free,flow,64,sigma,0.1889350946074259,0.2,-5.532452696287049,-170.5218018040154,1961.515970406083,13000,True,52.000442028045654,51.70419799999945
sparse,29,3029,free,flow,1,CL,3.119866447092039,3.0,3.9955482364012993,-181.15244847556937,3797.435869361572,5000,True,19.43380832672119,19.34154200000012
sparse,29,3029,free,flow,1,V,30.707916470692822,30.0,2.359721568976075,-181.15244847556937,3797.435869361572,5000,True,19.43380832672119,19.34154200000012
sparse,29,3029,free,flow,1,ka,1.270195773990993,1.2,5.8496478325827574,-181.15244847556937,3797.435869361572,5000,True,19.43380832672119,19.34154200000012
sparse,29,3029,free,flow,1,om_CL,0.2851285987516759,0.3,-4.957133749441364,-181.15244847556937,3797.435869361572,5000,True,19.43380832672119,19.34154200000012
sparse,29,3029,free,flow,1,om_V,0.2085582168255692,0.2,4.279108412784602,-181.15244847556937,3797.435869361572,5000,True,19.43380832672119,19.34154200000012
sparse,29,3029,free,flow,1,om_ka,0.2808303326992656,0.4,-29.792416825183604,-181.15244847556937,3797.435869361572,5000,True,19.43380832672119,19.34154200000012
sparse,29,3029,free,flow,1,sigma,0.2245030215328382,0.2,12.251510766419086,-181.15244847556937,3797.435869361572,5000,True,19.43380832672119,19.34154200000012
sparse,29,3029,free,flow,8,CL,3.0744727289039036,3.0,2.482424296796785,-181.95083322298407,2444.2182993021224,19750,True,21.27930378913879,21.16044199999942
sparse,29,3029,free,flow,8,V,30.887545621035752,30.0,2.9584854034525065,-181.95083322298407,2444.2182993021224,19750,True,21.27930378913879,21.16044199999942
sparse,29,3029,free,flow,8,ka,1.2602656456815045,1.2,5.022137140125375,-181.95083322298407,2444.2182993021224,19750,True,21.27930378913879,21.16044199999942
sparse,29,3029,free,flow,8,om_CL,0.2810077283791182,0.3,-6.33075720696058,-181.95083322298407,2444.2182993021224,19750,True,21.27930378913879,21.16044199999942
sparse,29,3029,free,flow,8,om_V,0.2138871957089272,0.2,6.943597854463621,-181.95083322298407,2444.2182993021224,19750,True,21.27930378913879,21.16044199999942
sparse,29,3029,free,flow,8,om_ka,0.2097614351194942,0.4,-47.55964122012644,-181.95083322298407,2444.2182993021224,19750,True,21.27930378913879,21.16044199999942
sparse,29,3029,free,flow,8,sigma,0.2293818793002899,0.2,14.690939650144964,-181.95083322298407,2444.2182993021224,19750,True,21.27930378913879,21.16044199999942
sparse,29,3029,free,flow,64,CL,3.10464947348328,3.0,3.488315782775997,-180.9055957790891,2908.1115020007283,2500,True,10.112912893295288,10.064656999999896
sparse,29,3029,free,flow,64,V,30.5410023029638,30.0,1.803341009879335,-180.9055957790891,2908.1115020007283,2500,True,10.112912893295288,10.064656999999896
sparse,29,3029,free,flow,64,ka,1.24694268753049,1.2,3.9118906275408447,-180.9055957790891,2908.1115020007283,2500,True,10.112912893295288,10.064656999999896
sparse,29,3029,free,flow,64,om_CL,0.2860131692016106,0.3,-4.662276932796454,-180.9055957790891,2908.1115020007283,2500,True,10.112912893295288,10.064656999999896
sparse,29,3029,free,flow,64,om_V,0.2056080903500268,0.2,2.8040451750134254,-180.9055957790891,2908.1115020007283,2500,True,10.112912893295288,10.064656999999896
sparse,29,3029,free,flow,64,om_ka,0.3196067440748086,0.4,-20.09831398129784,-180.9055957790891,2908.1115020007283,2500,True,10.112912893295288,10.064656999999896
sparse,29,3029,free,flow,64,sigma,0.2142787977248259,0.2,7.13939886241298,-180.9055957790891,2908.1115020007283,2500,True,10.112912893295288,10.064656999999896
